file,box_id,confidence,is_tp,llm_verdict
200004.jpg,0,0.8545868992805481,True,VALID
200004.jpg,1,0.8405047655105591,True,VALID
190408.jpg,0,0.8869036436080933,True,VALID
190408.jpg,1,0.8485448360443115,True,VALID
190408.jpg,2,0.7354723215103149,True,VALID
190414.jpg,0,0.8535287976264954,True,VALID
230079.jpg,0,0.8602893948554993,True,VALID
230079.jpg,1,0.6736864447593689,True,VALID
260493.jpg,0,0.8793506026268005,True,VALID
230235.jpg,0,0.8588655591011047,True,VALID
230235.jpg,1,0.5911930203437805,True,FALSE_POSITIVE
230111.jpg,0,0.8808576464653015,True,VALID
210388.jpg,0,0.815131664276123,True,VALID
240249.jpg,0,0.8416436910629272,True,VALID
230263.jpg,0,0.8682746291160583,True,VALID
230263.jpg,1,0.7600529193878174,True,VALID
240342.jpg,0,0.7255381345748901,True,VALID
240342.jpg,1,0.7149325609207153,True,VALID
240342.jpg,2,0.7106998562812805,True,VALID
240342.jpg,3,,,
190159.jpg,0,0.8589311838150024,True,VALID
190159.jpg,1,0.8180432319641113,True,VALID
210341.jpg,0,0.6974974274635315,True,VALID
210341.jpg,1,0.3607884347438812,True,FALSE_POSITIVE
210341.jpg,2,,,
220059.jpg,0,0.8732590079307556,True,VALID
220059.jpg,1,0.7687668204307556,False,VALID
220059.jpg,2,0.6941042542457581,False,VALID
220371.jpg,0,0.7752026915550232,True,VALID
220371.jpg,1,0.7204704284667969,True,VALID
260534.jpg,0,0.8609665632247925,True,VALID
240024.jpg,0,0.818023145198822,True,VALID
240024.jpg,1,,,
190075.jpg,0,0.8657453060150146,True,VALID
190075.jpg,1,0.8565247654914856,True,VALID
200084.jpg,0,0.8382009863853455,True,VALID
200084.jpg,1,0.8337538838386536,True,VALID
200084.jpg,2,0.802901566028595,True,VALID
200046.jpg,0,0.8406823873519897,True,VALID
200046.jpg,1,0.801902174949646,True,VALID
200151.jpg,0,0.859894871711731,True,VALID
200151.jpg,1,0.8153620362281799,True,VALID
200151.jpg,2,0.8147520422935486,True,VALID
200151.jpg,3,0.8031787872314453,True,VALID
200151.jpg,4,0.7696084380149841,True,VALID
260458.jpg,0,0.8499811291694641,True,VALID
260458.jpg,1,0.8476197719573975,True,VALID
260458.jpg,2,0.8223283886909485,True,VALID
260458.jpg,3,0.7963681221008301,True,VALID
230400.jpg,0,0.8262057900428772,True,VALID
230400.jpg,1,,,
220287.jpg,0,0.8414708971977234,True,VALID
220287.jpg,1,0.8289838433265686,True,VALID
220287.jpg,2,0.8232240676879883,True,VALID
220287.jpg,3,0.6839019060134888,True,VALID
220036.jpg,0,0.8470020890235901,True,VALID
220036.jpg,1,,,
190256.jpg,0,0.8868343830108643,True,VALID
190256.jpg,1,0.848335862159729,True,VALID
190256.jpg,2,0.8482028841972351,True,VALID
190256.jpg,3,0.8406290411949158,True,VALID
190256.jpg,4,0.815634548664093,True,VALID
220067.jpg,0,0.7325825095176697,True,VALID
220067.jpg,1,0.603308916091919,True,VALID
260063.jpg,0,0.8424242734909058,True,VALID
190677.jpg,0,0.8554084300994873,True,VALID
190677.jpg,1,0.8473263382911682,True,VALID
190677.jpg,2,0.8333167433738708,True,VALID
260222.jpg,0,0.513751745223999,True,FALSE_POSITIVE
240458.jpg,0,0.8726361989974976,True,VALID
240458.jpg,1,0.807587206363678,True,VALID
240458.jpg,2,0.5253865122795105,True,FALSE_POSITIVE
210090.jpg,0,0.8705426454544067,True,VALID
210090.jpg,1,0.8501706123352051,True,VALID
210090.jpg,2,0.7889065146446228,True,VALID
210090.jpg,3,0.4942386746406555,True,VALID
210313.jpg,0,0.7940964698791504,True,VALID
210313.jpg,1,0.6705545783042908,True,VALID
210313.jpg,2,0.6572259068489075,True,VALID
210313.jpg,3,0.3830709159374237,True,VALID
240247.jpg,0,0.7658501863479614,True,VALID
240247.jpg,1,0.5848761200904846,True,VALID
210227.jpg,0,0.7198838591575623,True,VALID
210227.jpg,1,0.4078884720802307,True,VALID
200095.jpg,0,0.8089265823364258,True,VALID
240394.jpg,0,0.8466599583625793,True,VALID
240394.jpg,1,0.8060640096664429,True,VALID
240394.jpg,2,0.5350647568702698,False,FALSE_POSITIVE
240394.jpg,3,,,
190348.jpg,0,0.8202033638954163,True,VALID
190348.jpg,1,0.7417887449264526,True,VALID
240462.jpg,0,0.7298884391784668,True,VALID
240462.jpg,1,0.4294889569282532,True,VALID
240462.jpg,2,0.31143462657928467,False,VALID
240462.jpg,3,,,
200316.jpg,0,0.8644368052482605,True,VALID
200316.jpg,1,0.5796312093734741,True,VALID
230097.jpg,0,0.8102772831916809,True,VALID
230097.jpg,1,0.46372637152671814,True,VALID
190366.jpg,0,0.8766418099403381,True,VALID
200121.jpg,0,0.8461616635322571,True,VALID
200121.jpg,1,0.8067619204521179,True,VALID
240162.jpg,0,0.6590979695320129,True,VALID
260464.jpg,0,0.8373632431030273,True,VALID
260464.jpg,1,0.7263052463531494,True,VALID
260464.jpg,2,0.36359313130378723,False,VALID
210244.jpg,0,0.8152301907539368,True,VALID
210244.jpg,1,0.7983864545822144,True,VALID
230358.jpg,0,0.8481866717338562,True,VALID
230358.jpg,1,0.7212796807289124,True,VALID
230358.jpg,2,0.46617674827575684,True,VALID
190632.jpg,0,0.8635935187339783,True,VALID
220370.jpg,0,0.8415674567222595,True,VALID
260443.jpg,0,,,
260443.jpg,1,,,
260530.jpg,0,0.8581965565681458,True,VALID
260105.jpg,0,0.6406522989273071,False,VALID
260105.jpg,1,0.5514497756958008,False,VALID
260105.jpg,2,0.4972210228443146,True,VALID
260105.jpg,3,,,
260105.jpg,4,,,
260105.jpg,5,,,
260105.jpg,6,,,
220377.jpg,0,0.845031201839447,True,VALID
220193.jpg,0,0.8601483702659607,True,VALID
220193.jpg,1,0.8455827832221985,True,VALID
220193.jpg,2,0.7884965538978577,True,VALID
220193.jpg,3,,,
190023.jpg,0,0.8811436295509338,True,VALID
260110.jpg,0,0.4748407006263733,True,FALSE_POSITIVE
260110.jpg,1,,,
210040.jpg,0,0.7763252854347229,True,VALID
210040.jpg,1,0.7322813868522644,True,VALID
210040.jpg,2,0.40169915556907654,True,UNCERTAIN
210040.jpg,3,0.29477840662002563,True,UNCERTAIN
220167.jpg,0,0.8167529106140137,True,VALID
220167.jpg,1,0.7782690525054932,True,VALID
220167.jpg,2,0.6180463433265686,True,VALID
260297.jpg,0,0.8531172275543213,True,VALID
260297.jpg,1,,,
260416.jpg,0,0.8381518721580505,True,VALID
260416.jpg,1,0.719264805316925,False,FALSE_POSITIVE
240071.jpg,0,0.7596827149391174,True,VALID
240071.jpg,1,0.7553721070289612,True,VALID
240071.jpg,2,0.4082479476928711,True,VALID
210146.jpg,0,0.7450655698776245,True,VALID
210058.jpg,0,0.8157966732978821,True,VALID
210058.jpg,1,0.8060243129730225,True,VALID
210058.jpg,2,0.8022158741950989,True,VALID
210058.jpg,3,0.7993231415748596,True,VALID
210058.jpg,4,0.47694435715675354,False,VALID
210058.jpg,5,0.4341815412044525,True,FALSE_POSITIVE
210058.jpg,6,0.37426260113716125,True,VALID
210058.jpg,7,0.34119611978530884,True,FALSE_POSITIVE
210058.jpg,8,,,
210058.jpg,9,,,
190324.jpg,0,0.8428944945335388,True,VALID
190324.jpg,1,0.8221973180770874,True,VALID
190324.jpg,2,0.8219640254974365,True,VALID
190324.jpg,3,0.756269633769989,True,VALID
230068.jpg,0,0.8130638003349304,True,VALID
230068.jpg,1,0.367507666349411,True,UNCERTAIN
200300.jpg,0,0.8263368606567383,True,VALID
200300.jpg,1,0.7904981374740601,True,VALID
200300.jpg,2,0.7589787840843201,True,VALID
200300.jpg,3,0.749829113483429,True,VALID
220124.jpg,0,0.8511090278625488,True,VALID
220124.jpg,1,0.42346620559692383,True,FALSE_POSITIVE
240437.jpg,0,0.7340219616889954,True,VALID
210287.jpg,0,0.8629279732704163,True,VALID
190180.jpg,0,0.869352400302887,True,VALID
190180.jpg,1,0.8672146201133728,True,VALID
190180.jpg,2,0.8154578804969788,True,VALID
190180.jpg,3,0.8082975149154663,True,VALID
240132.jpg,0,0.8563758134841919,True,VALID
240132.jpg,1,0.5933448076248169,False,VALID
220264.jpg,0,0.8190293312072754,True,VALID
220264.jpg,1,0.8168530464172363,True,VALID
260166.jpg,0,0.8411591649055481,True,VALID
260166.jpg,1,0.8305326104164124,True,VALID
260294.jpg,0,0.8233759999275208,True,VALID
260294.jpg,1,0.7750985026359558,True,VALID
260294.jpg,2,0.48074764013290405,True,VALID
200186.jpg,0,0.8621309995651245,True,VALID
200186.jpg,1,0.8536192774772644,True,VALID
200186.jpg,2,0.8091219067573547,True,VALID
200186.jpg,3,0.5577674508094788,True,FALSE_POSITIVE
210345.jpg,0,0.8286613821983337,True,VALID
210345.jpg,1,0.8098308444023132,True,VALID
210345.jpg,2,0.7966804504394531,True,VALID
210345.jpg,3,0.7841700911521912,True,VALID
190631.jpg,0,0.8720974922180176,True,VALID
190631.jpg,1,0.8573395609855652,True,VALID
190631.jpg,2,0.828599750995636,True,VALID
240370.jpg,0,0.6947762966156006,True,VALID
240370.jpg,1,0.5930397510528564,True,VALID
230116.jpg,0,0.8346015810966492,True,VALID
230116.jpg,1,0.8341551423072815,True,VALID
230116.jpg,2,0.8327999114990234,True,VALID
230116.jpg,3,0.6914794445037842,True,VALID
230116.jpg,4,0.5422177314758301,True,VALID
260074.jpg,0,0.7690849304199219,True,VALID
260074.jpg,1,0.7406316995620728,True,VALID
260074.jpg,2,0.7269737124443054,True,VALID
210256.jpg,0,0.8341604471206665,True,VALID
210256.jpg,1,0.7850325107574463,True,VALID
210256.jpg,2,0.7382992506027222,True,VALID
210256.jpg,3,0.7167279124259949,True,VALID
210256.jpg,4,0.6873761415481567,True,VALID
210256.jpg,5,0.5641091465950012,True,VALID
210256.jpg,6,0.48265525698661804,True,VALID
230412.jpg,0,0.8461353778839111,True,VALID
220107.jpg,0,0.8272855877876282,True,VALID
220107.jpg,1,0.7940188050270081,True,VALID
220107.jpg,2,,,
240004.jpg,0,0.5267021656036377,True,VALID
240004.jpg,1,,,
240004.jpg,2,,,
240004.jpg,3,,,
260424.jpg,0,0.6667265295982361,True,VALID
260218.jpg,0,0.8598308563232422,True,VALID
260218.jpg,1,0.8419245481491089,True,VALID
260218.jpg,2,0.7276454567909241,True,VALID
190175.jpg,0,0.8680509924888611,True,VALID
190175.jpg,1,0.8050239682197571,True,VALID
190175.jpg,2,0.7433022856712341,True,VALID
210268.jpg,0,0.8180539011955261,True,VALID
210268.jpg,1,0.7302148938179016,True,VALID
210268.jpg,2,0.34076911211013794,True,FALSE_POSITIVE
230238.jpg,0,0.8557180762290955,True,VALID
230238.jpg,1,0.8160176873207092,True,VALID
230316.jpg,0,0.8531765341758728,True,VALID
230316.jpg,1,0.8484151363372803,True,VALID
230316.jpg,2,0.7617418766021729,True,VALID
220054.jpg,0,0.8567931652069092,True,VALID
220054.jpg,1,0.8493793606758118,True,VALID
220054.jpg,2,0.8414914608001709,True,VALID
220054.jpg,3,0.8371722102165222,True,VALID
220054.jpg,4,,,
210178.jpg,0,0.8270976543426514,True,VALID
210178.jpg,1,0.6049954891204834,True,VALID
210178.jpg,2,0.36781418323516846,True,VALID
200180.jpg,0,0.793159008026123,True,VALID
190536.jpg,0,0.8741546869277954,True,VALID
190536.jpg,1,0.849646806716919,True,VALID
190536.jpg,2,0.8329444527626038,True,VALID
190536.jpg,3,0.8118594884872437,True,VALID
190536.jpg,4,0.8021730780601501,True,VALID
190536.jpg,5,0.6652695536613464,True,VALID
190536.jpg,6,0.5934462547302246,True,VALID
260085.jpg,0,0.7861407995223999,True,VALID
260085.jpg,1,0.41401994228363037,True,VALID
190824.jpg,0,0.8666427731513977,True,VALID
190824.jpg,1,0.8655343055725098,True,VALID
230247.jpg,0,0.8753717541694641,True,VALID
230247.jpg,1,0.7834312319755554,True,VALID
230021.jpg,0,0.838719367980957,True,VALID
240449.jpg,0,0.8281857371330261,True,VALID
240449.jpg,1,0.7533663511276245,True,VALID
190704.jpg,0,0.8684030175209045,True,VALID
190704.jpg,1,0.8643396496772766,True,VALID
240376.jpg,0,0.7284027934074402,True,VALID
260522.jpg,0,0.8212120532989502,True,VALID
200067.jpg,0,0.8610060214996338,True,VALID
200067.jpg,1,0.7821562886238098,True,VALID
230339.jpg,0,0.8514493107795715,True,VALID
230339.jpg,1,0.8352077603340149,True,VALID
230339.jpg,2,0.8288263082504272,True,VALID
230339.jpg,3,0.7791293859481812,True,VALID
230339.jpg,4,0.2861974835395813,True,FALSE_POSITIVE
210254.jpg,0,0.8355448842048645,True,VALID
210254.jpg,1,0.8189005851745605,True,VALID
210254.jpg,2,,,
210254.jpg,3,,,
240263.jpg,0,0.8362855315208435,True,VALID
260188.jpg,0,0.8419250845909119,True,VALID
260188.jpg,1,0.8055599331855774,True,VALID
260188.jpg,2,0.7781217098236084,True,VALID
240287.jpg,0,0.8474807143211365,True,VALID
240287.jpg,1,0.8444698452949524,True,VALID
260396.jpg,0,0.8766381144523621,True,VALID
260396.jpg,1,0.8516647219657898,True,VALID
230460.jpg,0,0.8373108506202698,True,VALID
230460.jpg,1,0.7726370692253113,True,VALID
190569.jpg,0,0.8722408413887024,True,VALID
190518.jpg,0,0.8292015194892883,True,VALID
190518.jpg,1,0.8153051733970642,True,VALID
190523.jpg,0,0.8727139830589294,True,VALID
190053.jpg,0,0.8495467305183411,True,VALID
190053.jpg,1,0.8211737275123596,True,VALID
190053.jpg,2,0.8018352389335632,True,VALID
190053.jpg,3,0.7975310683250427,True,VALID
190053.jpg,4,0.7973388433456421,True,VALID
200126.jpg,0,0.7641803622245789,True,VALID
260437.jpg,0,0.850373387336731,True,VALID
260437.jpg,1,0.8490089774131775,True,VALID
190054.jpg,0,0.8754170536994934,True,VALID
190054.jpg,1,0.8638688325881958,True,VALID
190054.jpg,2,0.8061848282814026,True,VALID
190054.jpg,3,0.668300449848175,True,VALID
240354.jpg,0,0.720973551273346,True,VALID
240354.jpg,1,0.6556991338729858,True,VALID
230014.jpg,0,0.8208708167076111,True,VALID
230433.jpg,0,0.8642257452011108,True,VALID
230433.jpg,1,0.7977861166000366,True,VALID
230433.jpg,2,0.7260922789573669,True,VALID
230433.jpg,3,0.5417677760124207,True,FALSE_POSITIVE
190220.jpg,0,0.8530436158180237,True,VALID
260278.jpg,0,0.8558914065361023,True,VALID
260381.jpg,0,0.8662925362586975,True,VALID
260381.jpg,1,0.856163501739502,True,VALID
200077.jpg,0,0.808252215385437,True,VALID
230144.jpg,0,0.853328287601471,True,VALID
230144.jpg,1,0.8059729337692261,True,VALID
220117.jpg,0,0.7881715893745422,True,VALID
220117.jpg,1,0.5434870719909668,True,VALID
190172.jpg,0,0.887507975101471,True,VALID
190172.jpg,1,0.8715250492095947,True,VALID
190172.jpg,2,0.8607593178749084,True,VALID
190172.jpg,3,0.8533332347869873,True,VALID
190172.jpg,4,0.8475745320320129,True,VALID
190172.jpg,5,0.8057735562324524,True,VALID
190172.jpg,6,0.7585535645484924,True,VALID
190172.jpg,7,0.43464982509613037,True,VALID
260068.jpg,0,0.8577870726585388,True,VALID
260068.jpg,1,0.8090261816978455,True,VALID
190193.jpg,0,0.8010069727897644,True,VALID
190471.jpg,0,0.82944655418396,True,VALID
230306.jpg,0,0.6309072375297546,True,VALID
210191.jpg,0,0.8524973392486572,True,VALID
210191.jpg,1,0.8324176669120789,True,VALID
210191.jpg,2,0.8248074054718018,True,VALID
240446.jpg,0,0.7933976650238037,True,VALID
240446.jpg,1,0.7369018197059631,True,VALID
240446.jpg,2,0.7361129522323608,True,VALID
210112.jpg,0,0.835400402545929,True,VALID
210112.jpg,1,0.7747275233268738,True,VALID
210112.jpg,2,0.34074756503105164,True,FALSE_POSITIVE
200279.jpg,0,0.8443785309791565,True,VALID
200279.jpg,1,0.7618224024772644,True,VALID
200279.jpg,2,0.7451760768890381,True,VALID
230310.jpg,0,0.7791375517845154,True,VALID
220084.jpg,0,0.8510768413543701,True,VALID
220084.jpg,1,0.7396190166473389,True,VALID
260089.jpg,0,0.8731723427772522,True,VALID
190413.jpg,0,0.8699381351470947,True,VALID
190413.jpg,1,0.8566314578056335,True,VALID
190413.jpg,2,0.8484077453613281,True,VALID
190413.jpg,3,0.8244825005531311,True,VALID
190413.jpg,4,0.8013553619384766,True,VALID
190413.jpg,5,0.79389488697052,True,VALID
210253.jpg,0,0.821147084236145,True,VALID
260225.jpg,0,0.8872325420379639,True,VALID
260225.jpg,1,0.8561141490936279,True,VALID
260225.jpg,2,0.8337978720664978,True,VALID
260225.jpg,3,0.8180078864097595,True,VALID
200250.jpg,0,0.8280030488967896,True,VALID
200250.jpg,1,0.8258394002914429,True,VALID
230321.jpg,0,0.8693353533744812,True,VALID
230321.jpg,1,0.8525097966194153,True,VALID
230321.jpg,2,0.8471446633338928,True,VALID
230002.jpg,0,0.8120213747024536,True,VALID
230002.jpg,1,0.7714228630065918,True,VALID
230002.jpg,2,0.7518976926803589,True,VALID
230002.jpg,3,0.7202911972999573,True,VALID
230002.jpg,4,0.714324951171875,True,VALID
190001.jpg,0,0.8683687448501587,True,VALID
190001.jpg,1,0.8347299098968506,True,VALID
190089.jpg,0,0.8743531703948975,True,VALID
190089.jpg,1,0.8018882870674133,True,VALID
190089.jpg,2,0.7301604151725769,True,VALID
240347.jpg,0,0.7876366972923279,True,VALID
200122.jpg,0,0.8341487050056458,True,VALID
200122.jpg,1,0.8321707248687744,True,VALID
200122.jpg,2,0.8153256773948669,True,VALID
230092.jpg,0,0.8565047979354858,True,VALID
190479.jpg,0,0.8593483567237854,True,VALID
190479.jpg,1,0.8282344937324524,True,VALID
190479.jpg,2,0.2884409725666046,True,VALID
200148.jpg,0,0.8820158243179321,True,VALID
190565.jpg,0,0.8601593971252441,True,VALID
190565.jpg,1,0.8377578258514404,True,VALID
230034.jpg,0,0.7195131182670593,True,VALID
260164.jpg,0,0.8082134127616882,True,VALID
260164.jpg,1,0.5207536220550537,True,VALID
190720.jpg,0,0.8806489109992981,True,VALID
190720.jpg,1,0.8744770288467407,True,VALID
230428.jpg,0,0.7878018021583557,True,VALID
200107.jpg,0,0.8537641763687134,True,VALID
260388.jpg,0,0.8261662721633911,True,VALID
260388.jpg,1,0.823388397693634,True,VALID
260388.jpg,2,0.8230832815170288,True,VALID
260388.jpg,3,0.5318175554275513,False,FALSE_POSITIVE
260388.jpg,4,0.468157023191452,True,VALID
220286.jpg,0,0.5242562294006348,False,VALID
220286.jpg,1,,,
210031.jpg,0,0.8422110080718994,True,VALID
210031.jpg,1,0.829441249370575,True,VALID
210031.jpg,2,0.8006437420845032,True,VALID
210031.jpg,3,0.6640226244926453,True,FALSE_POSITIVE
210031.jpg,4,,,
210334.jpg,0,0.5474954843521118,True,VALID
230338.jpg,0,0.8555278778076172,True,VALID
240416.jpg,0,0.8009132146835327,True,VALID
240416.jpg,1,0.43108850717544556,True,UNCERTAIN
260160.jpg,0,0.8358359932899475,True,VALID
260160.jpg,1,0.8266705274581909,True,VALID
260160.jpg,2,0.8213784694671631,True,VALID
260160.jpg,3,0.5739135146141052,True,VALID
260160.jpg,4,0.4969327747821808,True,VALID
190559.jpg,0,0.8273019194602966,True,VALID
190559.jpg,1,0.7738029956817627,True,VALID
190559.jpg,2,0.720238983631134,True,VALID
260274.jpg,0,0.8783314228057861,True,VALID
190221.jpg,0,0.8220371603965759,True,VALID
190417.jpg,0,0.852622389793396,True,VALID
190417.jpg,1,0.8469271063804626,True,VALID
190417.jpg,2,0.7282293438911438,True,VALID
190417.jpg,3,0.42450833320617676,True,FALSE_POSITIVE
210413.jpg,0,0.8525676131248474,True,VALID
230399.jpg,0,0.8354136347770691,True,VALID
230399.jpg,1,0.8252167701721191,True,VALID
230399.jpg,2,0.7512527108192444,True,VALID
230399.jpg,3,0.7464017868041992,True,VALID
240457.jpg,0,0.5301781892776489,True,VALID
210267.jpg,0,0.8497255444526672,True,FALSE_POSITIVE
210267.jpg,1,0.8416204452514648,True,VALID
210267.jpg,2,,,
190040.jpg,0,0.8748890161514282,True,VALID
190040.jpg,1,0.8267080783843994,True,VALID
190040.jpg,2,0.8127037882804871,True,VALID
190040.jpg,3,0.7974759340286255,True,VALID
190040.jpg,4,0.5508368015289307,True,VALID
190040.jpg,5,0.5446552634239197,True,VALID
190040.jpg,6,,,
230066.jpg,0,0.8483715653419495,True,VALID
230066.jpg,1,0.793406069278717,True,FALSE_POSITIVE
230066.jpg,2,0.5640604496002197,True,VALID
230124.jpg,0,0.6891199350357056,False,VALID
230124.jpg,1,,,
190050.jpg,0,0.8593770265579224,True,VALID
190050.jpg,1,0.841790497303009,True,VALID
240336.jpg,0,0.7863063812255859,True,VALID
210416.jpg,0,0.8438717126846313,True,VALID
210416.jpg,1,0.8200311660766602,True,VALID
210416.jpg,2,0.8191956281661987,True,VALID
210416.jpg,3,0.794409453868866,True,VALID
230347.jpg,0,0.8482139706611633,True,VALID
230347.jpg,1,0.7385830879211426,False,VALID
230347.jpg,2,,,
240027.jpg,0,0.8449981808662415,True,VALID
240027.jpg,1,0.7692683339118958,True,VALID
200036.jpg,0,0.8631155490875244,True,VALID
200036.jpg,1,0.7986702919006348,True,VALID
230309.jpg,0,0.8196436762809753,True,VALID
260351.jpg,0,0.8558545708656311,True,VALID
260351.jpg,1,,,
260480.jpg,0,0.8517150282859802,True,VALID
260480.jpg,1,0.8222002983093262,True,VALID
260480.jpg,2,0.7816721200942993,True,VALID
200273.jpg,0,0.833196222782135,True,VALID
200273.jpg,1,0.5321545600891113,True,VALID
190404.jpg,0,0.8471912145614624,True,VALID
190404.jpg,1,0.8206462264060974,True,VALID
190404.jpg,2,0.7597661018371582,True,VALID
190404.jpg,3,0.35328447818756104,True,FALSE_POSITIVE
240018.jpg,0,0.8513534069061279,True,VALID
240018.jpg,1,0.5061225295066833,False,FALSE_POSITIVE
240018.jpg,2,,,
190598.jpg,0,0.873036801815033,True,VALID
240262.jpg,0,0.8433377146720886,True,VALID
240262.jpg,1,0.8201056122779846,True,VALID
190204.jpg,0,0.8707616925239563,True,VALID
190204.jpg,1,0.7968699932098389,True,VALID
190139.jpg,0,0.8703358769416809,True,VALID
210168.jpg,0,0.8117067813873291,True,VALID
210168.jpg,1,0.5764458775520325,False,VALID
210168.jpg,2,,,
190166.jpg,0,0.8524277210235596,True,VALID
260117.jpg,0,0.8682947754859924,True,VALID
260117.jpg,1,0.8508408069610596,True,VALID
260117.jpg,2,0.6205124855041504,True,FALSE_POSITIVE
260117.jpg,3,0.3924875855445862,True,FALSE_POSITIVE
260117.jpg,4,0.36984124779701233,True,FALSE_POSITIVE
210060.jpg,0,0.85946124792099,True,VALID
230313.jpg,0,0.8271465301513672,True,VALID
230313.jpg,1,0.8140028715133667,True,VALID
230313.jpg,2,0.6079933643341064,True,VALID
230160.jpg,0,0.8404785394668579,True,VALID
190453.jpg,0,0.8695635199546814,True,VALID
190453.jpg,1,0.8421163558959961,True,VALID
210294.jpg,0,0.8501108288764954,True,VALID
190337.jpg,0,0.8514804244041443,True,VALID
260348.jpg,0,0.8456629514694214,True,VALID
260348.jpg,1,0.8410504460334778,True,VALID
260168.jpg,0,0.8603929877281189,True,FALSE_POSITIVE
190306.jpg,0,0.8641321063041687,True,VALID
190306.jpg,1,0.8620926737785339,True,VALID
190306.jpg,2,0.8242732882499695,True,VALID
190233.jpg,0,0.8804422616958618,True,VALID
190233.jpg,1,0.7846291065216064,True,VALID
260045.jpg,0,0.8382484316825867,True,VALID
190826.jpg,0,0.8621349930763245,True,VALID
190826.jpg,1,0.8283836245536804,True,VALID
190826.jpg,2,0.7739595174789429,True,VALID
260152.jpg,0,0.8450700640678406,True,VALID
260152.jpg,1,0.8351292014122009,True,VALID
210035.jpg,0,0.5204212069511414,True,UNCERTAIN
210035.jpg,1,,,
190498.jpg,0,0.8759593367576599,True,VALID
190498.jpg,1,0.8613057136535645,True,VALID
190498.jpg,2,0.8579389452934265,True,VALID
190498.jpg,3,0.8495440483093262,True,VALID
230427.jpg,0,0.8411900401115417,True,VALID
240327.jpg,0,,,
210241.jpg,0,0.8587774038314819,True,VALID
220343.jpg,0,0.8303067088127136,True,VALID
220343.jpg,1,0.5029944777488708,True,VALID
220343.jpg,2,0.39778900146484375,True,VALID
190716.jpg,0,0.8707258105278015,True,VALID
230282.jpg,0,0.8306951522827148,True,VALID
260468.jpg,0,0.7508471012115479,True,VALID
200134.jpg,0,0.847006618976593,True,VALID
200134.jpg,1,0.7638753056526184,True,VALID
260221.jpg,0,0.8302994966506958,True,VALID
260221.jpg,1,0.7545084357261658,True,VALID
230077.jpg,0,0.8750727772712708,True,VALID
230077.jpg,1,0.8184499144554138,True,VALID
230077.jpg,2,0.6259583234786987,True,VALID
230077.jpg,3,0.5410500168800354,True,VALID
240119.jpg,0,0.8572593927383423,True,VALID
240119.jpg,1,0.7721275091171265,True,VALID
240119.jpg,2,0.6504263281822205,True,FALSE_POSITIVE
240119.jpg,3,0.433354914188385,False,FALSE_POSITIVE
240119.jpg,4,0.284889280796051,True,FALSE_POSITIVE
260169.jpg,0,0.8514145612716675,True,VALID
260169.jpg,1,0.8369724154472351,True,VALID
190687.jpg,0,0.8739110231399536,True,VALID
190687.jpg,1,0.8638207912445068,True,VALID
190687.jpg,2,0.8504899740219116,True,VALID
190687.jpg,3,0.839196503162384,True,VALID
240382.jpg,0,0.8299695253372192,True,VALID
190801.jpg,0,0.8655440807342529,True,VALID
190801.jpg,1,0.8596305847167969,True,VALID
190801.jpg,2,0.8490898013114929,True,VALID
190801.jpg,3,0.8429226875305176,True,VALID
190801.jpg,4,0.8326312303543091,True,VALID
190801.jpg,5,0.8326089978218079,True,VALID
190801.jpg,6,0.8289371728897095,True,VALID
190801.jpg,7,0.7803184390068054,True,VALID
190801.jpg,8,0.5498156547546387,True,VALID
190801.jpg,9,0.301376610994339,False,FALSE_POSITIVE
190825.jpg,0,0.867644727230072,True,VALID
190825.jpg,1,0.8577933311462402,True,VALID
240228.jpg,0,0.8183897733688354,True,VALID
240228.jpg,1,0.5961770415306091,True,VALID
210314.jpg,0,0.8335071802139282,True,VALID
230359.jpg,0,0.8469347357749939,True,VALID
230359.jpg,1,0.8194594383239746,True,VALID
230312.jpg,0,0.8150741457939148,True,VALID
230312.jpg,1,0.5165741443634033,False,FALSE_POSITIVE
190027.jpg,0,0.8686783313751221,True,VALID
190027.jpg,1,0.8623339533805847,True,VALID
190027.jpg,2,0.8488674163818359,True,VALID
260459.jpg,0,0.8585181832313538,True,VALID
260459.jpg,1,0.741722047328949,True,VALID
200093.jpg,0,0.829545259475708,True,VALID
200093.jpg,1,0.8158877491950989,True,VALID
200093.jpg,2,0.8127284646034241,True,VALID
200093.jpg,3,0.3460191786289215,True,VALID
190270.jpg,0,0.8433898091316223,True,VALID
190270.jpg,1,0.7977927327156067,True,VALID
190270.jpg,2,0.6590940952301025,True,VALID
190270.jpg,3,0.6465245485305786,True,VALID
230318.jpg,0,0.8315168619155884,True,VALID
230318.jpg,1,0.7558112740516663,True,VALID
230318.jpg,2,0.7367829084396362,True,VALID
230318.jpg,3,0.6749171018600464,True,VALID
230456.jpg,0,0.6798710823059082,True,VALID
260033.jpg,0,0.8215273022651672,True,VALID
260033.jpg,1,0.7775548100471497,True,VALID
260033.jpg,2,0.6483069658279419,True,VALID
260163.jpg,0,0.8321598172187805,True,VALID
260147.jpg,0,0.8824840784072876,True,VALID
260147.jpg,1,0.8557884693145752,True,VALID
260147.jpg,2,0.8157734274864197,True,VALID
240080.jpg,0,0.7643516659736633,True,VALID
190621.jpg,0,0.8617547154426575,True,VALID
190621.jpg,1,0.8056501150131226,True,VALID
190621.jpg,2,0.7289050817489624,True,VALID
190621.jpg,3,0.6835327744483948,True,VALID
230364.jpg,0,0.8457612991333008,True,VALID
230364.jpg,1,0.8087279200553894,True,VALID
230364.jpg,2,0.7906432151794434,True,VALID
230364.jpg,3,0.7682066559791565,True,VALID
220209.jpg,0,0.859265148639679,True,VALID
220209.jpg,1,0.7622944712638855,True,VALID
220209.jpg,2,0.7511284947395325,True,VALID
240121.jpg,0,0.8337924480438232,True,VALID
210096.jpg,0,0.7644654512405396,True,VALID
210096.jpg,1,0.5925710797309875,True,UNCERTAIN
210096.jpg,2,0.3421277403831482,False,FALSE_POSITIVE
240278.jpg,0,0.8548204898834229,True,VALID
240278.jpg,1,0.8143565058708191,True,VALID
190675.jpg,0,0.8632073998451233,True,VALID
190675.jpg,1,0.8617984056472778,True,VALID
190675.jpg,2,0.8487200140953064,True,VALID
190675.jpg,3,0.7895718812942505,True,FALSE_POSITIVE
260309.jpg,0,0.8383111953735352,True,VALID
230024.jpg,0,0.8520656228065491,True,VALID
230024.jpg,1,,,
230223.jpg,0,0.8427155613899231,True,VALID
230223.jpg,1,0.7587201595306396,True,FALSE_POSITIVE
230404.jpg,0,0.7308329343795776,True,VALID
230404.jpg,1,0.6257352232933044,True,VALID
260174.jpg,0,0.7519056797027588,True,VALID
260174.jpg,1,0.7261269688606262,True,VALID
260174.jpg,2,,,
210140.jpg,0,0.8230577707290649,True,VALID
260153.jpg,0,0.8640406727790833,True,VALID
260170.jpg,0,0.863810122013092,True,VALID
260170.jpg,1,0.669750988483429,True,VALID
230110.jpg,0,0.7471447587013245,True,VALID
230110.jpg,1,0.2833367586135864,True,FALSE_POSITIVE
260238.jpg,0,0.842266857624054,True,VALID
260238.jpg,1,0.5708473920822144,True,VALID
260498.jpg,0,0.8334063291549683,False,VALID
260498.jpg,1,0.819301187992096,True,VALID
260498.jpg,2,0.7793466448783875,True,VALID
260498.jpg,3,,,
260498.jpg,4,,,
210129.jpg,0,0.8574904799461365,True,VALID
210129.jpg,1,0.6538099646568298,True,VALID
210129.jpg,2,0.37044721841812134,True,UNCERTAIN
210129.jpg,3,0.330097496509552,True,UNCERTAIN
210129.jpg,4,,,
230201.jpg,0,0.8672516942024231,True,VALID
200111.jpg,0,0.8079897165298462,True,VALID
200111.jpg,1,0.7327969670295715,True,VALID
200048.jpg,0,0.8183284997940063,True,VALID
200048.jpg,1,0.8124851584434509,True,VALID
200048.jpg,2,0.8042439818382263,True,VALID
200230.jpg,0,0.8616703152656555,True,VALID
200230.jpg,1,0.4966321587562561,True,VALID
220051.jpg,0,0.8378284573554993,True,VALID
220051.jpg,1,0.5823058485984802,False,UNCERTAIN
210283.jpg,0,0.8139700889587402,True,VALID
210283.jpg,1,0.799221396446228,True,VALID
210283.jpg,2,0.7898858785629272,True,VALID
210283.jpg,3,0.6874920725822449,True,VALID
190229.jpg,0,0.8247934579849243,True,VALID
190229.jpg,1,0.8081421852111816,True,VALID
190229.jpg,2,0.7832439541816711,True,VALID
230283.jpg,0,0.8478416204452515,True,VALID
230283.jpg,1,0.832646369934082,True,VALID
230283.jpg,2,0.8086749911308289,True,VALID
230283.jpg,3,0.8043770790100098,True,VALID
210233.jpg,0,0.8320611715316772,True,VALID
210233.jpg,1,0.7941427826881409,True,VALID
210233.jpg,2,0.751825749874115,True,VALID
210233.jpg,3,0.7491350769996643,True,VALID
240051.jpg,0,0.6967969536781311,True,FALSE_POSITIVE
230466.jpg,0,0.8446757793426514,True,VALID
230466.jpg,1,0.49260836839675903,True,FALSE_POSITIVE
230466.jpg,2,0.3842164874076843,True,FALSE_POSITIVE
240272.jpg,0,0.8191092610359192,True,VALID
240272.jpg,1,0.7579866647720337,True,VALID
260484.jpg,0,0.8765586018562317,True,VALID
190803.jpg,0,0.831902027130127,True,VALID
190803.jpg,1,0.8266131281852722,True,VALID
190803.jpg,2,0.8236491680145264,True,VALID
190803.jpg,3,0.7951383590698242,True,VALID
230422.jpg,0,0.8630970120429993,True,VALID
230422.jpg,1,0.8268860578536987,True,VALID
230422.jpg,2,0.3324144184589386,True,VALID
240166.jpg,0,0.7985284328460693,True,VALID
240166.jpg,1,0.7939031720161438,True,VALID
240166.jpg,2,0.7938702702522278,True,VALID
240166.jpg,3,0.7696722149848938,True,FALSE_POSITIVE
240166.jpg,4,,,
240166.jpg,5,,,
190568.jpg,0,0.8717871308326721,True,VALID
190568.jpg,1,0.8670912981033325,True,VALID
190568.jpg,2,0.861714780330658,True,VALID
190163.jpg,0,0.8336638808250427,True,VALID
220139.jpg,0,0.8717619776725769,True,VALID
220079.jpg,0,0.8082042932510376,True,VALID
220079.jpg,1,0.6750139594078064,True,VALID
220170.jpg,0,0.8647271394729614,True,VALID
220170.jpg,1,0.8189194798469543,True,VALID
190707.jpg,0,0.8890635371208191,True,VALID
190707.jpg,1,0.8462485671043396,True,VALID
190707.jpg,2,0.817979097366333,True,VALID
190707.jpg,3,0.7094478607177734,True,FALSE_POSITIVE
190707.jpg,4,0.6945956945419312,True,FALSE_POSITIVE
240186.jpg,0,0.6089391708374023,True,VALID
240186.jpg,1,0.5908518433570862,True,VALID
240186.jpg,2,0.3278755843639374,False,UNCERTAIN
200239.jpg,0,0.8509935736656189,True,VALID
200239.jpg,1,0.8049428462982178,True,VALID
230432.jpg,0,0.6984792947769165,True,VALID
230432.jpg,1,0.687995970249176,True,VALID
220245.jpg,0,0.8047442436218262,True,VALID
220245.jpg,1,0.7777730822563171,False,VALID
220245.jpg,2,0.336539089679718,True,FALSE_POSITIVE
220245.jpg,3,,,
240209.jpg,0,0.7836177945137024,True,VALID
240209.jpg,1,0.6992132663726807,True,VALID
240209.jpg,2,,,
260181.jpg,0,0.8205614686012268,True,VALID
190156.jpg,0,0.8715981245040894,True,VALID
190156.jpg,1,0.8434768319129944,True,VALID
190156.jpg,2,0.8393127918243408,True,VALID
190156.jpg,3,0.4335465133190155,True,UNCERTAIN
220211.jpg,0,0.8444327712059021,True,VALID
190708.jpg,0,0.8765413165092468,True,VALID
190708.jpg,1,0.8237548470497131,True,VALID
190708.jpg,2,0.7805919647216797,True,VALID
190219.jpg,0,0.8761731386184692,True,VALID
210106.jpg,0,0.7800734043121338,True,VALID
210106.jpg,1,0.7544533014297485,True,VALID
210106.jpg,2,0.704013466835022,True,VALID
210106.jpg,3,0.7005670666694641,True,VALID
210106.jpg,4,0.656719982624054,True,VALID
210106.jpg,5,0.40268591046333313,True,VALID
210106.jpg,6,0.3526306450366974,True,FALSE_POSITIVE
210106.jpg,7,,,
210106.jpg,8,,,
230345.jpg,0,0.77098149061203,True,VALID
230345.jpg,1,0.7449385523796082,True,VALID
230345.jpg,2,0.6046780943870544,True,VALID
220076.jpg,0,0.8435428738594055,True,VALID
210026.jpg,0,0.764994204044342,True,VALID
210298.jpg,0,0.8454605340957642,True,VALID
210298.jpg,1,0.8429834842681885,True,VALID
210298.jpg,2,0.8126774430274963,True,VALID
260249.jpg,0,0.8775923848152161,True,VALID
260249.jpg,1,0.8558809161186218,True,VALID
260249.jpg,2,0.29086607694625854,False,FALSE_POSITIVE
200029.jpg,0,0.8536964058876038,True,VALID
200029.jpg,1,0.8392991423606873,True,VALID
200029.jpg,2,0.8390608429908752,True,VALID
200029.jpg,3,0.7732471227645874,True,VALID
200029.jpg,4,,,
200260.jpg,0,0.7768390774726868,True,VALID
200260.jpg,1,0.6564896702766418,True,VALID
210419.jpg,0,0.8329606652259827,True,VALID
210419.jpg,1,0.7871595025062561,True,VALID
210419.jpg,2,0.7695314884185791,True,VALID
210419.jpg,3,0.7680957317352295,True,VALID
210419.jpg,4,0.6626425385475159,True,VALID
210419.jpg,5,0.5382962822914124,True,VALID
220105.jpg,0,0.8661032915115356,True,VALID
220105.jpg,1,0.7163318395614624,False,VALID
240212.jpg,0,0.8218384981155396,True,FALSE_POSITIVE
240212.jpg,1,0.7813625335693359,True,VALID
210355.jpg,0,0.8529514074325562,True,VALID
210355.jpg,1,0.7373842597007751,True,VALID
210355.jpg,2,0.7321963310241699,True,VALID
210355.jpg,3,,,
200255.jpg,0,0.8654710650444031,True,VALID
230046.jpg,0,0.8527597784996033,True,VALID
230046.jpg,1,0.838752269744873,True,VALID
230046.jpg,2,0.29524898529052734,True,VALID
190305.jpg,0,0.8314186930656433,True,VALID
210303.jpg,0,0.8673305511474609,True,VALID
230415.jpg,0,0.8075785040855408,True,VALID
230415.jpg,1,0.7819530963897705,True,VALID
260499.jpg,0,0.875912606716156,True,VALID
260499.jpg,1,0.8674756288528442,True,VALID
230352.jpg,0,0.774502158164978,True,VALID
220003.jpg,0,0.8625850081443787,True,VALID
260154.jpg,0,0.8604695200920105,True,VALID
220305.jpg,0,0.6610889434814453,True,VALID
220305.jpg,1,0.605465829372406,True,VALID
220179.jpg,0,0.8485510945320129,True,VALID
230161.jpg,0,0.8579847812652588,True,VALID
230161.jpg,1,0.7986231446266174,True,VALID
230161.jpg,2,0.7732703685760498,True,VALID
230161.jpg,3,0.7126840949058533,True,VALID
240313.jpg,0,0.5577778220176697,True,VALID
190383.jpg,0,0.8850353956222534,True,VALID
190383.jpg,1,0.8689463138580322,True,VALID
260519.jpg,0,0.6743517518043518,True,VALID
260519.jpg,1,,,
220083.jpg,0,0.8432197570800781,True,VALID
230151.jpg,0,0.8627323508262634,True,VALID
200142.jpg,0,0.7524521350860596,True,VALID
260041.jpg,0,0.8614591956138611,True,VALID
190787.jpg,0,0.8628463745117188,True,VALID
190787.jpg,1,0.7685768604278564,True,VALID
260474.jpg,0,0.840478241443634,True,VALID
260474.jpg,1,0.8087841272354126,True,VALID
260474.jpg,2,0.7634202241897583,True,VALID
260528.jpg,0,0.8540434837341309,True,VALID
190570.jpg,0,0.8649952411651611,True,VALID
190570.jpg,1,0.8616414070129395,True,VALID
220114.jpg,0,0.8316770792007446,True,VALID
220114.jpg,1,0.7886627912521362,True,VALID
220114.jpg,2,0.5193525552749634,False,VALID
220114.jpg,3,,,
220376.jpg,0,0.8303126692771912,True,VALID
220376.jpg,1,0.8240562081336975,True,VALID
220376.jpg,2,0.823884129524231,True,VALID
220376.jpg,3,0.752557635307312,True,VALID
220376.jpg,4,0.7236884236335754,True,VALID
220138.jpg,0,0.7921728491783142,True,VALID
240292.jpg,0,0.5857611298561096,True,VALID
260482.jpg,0,0.8430612683296204,True,VALID
230003.jpg,0,0.834784209728241,True,VALID
190329.jpg,0,0.8754910826683044,True,VALID
190329.jpg,1,0.8241347670555115,True,VALID
190329.jpg,2,0.7824593186378479,True,FALSE_POSITIVE
190402.jpg,0,0.8667656183242798,True,VALID
190402.jpg,1,0.862172544002533,True,VALID
190402.jpg,2,0.7762970328330994,True,VALID
190402.jpg,3,0.7480490207672119,True,VALID
260254.jpg,0,0.8517826795578003,True,VALID
220310.jpg,0,0.7802014946937561,True,VALID
220310.jpg,1,0.7239013314247131,True,VALID
260533.jpg,0,0.711051344871521,True,VALID
260034.jpg,0,0.797034502029419,True,VALID
260034.jpg,1,0.7970046401023865,True,VALID
260034.jpg,2,0.7518700957298279,True,VALID
240463.jpg,0,0.7722204923629761,True,VALID
240265.jpg,0,0.8421456813812256,True,VALID
220115.jpg,0,0.6215583682060242,True,VALID
220115.jpg,1,0.5417299270629883,True,VALID
220150.jpg,0,0.8276974558830261,True,VALID
220150.jpg,1,0.7643231153488159,True,VALID
220150.jpg,2,0.7544628381729126,True,VALID
220150.jpg,3,0.646085262298584,True,VALID
220150.jpg,4,,,
220032.jpg,0,0.7700767517089844,True,VALID
220032.jpg,1,0.7651419043540955,True,VALID
220032.jpg,2,0.614309549331665,True,VALID
240060.jpg,0,0.4797000586986542,True,VALID
240239.jpg,0,0.7962040305137634,True,VALID
190429.jpg,0,0.8723402619361877,True,VALID
190429.jpg,1,0.8665482997894287,True,VALID
190674.jpg,0,0.8798078298568726,True,VALID
190674.jpg,1,0.8265407085418701,True,VALID
230050.jpg,0,0.8308390378952026,True,VALID
230050.jpg,1,0.8290529251098633,True,VALID
230050.jpg,2,0.35476526618003845,True,VALID
230050.jpg,3,0.34439894556999207,False,VALID
220208.jpg,0,0.8609460592269897,True,VALID
220208.jpg,1,0.8110526204109192,True,VALID
210006.jpg,0,0.868255615234375,True,VALID
230327.jpg,0,0.8206610679626465,True,VALID
230327.jpg,1,0.7935371994972229,True,FALSE_POSITIVE
230327.jpg,2,0.7547914385795593,True,VALID
240156.jpg,0,0.8084284663200378,True,VALID
210161.jpg,0,0.787685215473175,True,VALID
240252.jpg,0,0.8350028991699219,True,VALID
240252.jpg,1,0.5845481753349304,True,UNCERTAIN
200202.jpg,0,0.8428959846496582,True,VALID
200202.jpg,1,0.8000687956809998,True,VALID
260080.jpg,0,0.8397241830825806,True,VALID
260080.jpg,1,0.7782912850379944,True,VALID
260080.jpg,2,0.7378477454185486,True,VALID
260080.jpg,3,0.31589990854263306,True,VALID
210181.jpg,0,0.835536539554596,True,VALID
210329.jpg,0,0.8545103073120117,True,VALID
240213.jpg,0,0.7847974896430969,True,VALID
240213.jpg,1,0.7803491353988647,True,VALID
220379.jpg,0,0.8182771801948547,True,VALID
220379.jpg,1,0.7489615082740784,True,VALID
220379.jpg,2,0.6202966570854187,True,VALID
190760.jpg,0,0.8627970218658447,True,VALID
190760.jpg,1,0.8094131350517273,True,VALID
210009.jpg,0,0.8659172654151917,True,VALID
210009.jpg,1,0.8018689751625061,True,VALID
210009.jpg,2,0.7584389448165894,True,VALID
230396.jpg,0,0.8321301341056824,True,VALID
230396.jpg,1,0.7094866037368774,True,VALID
260148.jpg,0,0.8472769856452942,True,VALID
260148.jpg,1,0.8351648449897766,True,VALID
260526.jpg,0,0.8699939846992493,True,VALID
260526.jpg,1,0.8143231868743896,True,VALID
200125.jpg,0,0.831616997718811,True,VALID
240427.jpg,0,0.804847776889801,True,VALID
240427.jpg,1,0.6560731530189514,True,VALID
240427.jpg,2,0.5132182836532593,True,VALID
210349.jpg,0,0.8656215667724609,True,VALID
210349.jpg,1,0.8477465510368347,True,VALID
210349.jpg,2,0.8465589880943298,True,VALID
190094.jpg,0,0.8735328316688538,True,VALID
190094.jpg,1,0.8669750690460205,True,VALID
200234.jpg,0,0.8714275360107422,True,VALID
210087.jpg,0,0.8320830464363098,True,VALID
210087.jpg,1,0.7505577802658081,True,VALID
190314.jpg,0,0.8809327483177185,True,VALID
190314.jpg,1,0.7802209258079529,True,VALID
190314.jpg,2,0.5180630683898926,True,VALID
190129.jpg,0,0.8544868230819702,True,VALID
190129.jpg,1,0.8532850742340088,True,VALID
190129.jpg,2,0.8388047814369202,True,VALID
190036.jpg,0,0.8635322451591492,True,VALID
190036.jpg,1,0.8630571961402893,True,VALID
190555.jpg,0,0.8749482035636902,True,VALID
190555.jpg,1,0.8663531541824341,True,VALID
190555.jpg,2,0.8629083037376404,True,VALID
190555.jpg,3,0.8599591851234436,True,VALID
190555.jpg,4,0.5332338213920593,True,FALSE_POSITIVE
210354.jpg,0,0.6840047836303711,True,VALID
210354.jpg,1,0.3394513726234436,True,FALSE_POSITIVE
230392.jpg,0,0.811255931854248,True,VALID
210293.jpg,0,0.8563310503959656,True,VALID
190042.jpg,0,0.8723077178001404,True,VALID
190042.jpg,1,0.8681219816207886,True,VALID
190108.jpg,0,0.872089684009552,True,VALID
220164.jpg,0,0.8465433716773987,True,VALID
220164.jpg,1,0.8427262306213379,True,VALID
220164.jpg,2,0.8352285623550415,True,VALID
220164.jpg,3,0.7097943425178528,True,VALID
220164.jpg,4,,,
220243.jpg,0,0.7619830965995789,True,VALID
190534.jpg,0,0.7239087224006653,True,VALID
220349.jpg,0,0.8070371747016907,True,VALID
220349.jpg,1,0.7229664921760559,False,VALID
220349.jpg,2,,,
220349.jpg,3,,,
230139.jpg,0,0.7965229153633118,True,VALID
260199.jpg,0,0.8534068465232849,True,VALID
260199.jpg,1,0.8267518877983093,True,VALID
260199.jpg,2,0.8265878558158875,True,VALID
260199.jpg,3,0.817652702331543,True,VALID
200123.jpg,0,0.836641788482666,True,VALID
260354.jpg,0,0.8193941116333008,True,VALID
260354.jpg,1,0.8185383081436157,True,VALID
190092.jpg,0,0.8558857440948486,True,VALID
190092.jpg,1,0.7872873544692993,True,VALID
190500.jpg,0,0.8768652677536011,True,VALID
190500.jpg,1,0.8033890128135681,True,VALID
190500.jpg,2,0.7849920988082886,True,VALID
190500.jpg,3,0.7823541164398193,True,VALID
190500.jpg,4,0.7018375992774963,True,VALID
190500.jpg,5,0.675266444683075,True,FALSE_POSITIVE
190628.jpg,0,0.8802319765090942,True,VALID
190628.jpg,1,0.8783468008041382,True,VALID
190628.jpg,2,0.5395419001579285,True,FALSE_POSITIVE
190101.jpg,0,0.8459521532058716,True,VALID
190101.jpg,1,0.8367446064949036,True,VALID
190101.jpg,2,0.3858594000339508,True,VALID
210108.jpg,0,0.8407021164894104,True,VALID
240125.jpg,0,0.8445734977722168,True,VALID
240125.jpg,1,0.7514218091964722,True,VALID
260007.jpg,0,0.8591305017471313,True,VALID
240392.jpg,0,0.8017411231994629,True,VALID
240224.jpg,0,0.8460233211517334,True,VALID
220313.jpg,0,0.8579586744308472,True,VALID
210263.jpg,0,0.8444467186927795,True,VALID
210263.jpg,1,0.8332143425941467,True,VALID
210263.jpg,2,0.8262002468109131,True,VALID
210263.jpg,3,,,
230342.jpg,0,0.8084113597869873,True,VALID
230342.jpg,1,0.795162558555603,True,VALID
190278.jpg,0,0.8724294304847717,True,VALID
190278.jpg,1,0.856592059135437,True,VALID
210137.jpg,0,0.5775693655014038,True,VALID
230294.jpg,0,0.8331493735313416,True,VALID
230294.jpg,1,0.7006140351295471,True,VALID
260319.jpg,0,0.8521776795387268,True,VALID
260319.jpg,1,0.8255375027656555,True,VALID
220090.jpg,0,0.8069846034049988,True,VALID
220090.jpg,1,0.7402194738388062,True,VALID
220344.jpg,0,0.8458540439605713,True,VALID
220344.jpg,1,0.829173743724823,True,VALID
220344.jpg,2,,,
220186.jpg,0,0.8497630953788757,True,VALID
220186.jpg,1,0.8344206809997559,True,VALID
220186.jpg,2,0.727067232131958,True,VALID
220186.jpg,3,,,
240259.jpg,0,0.845483660697937,True,VALID
240419.jpg,0,0.8116105794906616,True,VALID
240419.jpg,1,0.7557486295700073,True,VALID
240419.jpg,2,0.7350876927375793,True,VALID
240419.jpg,3,0.7277209758758545,True,VALID
240419.jpg,4,0.7168934345245361,True,VALID
210311.jpg,0,0.8064828515052795,True,VALID
210311.jpg,1,0.7600106000900269,True,VALID
210311.jpg,2,0.41249212622642517,True,VALID
190669.jpg,0,0.8597440719604492,True,VALID
190669.jpg,1,0.8556533455848694,True,VALID
190514.jpg,0,0.861393928527832,True,VALID
190514.jpg,1,0.8220834136009216,True,VALID
190514.jpg,2,0.8180371522903442,True,VALID
190514.jpg,3,0.6748310923576355,True,VALID
220271.jpg,0,0.7790597677230835,False,VALID
220271.jpg,1,0.7790083885192871,True,VALID
220271.jpg,2,,,
190028.jpg,0,0.8520721793174744,True,VALID
190028.jpg,1,0.8293676376342773,True,VALID
190415.jpg,0,0.8655136227607727,True,VALID
190415.jpg,1,0.8620355725288391,True,VALID
190415.jpg,2,,,
240219.jpg,0,0.5527873039245605,True,VALID
260523.jpg,0,0.8556078672409058,True,VALID
190656.jpg,0,0.8814327716827393,True,VALID
190656.jpg,1,0.8693311810493469,True,VALID
190656.jpg,2,0.8682129979133606,True,VALID
190656.jpg,3,0.8148335814476013,True,VALID
190656.jpg,4,0.8101774454116821,True,VALID
190656.jpg,5,0.8061675429344177,True,VALID
190656.jpg,6,0.7115763425827026,True,VALID
220339.jpg,0,0.8656792640686035,True,VALID
220339.jpg,1,0.8576454520225525,True,VALID
240241.jpg,0,0.7965255975723267,True,VALID
240241.jpg,1,0.6965245008468628,True,VALID
240241.jpg,2,,,
190722.jpg,0,0.8423187732696533,True,VALID
240341.jpg,0,0.8610401749610901,True,VALID
240341.jpg,1,0.30798521637916565,True,VALID
240341.jpg,2,,,
230278.jpg,0,0.8199254274368286,True,VALID
230278.jpg,1,0.7534027099609375,True,VALID
230278.jpg,2,0.7198700308799744,True,FALSE_POSITIVE
220073.jpg,0,0.7381676435470581,True,VALID
220073.jpg,1,0.44915324449539185,True,VALID
200190.jpg,0,0.8471227288246155,True,VALID
240214.jpg,0,0.8498610854148865,True,VALID
240214.jpg,1,0.8489751219749451,True,VALID
240214.jpg,2,0.7971338033676147,True,VALID
220359.jpg,0,0.8620155453681946,True,VALID
220359.jpg,1,0.5032017827033997,False,VALID
220359.jpg,2,0.38336002826690674,False,FALSE_POSITIVE
220359.jpg,3,0.3106529116630554,True,VALID
220359.jpg,4,,,
240099.jpg,0,0.8536396026611328,True,VALID
190792.jpg,0,0.8640390634536743,True,VALID
190792.jpg,1,0.8002832531929016,True,VALID
190792.jpg,2,0.7018668055534363,True,VALID
210028.jpg,0,0.8111163377761841,False,VALID
210028.jpg,1,,,
190061.jpg,0,0.7951198220252991,True,VALID
190061.jpg,1,0.7535357475280762,True,VALID
190061.jpg,2,0.7528837323188782,True,VALID
190061.jpg,3,0.7080322504043579,True,VALID
190061.jpg,4,0.6561614274978638,True,VALID
190061.jpg,5,0.6232255101203918,True,VALID
190061.jpg,6,0.5897729396820068,True,VALID
190061.jpg,7,0.359502911567688,True,UNCERTAIN
190061.jpg,8,0.3139866590499878,False,UNCERTAIN
230031.jpg,0,0.866658627986908,True,VALID
230031.jpg,1,0.8171145915985107,True,VALID
240389.jpg,0,0.7461225390434265,True,VALID
200265.jpg,0,0.8549007177352905,True,VALID
200265.jpg,1,0.6505329608917236,True,VALID
220122.jpg,0,0.7132555246353149,True,VALID
200116.jpg,0,0.7686916589736938,True,VALID
200116.jpg,1,0.524890124797821,True,FALSE_POSITIVE
210099.jpg,0,0.8588662147521973,True,VALID
190427.jpg,0,0.8511836528778076,True,VALID
190427.jpg,1,0.8320602774620056,True,VALID
190427.jpg,2,0.7938843369483948,True,VALID
210103.jpg,0,0.8293653130531311,True,VALID
190481.jpg,0,0.874468982219696,True,VALID
190481.jpg,1,0.8596252799034119,True,VALID
190481.jpg,2,0.8354741930961609,True,VALID
190481.jpg,3,0.7549251914024353,True,VALID
190481.jpg,4,0.747401237487793,True,VALID
220365.jpg,0,0.8179996609687805,True,VALID
220365.jpg,1,0.792084276676178,True,VALID
210152.jpg,0,0.794758677482605,True,VALID
210152.jpg,1,0.5232303142547607,True,FALSE_POSITIVE
240006.jpg,0,0.7640865445137024,True,FALSE_POSITIVE
190312.jpg,0,0.8329874873161316,True,VALID
190312.jpg,1,0.5726585984230042,True,UNCERTAIN
200282.jpg,0,0.8317587375640869,True,VALID
190120.jpg,0,0.8726588487625122,True,VALID
190120.jpg,1,0.8640256524085999,True,VALID
190120.jpg,2,0.8607949018478394,True,VALID
190120.jpg,3,0.8233084082603455,True,VALID
210125.jpg,0,0.8129484057426453,True,VALID
210125.jpg,1,0.7859115600585938,True,VALID
210125.jpg,2,0.7237873077392578,True,VALID
200115.jpg,0,0.8169249892234802,True,VALID
200115.jpg,1,,,
210202.jpg,0,0.7467030882835388,True,VALID
210202.jpg,1,0.6596501469612122,True,VALID
220131.jpg,0,0.3504659831523895,True,VALID
230465.jpg,0,0.8547689914703369,True,VALID
230465.jpg,1,0.7323627471923828,True,VALID
260251.jpg,0,0.8290043473243713,True,VALID
260251.jpg,1,0.8001775741577148,True,VALID
230346.jpg,0,0.845092236995697,True,VALID
230346.jpg,1,0.8206053376197815,True,VALID
230346.jpg,2,0.5774210095405579,True,VALID
190548.jpg,0,0.795717179775238,True,VALID
260021.jpg,0,0.8612860441207886,True,VALID
200062.jpg,0,0.8545850515365601,True,VALID
260293.jpg,0,0.824225664138794,True,VALID
260102.jpg,0,0.84885573387146,True,VALID
260102.jpg,1,0.8128325343132019,True,VALID
260529.jpg,0,0.8853086829185486,True,VALID
260529.jpg,1,0.8685680031776428,True,VALID
260440.jpg,0,0.8814436197280884,True,VALID
260440.jpg,1,0.8638707399368286,True,VALID
200030.jpg,0,0.8312045931816101,True,VALID
200030.jpg,1,0.739032506942749,True,VALID
200030.jpg,2,,,
260395.jpg,0,0.8514218330383301,True,VALID
220234.jpg,0,0.8413479924201965,True,VALID
220234.jpg,1,0.8001836538314819,True,VALID
220234.jpg,2,0.7399868369102478,True,VALID
220234.jpg,3,0.41971346735954285,True,VALID
190116.jpg,0,0.8706740736961365,True,VALID
190116.jpg,1,0.8459739089012146,True,VALID
190116.jpg,2,0.8360695838928223,True,VALID
260415.jpg,0,0.8583455085754395,True,VALID
260415.jpg,1,0.8453441858291626,True,VALID
190206.jpg,0,0.8011296987533569,True,VALID
190206.jpg,1,0.34994959831237793,False,FALSE_POSITIVE
240117.jpg,0,0.7862587571144104,True,VALID
220249.jpg,0,0.8484051823616028,True,VALID
220249.jpg,1,0.6996992826461792,True,VALID
220249.jpg,2,0.28464803099632263,False,FALSE_POSITIVE
220249.jpg,3,,,
210091.jpg,0,0.8210585117340088,True,VALID
210091.jpg,1,0.8041343092918396,True,VALID
210091.jpg,2,0.5711750984191895,True,VALID
210091.jpg,3,,,
220033.jpg,0,0.8427101373672485,True,VALID
240453.jpg,0,0.8324226140975952,True,VALID
210240.jpg,0,0.8563686609268188,True,VALID
210240.jpg,1,0.7916862964630127,True,VALID
210240.jpg,2,0.38556215167045593,True,FALSE_POSITIVE
210240.jpg,3,0.38148337602615356,True,FALSE_POSITIVE
210240.jpg,4,,,
230190.jpg,0,0.681984543800354,True,VALID
230190.jpg,1,0.5650849938392639,True,VALID
190506.jpg,0,0.8821403980255127,True,VALID
220291.jpg,0,0.775010347366333,True,VALID
210377.jpg,0,0.8578327894210815,True,VALID
210377.jpg,1,0.8464599847793579,True,VALID
210377.jpg,2,0.8303303718566895,True,VALID
210377.jpg,3,0.7776860594749451,True,VALID
210377.jpg,4,0.7267441153526306,True,VALID
210377.jpg,5,0.6918514370918274,True,VALID
240227.jpg,0,0.7823235392570496,True,VALID
240227.jpg,1,,,
260040.jpg,0,0.8429995179176331,True,VALID
190409.jpg,0,0.862835168838501,True,VALID
200276.jpg,0,0.856593132019043,True,VALID
200276.jpg,1,0.684412956237793,True,VALID
260065.jpg,0,0.6957067847251892,True,UNCERTAIN
240251.jpg,0,0.8209443688392639,True,VALID
240251.jpg,1,0.7550915479660034,True,VALID
240251.jpg,2,0.7336087822914124,True,VALID
240251.jpg,3,,,
240276.jpg,0,0.666671872138977,True,VALID
230217.jpg,0,0.8500093817710876,True,VALID
230217.jpg,1,0.8115374445915222,True,VALID
230217.jpg,2,0.7911685109138489,True,VALID
230217.jpg,3,0.44553542137145996,True,UNCERTAIN
190748.jpg,0,0.795816957950592,True,VALID
190748.jpg,1,0.787005603313446,True,VALID
190748.jpg,2,0.7623066306114197,True,VALID
190748.jpg,3,,,
220273.jpg,0,0.8433585166931152,True,VALID
220273.jpg,1,0.8431926369667053,True,VALID
240054.jpg,0,0.8422796726226807,True,VALID
240054.jpg,1,0.7959951162338257,True,VALID
210343.jpg,0,0.8292569518089294,True,VALID
260012.jpg,0,0.8403652906417847,True,VALID
190340.jpg,0,0.8621357083320618,True,VALID
190340.jpg,1,0.8537944555282593,True,VALID
190340.jpg,2,0.8114368319511414,True,VALID
210272.jpg,0,0.8273263573646545,True,VALID
240076.jpg,0,0.8582996726036072,True,VALID
240102.jpg,0,0.7220001816749573,True,VALID
240102.jpg,1,0.6516374349594116,True,VALID
240387.jpg,0,0.8388921618461609,True,VALID
240387.jpg,1,0.5194880962371826,True,VALID
240387.jpg,2,,,
260467.jpg,0,0.8289331793785095,True,VALID
260467.jpg,1,,,
210211.jpg,0,0.8708630800247192,True,VALID
210211.jpg,1,0.6078925728797913,True,VALID
230434.jpg,0,0.8653791546821594,True,VALID
230434.jpg,1,0.842391848564148,True,VALID
230434.jpg,2,0.84001624584198,True,VALID
200247.jpg,0,0.6146219372749329,False,VALID
200247.jpg,1,0.4557209610939026,True,VALID
200247.jpg,2,,,
190372.jpg,0,0.8333513736724854,True,VALID
190215.jpg,0,0.6131411194801331,True,VALID
190528.jpg,0,0.8642908930778503,True,VALID
190528.jpg,1,0.8300470113754272,True,VALID
190528.jpg,2,0.829681932926178,True,VALID
190528.jpg,3,0.8033344745635986,True,VALID
190528.jpg,4,0.7960332632064819,True,VALID
190528.jpg,5,0.7347870469093323,True,VALID
260291.jpg,0,0.8554336428642273,True,VALID
260291.jpg,1,0.8310703635215759,True,VALID
260291.jpg,2,0.7282106876373291,True,VALID
240372.jpg,0,0.5207715630531311,True,FALSE_POSITIVE
240372.jpg,1,,,
200299.jpg,0,0.8221745491027832,True,VALID
190066.jpg,0,0.8799043893814087,True,VALID
190066.jpg,1,0.8716537952423096,True,VALID
190066.jpg,2,0.8313568234443665,True,VALID
190066.jpg,3,0.8291261792182922,True,VALID
230257.jpg,0,0.7880401611328125,True,VALID
230257.jpg,1,0.7599744200706482,True,VALID
220225.jpg,0,0.8678272366523743,True,VALID
220225.jpg,1,0.7427540421485901,True,FALSE_POSITIVE
230228.jpg,0,0.8113651871681213,True,VALID
190287.jpg,0,0.8820518851280212,True,VALID
190287.jpg,1,0.8756477236747742,True,VALID
190287.jpg,2,0.8720799088478088,True,VALID
190287.jpg,3,0.8558008670806885,True,VALID
190287.jpg,4,0.819267213344574,True,VALID
190287.jpg,5,0.4712545871734619,True,FALSE_POSITIVE
240498.jpg,0,0.6727145910263062,True,VALID
240498.jpg,1,0.5123130083084106,False,FALSE_POSITIVE
240498.jpg,2,,,
220199.jpg,0,0.7586452960968018,True,VALID
190301.jpg,0,0.7893317341804504,True,VALID
190301.jpg,1,0.7522106170654297,True,VALID
190301.jpg,2,0.4490155875682831,True,VALID
210052.jpg,0,0.856114387512207,True,VALID
210052.jpg,1,0.6281512975692749,True,FALSE_POSITIVE
240215.jpg,0,0.8494200110435486,True,VALID
240215.jpg,1,0.7675355672836304,True,VALID
240215.jpg,2,0.7155954241752625,True,VALID
230056.jpg,0,0.8531159162521362,True,VALID
220096.jpg,0,0.7890997529029846,True,VALID
220096.jpg,1,0.7778090834617615,True,VALID
220096.jpg,2,0.7746361494064331,True,VALID
220096.jpg,3,0.7633928656578064,True,VALID
220096.jpg,4,0.7101929187774658,True,VALID
220096.jpg,5,0.7014011740684509,True,VALID
220096.jpg,6,0.693549394607544,True,VALID
220096.jpg,7,0.6778543591499329,True,VALID
220096.jpg,8,0.5430701375007629,True,VALID
260447.jpg,0,0.8469125628471375,True,VALID
260447.jpg,1,0.8463476896286011,True,VALID
200096.jpg,0,0.8304393291473389,True,VALID
200096.jpg,1,0.5536438822746277,True,VALID
210423.jpg,0,0.8514581322669983,True,VALID
210423.jpg,1,0.7551642060279846,True,VALID
200257.jpg,0,0.8183369040489197,True,VALID
190624.jpg,0,0.8702504634857178,True,VALID
190624.jpg,1,0.8681522607803345,True,VALID
190624.jpg,2,0.8670852780342102,True,VALID
190624.jpg,3,0.30355212092399597,True,FALSE_POSITIVE
190767.jpg,0,0.8476083874702454,True,VALID
190767.jpg,1,0.6412622332572937,True,VALID
230171.jpg,0,0.852824330329895,True,VALID
190122.jpg,0,0.8644497394561768,True,VALID
190122.jpg,1,0.6901972889900208,True,VALID
190122.jpg,2,0.5697348117828369,True,VALID
190122.jpg,3,0.5659984946250916,True,VALID
190122.jpg,4,0.5500909686088562,True,VALID
190122.jpg,5,0.5264137387275696,True,VALID
190122.jpg,6,,,
210395.jpg,0,0.8341891765594482,True,VALID
210395.jpg,1,0.7881609201431274,True,VALID
210395.jpg,2,0.757242739200592,True,VALID
210395.jpg,3,0.5494686365127563,True,FALSE_POSITIVE
210395.jpg,4,0.49130013585090637,False,VALID
210395.jpg,5,0.44924065470695496,True,UNCERTAIN
210395.jpg,6,,,
210395.jpg,7,,,
210395.jpg,8,,,
190113.jpg,0,0.8550848364830017,True,VALID
190113.jpg,1,0.8520172834396362,True,VALID
190113.jpg,2,0.8510047197341919,True,VALID
190113.jpg,3,0.7927163243293762,True,VALID
190113.jpg,4,0.65800541639328,False,VALID
190113.jpg,5,0.6438451409339905,True,VALID
190113.jpg,6,0.6059369444847107,True,VALID
190113.jpg,7,,,
190113.jpg,8,,,
240418.jpg,0,0.8419673442840576,True,VALID
240165.jpg,0,0.5679696798324585,True,VALID
240494.jpg,0,0.8163976073265076,True,VALID
210197.jpg,0,0.8555616140365601,True,VALID
210197.jpg,1,0.8430100083351135,True,VALID
210398.jpg,0,0.8528384566307068,True,VALID
210398.jpg,1,0.8296006917953491,True,VALID
220016.jpg,0,0.8392648100852966,True,VALID
220016.jpg,1,0.829235315322876,True,VALID
260366.jpg,0,0.8044338226318359,True,VALID
260366.jpg,1,0.7016026973724365,True,VALID
260366.jpg,2,0.6281819939613342,True,VALID
260366.jpg,3,0.5196024775505066,True,VALID
190744.jpg,0,0.8856872916221619,True,VALID
190744.jpg,1,0.8009141087532043,True,VALID
210203.jpg,0,0.8154278993606567,True,VALID
210203.jpg,1,0.7635990977287292,True,VALID
210203.jpg,2,,,
230012.jpg,0,0.8491619825363159,True,VALID
230216.jpg,0,0.8656601905822754,True,VALID
210218.jpg,0,0.8496912121772766,True,VALID
210218.jpg,1,0.8468700647354126,True,VALID
210218.jpg,2,0.7543733716011047,True,VALID
210218.jpg,3,0.6824600696563721,True,VALID
210218.jpg,4,,,
210257.jpg,0,0.8344289660453796,True,VALID
210257.jpg,1,0.7126443982124329,True,VALID
210257.jpg,2,0.633729100227356,True,VALID
220135.jpg,0,0.8555657267570496,True,VALID
220135.jpg,1,0.8270831108093262,True,VALID
220135.jpg,2,0.7972216606140137,True,VALID
220027.jpg,0,0.6643034219741821,False,VALID
220027.jpg,1,,,
240432.jpg,0,0.8228381872177124,True,VALID
190604.jpg,0,0.8840975761413574,True,VALID
220106.jpg,0,0.831040620803833,True,VALID
200032.jpg,0,0.8516831398010254,True,VALID
200032.jpg,1,0.827987015247345,True,VALID
200032.jpg,2,0.7705017328262329,True,VALID
200032.jpg,3,0.7205760478973389,True,VALID
200032.jpg,4,,,
260399.jpg,0,0.8188847899436951,True,VALID
260399.jpg,1,0.7617834806442261,True,VALID
230314.jpg,0,0.8435454368591309,True,VALID
230331.jpg,0,0.8315855860710144,True,VALID
230331.jpg,1,0.7923335433006287,True,VALID
230331.jpg,2,0.644630491733551,True,VALID
200014.jpg,0,0.8401889801025391,True,VALID
200014.jpg,1,0.6931095719337463,True,VALID
220337.jpg,0,0.880193293094635,True,VALID
220337.jpg,1,0.702167809009552,True,VALID
200024.jpg,0,0.8652394413948059,True,VALID
220148.jpg,0,0.852678120136261,True,VALID
220148.jpg,1,0.8437442779541016,True,VALID
230354.jpg,0,0.8294373750686646,True,VALID
230354.jpg,1,0.8265494108200073,True,VALID
230354.jpg,2,0.8182329535484314,True,VALID
230354.jpg,3,0.7298244833946228,True,VALID
230354.jpg,4,0.7195516228675842,True,VALID
240045.jpg,0,0.4156801700592041,True,VALID
240045.jpg,1,,,
260476.jpg,0,0.8221396207809448,True,VALID
260380.jpg,0,0.862093448638916,True,VALID
260380.jpg,1,0.8406006693840027,True,VALID
260113.jpg,0,0.8783408403396606,True,VALID
260113.jpg,1,0.8743022084236145,True,VALID
200168.jpg,0,0.4692324697971344,True,VALID
200168.jpg,1,0.41516047716140747,False,VALID
240122.jpg,0,0.8606086373329163,True,VALID
240122.jpg,1,0.8531615734100342,True,VALID
240122.jpg,2,,,
240493.jpg,0,0.5862963795661926,True,VALID
240493.jpg,1,0.5395882725715637,True,VALID
240493.jpg,2,0.4050959050655365,True,VALID
210032.jpg,0,0.8665902018547058,True,VALID
210015.jpg,0,0.8488696813583374,True,VALID
210015.jpg,1,0.8351941108703613,True,VALID
210275.jpg,0,0.8320947885513306,True,VALID
240316.jpg,0,0.8532559871673584,True,VALID
190210.jpg,0,0.8634427785873413,True,VALID
190210.jpg,1,0.8253130912780762,True,VALID
190210.jpg,2,0.7885338664054871,True,VALID
190210.jpg,3,0.7438698410987854,True,VALID
190210.jpg,4,0.6705410480499268,True,FALSE_POSITIVE
190210.jpg,5,0.6219990849494934,True,VALID
190210.jpg,6,0.5359324812889099,True,UNCERTAIN
190210.jpg,7,,,
260084.jpg,0,0.8413643836975098,True,VALID
260084.jpg,1,0.8182027339935303,True,VALID
210064.jpg,0,0.7954351902008057,True,VALID
210064.jpg,1,,,
190351.jpg,0,0.8735018968582153,True,VALID
190351.jpg,1,0.8689206838607788,True,VALID
190351.jpg,2,0.860872209072113,True,VALID
190351.jpg,3,0.821233332157135,True,VALID
190351.jpg,4,0.775422990322113,True,VALID
190351.jpg,5,0.7553123235702515,True,VALID
230407.jpg,0,0.7570895552635193,True,VALID
230407.jpg,1,0.7447816133499146,True,VALID
230407.jpg,2,,,
260098.jpg,0,0.8531600832939148,True,VALID
190503.jpg,0,0.8143129348754883,True,VALID
190503.jpg,1,0.5567595958709717,True,VALID
260439.jpg,0,0.782087504863739,False,VALID
260439.jpg,1,0.6198895573616028,True,VALID
260439.jpg,2,,,
190317.jpg,0,0.8734992146492004,True,VALID
190317.jpg,1,0.8626132011413574,True,VALID
240261.jpg,0,0.7931921482086182,True,VALID
210070.jpg,0,0.7828081250190735,True,VALID
210070.jpg,1,0.7807753086090088,True,VALID
230040.jpg,0,0.6827671527862549,True,VALID
230040.jpg,1,0.3388064205646515,True,VALID
240130.jpg,0,0.7105443477630615,True,VALID
260490.jpg,0,0.8498406410217285,True,VALID
260192.jpg,0,0.8705384731292725,True,VALID
260192.jpg,1,0.8631666898727417,True,VALID
190588.jpg,0,0.8638870716094971,True,VALID
200314.jpg,0,0.7238155603408813,True,VALID
230452.jpg,0,0.8643592000007629,True,VALID
230452.jpg,1,0.8263269662857056,True,VALID
190673.jpg,0,0.8741093277931213,True,VALID
190673.jpg,1,0.8564379811286926,True,VALID
190673.jpg,2,0.8362438678741455,True,VALID
190673.jpg,3,0.8210389018058777,True,VALID
190673.jpg,4,0.8174259066581726,True,VALID
190673.jpg,5,0.8134952187538147,True,VALID
190673.jpg,6,0.5583467483520508,True,FALSE_POSITIVE
190723.jpg,0,0.8056453466415405,True,VALID
190723.jpg,1,0.786974310874939,True,VALID
240110.jpg,0,0.7886391282081604,True,VALID
240110.jpg,1,0.40775904059410095,False,FALSE_POSITIVE
240474.jpg,0,0.8291583061218262,True,VALID
240474.jpg,1,0.8128165602684021,True,VALID
240474.jpg,2,0.8051713705062866,True,VALID
240474.jpg,3,0.7684893012046814,True,VALID
190643.jpg,0,0.8655604720115662,True,VALID
190643.jpg,1,0.8603246212005615,True,VALID
190643.jpg,2,0.8379876017570496,True,VALID
190643.jpg,3,0.8349187970161438,True,VALID
190643.jpg,4,0.7911230325698853,True,VALID
190643.jpg,5,0.761576771736145,True,VALID
190643.jpg,6,0.5642157196998596,True,VALID
220103.jpg,0,0.8621790409088135,True,VALID
190097.jpg,0,0.8735795617103577,True,VALID
220352.jpg,0,0.8615742921829224,True,VALID
220218.jpg,0,0.5815348625183105,True,VALID
200170.jpg,0,0.8310478925704956,True,VALID
200170.jpg,1,0.5176556706428528,True,VALID
220272.jpg,0,0.7763900756835938,True,VALID
240148.jpg,0,0.7942804098129272,True,VALID
240148.jpg,1,,,
190228.jpg,0,0.8461695909500122,True,VALID
190228.jpg,1,0.8453949689865112,True,VALID
220001.jpg,0,0.7766379714012146,True,VALID
220001.jpg,1,,,
190191.jpg,0,0.8767287135124207,True,VALID
190191.jpg,1,0.8531728386878967,True,VALID
190191.jpg,2,0.8530229330062866,True,VALID
190191.jpg,3,0.8521472811698914,True,VALID
190191.jpg,4,0.8418439626693726,True,VALID
190191.jpg,5,0.7698348164558411,True,VALID
240139.jpg,0,0.661929726600647,True,FALSE_POSITIVE
240139.jpg,1,0.6446267366409302,True,VALID
260427.jpg,0,0.8769376277923584,True,VALID
190820.jpg,0,0.861665666103363,True,VALID
190820.jpg,1,0.8259135484695435,True,VALID
190820.jpg,2,0.7959883213043213,True,VALID
230042.jpg,0,0.8644883036613464,True,VALID
230042.jpg,1,0.3057294189929962,True,FALSE_POSITIVE
240294.jpg,0,0.8804038763046265,True,VALID
260422.jpg,0,0.8574457764625549,True,VALID
260422.jpg,1,0.8558332324028015,True,VALID
190357.jpg,0,0.8629254698753357,True,VALID
190357.jpg,1,0.8613702058792114,True,VALID
190357.jpg,2,0.8305875658988953,True,VALID
220327.jpg,0,0.8343939781188965,True,VALID
220327.jpg,1,0.729398787021637,True,VALID
240042.jpg,0,0.8115857839584351,True,VALID
240042.jpg,1,0.7855803966522217,True,VALID
240042.jpg,2,0.7756023406982422,True,VALID
240042.jpg,3,0.6955727338790894,True,VALID
240042.jpg,4,,,
240138.jpg,0,0.7897214293479919,True,VALID
240138.jpg,1,0.5696640014648438,False,FALSE_POSITIVE
230035.jpg,0,0.8374565243721008,True,VALID
230035.jpg,1,0.8280519247055054,True,VALID
230035.jpg,2,0.8199503421783447,True,VALID
260002.jpg,0,0.851768434047699,True,VALID
230037.jpg,0,0.8279423117637634,True,VALID
190173.jpg,0,0.8499980568885803,True,VALID
190173.jpg,1,0.7676576972007751,True,VALID
190173.jpg,2,0.5392401814460754,False,FALSE_POSITIVE
190173.jpg,3,0.40254461765289307,False,VALID
200194.jpg,0,0.8473296761512756,True,FALSE_POSITIVE
200081.jpg,0,0.8310607075691223,True,VALID
190223.jpg,0,0.8624427318572998,True,VALID
190223.jpg,1,0.8333044648170471,True,VALID
190223.jpg,2,0.8276071548461914,True,VALID
190223.jpg,3,0.8114263415336609,True,VALID
240397.jpg,0,0.8545124530792236,True,VALID
240397.jpg,1,0.8537601828575134,True,VALID
260353.jpg,0,0.8352660536766052,True,VALID
260353.jpg,1,0.8102754950523376,True,VALID
220169.jpg,0,0.8098119497299194,True,VALID
220169.jpg,1,0.7839511632919312,True,VALID
220169.jpg,2,0.7745534181594849,True,VALID
260460.jpg,0,0.8407976627349854,True,VALID
220294.jpg,0,0.8623873591423035,True,VALID
220294.jpg,1,0.7738596796989441,True,VALID
230125.jpg,0,0.8586013913154602,True,VALID
260299.jpg,0,0.8821095824241638,True,VALID
260299.jpg,1,0.856121301651001,True,VALID
260299.jpg,2,0.47344765067100525,True,FALSE_POSITIVE
210214.jpg,0,0.8489713668823242,True,VALID
210214.jpg,1,0.8384957909584045,True,VALID
240406.jpg,0,0.8461406826972961,True,VALID
240406.jpg,1,0.8135500550270081,True,VALID
190003.jpg,0,0.8675732016563416,True,VALID
190003.jpg,1,0.8646191954612732,True,VALID
190003.jpg,2,0.8528093695640564,True,VALID
190003.jpg,3,0.8345231413841248,True,VALID
190003.jpg,4,0.8079575300216675,True,VALID
240481.jpg,0,0.7720739841461182,True,VALID
240481.jpg,1,0.7622829079627991,True,VALID
230377.jpg,0,0.6059287190437317,True,VALID
230240.jpg,0,0.8536149263381958,True,VALID
230240.jpg,1,0.7821893692016602,True,VALID
230240.jpg,2,0.7748786211013794,True,VALID
230240.jpg,3,0.5130772590637207,True,UNCERTAIN
220205.jpg,0,0.7968355417251587,True,VALID
220221.jpg,0,0.2975718080997467,False,VALID
220221.jpg,1,,,
230199.jpg,0,0.8607680201530457,True,VALID
230199.jpg,1,0.8346567749977112,True,VALID
230199.jpg,2,0.8318027853965759,True,VALID
230199.jpg,3,0.7248179316520691,True,VALID
230199.jpg,4,,,
220347.jpg,0,,,
200143.jpg,0,0.7993450164794922,True,VALID
200143.jpg,1,0.7844540476799011,True,VALID
200143.jpg,2,0.7411466836929321,True,VALID
230417.jpg,0,0.8551138043403625,True,VALID
230417.jpg,1,0.8502336740493774,True,VALID
230417.jpg,2,0.8413420915603638,True,VALID
230417.jpg,3,0.8012915849685669,True,VALID
230417.jpg,4,0.7959704995155334,True,VALID
230417.jpg,5,0.6950395703315735,True,VALID
230417.jpg,6,0.6749087572097778,True,VALID
230417.jpg,7,0.614763617515564,True,VALID
190224.jpg,0,0.8453834652900696,True,VALID
190224.jpg,1,0.8427857160568237,True,VALID
190224.jpg,2,0.8100455403327942,True,VALID
190224.jpg,3,0.8071229457855225,True,VALID
190224.jpg,4,0.8053091168403625,True,VALID
220037.jpg,0,0.7867313623428345,True,VALID
240255.jpg,0,0.7349152565002441,True,VALID
240255.jpg,1,,,
230178.jpg,0,0.8628044724464417,True,VALID
230178.jpg,1,0.8561647534370422,True,VALID
190252.jpg,0,0.8748403787612915,True,VALID
210207.jpg,0,0.8487863540649414,True,VALID
210207.jpg,1,0.567020833492279,False,VALID
210207.jpg,2,,,
210207.jpg,3,,,
210207.jpg,4,,,
220142.jpg,0,0.8294646143913269,True,VALID
220142.jpg,1,0.66620272397995,True,VALID
220142.jpg,2,0.6255223155021667,True,VALID
220142.jpg,3,,,
260116.jpg,0,0.8632834553718567,True,VALID
260116.jpg,1,0.8549966216087341,True,VALID
240235.jpg,0,0.8588811755180359,True,VALID
240235.jpg,1,0.753555953502655,True,VALID
200104.jpg,0,0.8551125526428223,True,VALID
200104.jpg,1,0.8294345140457153,True,VALID
200104.jpg,2,0.8095902800559998,True,VALID
240197.jpg,0,0.7805914282798767,True,VALID
240197.jpg,1,0.49393460154533386,True,FALSE_POSITIVE
240197.jpg,2,,,
230398.jpg,0,0.8422831892967224,True,VALID
230398.jpg,1,0.5013320446014404,True,VALID
210317.jpg,0,0.838509202003479,True,VALID
240293.jpg,0,0.8657913208007812,True,VALID
240293.jpg,1,0.7257048487663269,True,VALID
230049.jpg,0,0.852918803691864,True,VALID
230049.jpg,1,0.35175445675849915,True,FALSE_POSITIVE
240348.jpg,0,0.7613106369972229,True,FALSE_POSITIVE
200311.jpg,0,0.7853854894638062,True,VALID
210316.jpg,0,0.8361145257949829,True,VALID
210316.jpg,1,0.8145023584365845,True,VALID
210316.jpg,2,0.7681838870048523,False,VALID
210316.jpg,3,0.7332519292831421,True,VALID
210316.jpg,4,0.32551753520965576,True,UNCERTAIN
210316.jpg,5,,,
220181.jpg,0,0.7363442778587341,True,VALID
230261.jpg,0,0.7003321051597595,True,VALID
230261.jpg,1,0.5372553467750549,True,FALSE_POSITIVE
260429.jpg,0,0.8512611389160156,True,VALID
260429.jpg,1,0.8014108538627625,True,VALID
210261.jpg,0,0.8242039680480957,True,VALID
210261.jpg,1,0.6708812713623047,True,FALSE_POSITIVE
210261.jpg,2,0.3136501908302307,True,VALID
220060.jpg,0,0.7975473403930664,True,VALID
220060.jpg,1,0.7194581031799316,True,VALID
220060.jpg,2,0.6908009648323059,True,VALID
260531.jpg,0,0.837261438369751,True,VALID
260531.jpg,1,0.4708132743835449,True,VALID
200017.jpg,0,0.8588005304336548,True,VALID
200017.jpg,1,0.8482298254966736,True,VALID
200017.jpg,2,0.7414184808731079,True,VALID
200017.jpg,3,0.7137162089347839,True,VALID
260260.jpg,0,0.8480470180511475,True,VALID
260260.jpg,1,0.8468332290649414,True,VALID
260260.jpg,2,0.5927066206932068,True,FALSE_POSITIVE
260016.jpg,0,0.8744896054267883,True,VALID
260016.jpg,1,0.8040252923965454,True,VALID
260356.jpg,0,0.8773860335350037,True,VALID
260356.jpg,1,0.8621960282325745,True,VALID
260185.jpg,0,0.8429080843925476,True,VALID
260492.jpg,0,0.8645185232162476,True,VALID
260492.jpg,1,0.8547191619873047,True,VALID
260492.jpg,2,0.845369815826416,True,VALID
260492.jpg,3,,,
190049.jpg,0,0.7830049395561218,True,VALID
210185.jpg,0,0.579149603843689,False,VALID
210185.jpg,1,,,
260030.jpg,0,0.8814190626144409,True,VALID
190407.jpg,0,0.8603734970092773,True,VALID
190407.jpg,1,0.8589916229248047,True,VALID
190823.jpg,0,0.8724145889282227,True,VALID
190823.jpg,1,0.8099929690361023,True,VALID
190823.jpg,2,0.5567578077316284,True,VALID
190823.jpg,3,0.5482491850852966,True,VALID
230453.jpg,0,0.8404062390327454,True,VALID
230453.jpg,1,0.8043385148048401,True,VALID
230453.jpg,2,0.769520103931427,True,VALID
230453.jpg,3,0.4395686686038971,True,FALSE_POSITIVE
200313.jpg,0,0.8446696996688843,True,VALID
200313.jpg,1,0.8052968382835388,True,VALID
240082.jpg,0,0.6452786326408386,True,VALID
240082.jpg,1,0.6384202241897583,True,VALID
240384.jpg,0,0.8339338898658752,True,VALID
260203.jpg,0,0.8611624836921692,True,VALID
260203.jpg,1,0.8352857828140259,True,VALID
260203.jpg,2,0.6943054795265198,True,FALSE_POSITIVE
240246.jpg,0,0.8539044857025146,True,VALID
210365.jpg,0,0.8195949792861938,True,VALID
210365.jpg,1,0.8171630501747131,True,VALID
230225.jpg,0,0.8594653606414795,True,VALID
190144.jpg,0,0.8597785234451294,True,VALID
230080.jpg,0,0.8274085521697998,True,VALID
230080.jpg,1,0.3382059335708618,False,FALSE_POSITIVE
230080.jpg,2,,,
210353.jpg,0,0.8014497756958008,True,VALID
210353.jpg,1,0.7547277212142944,True,VALID
210353.jpg,2,0.7386166453361511,True,VALID
210353.jpg,3,0.7343618273735046,True,VALID
210353.jpg,4,0.7159979939460754,True,VALID
210353.jpg,5,0.35162028670310974,False,FALSE_POSITIVE
210122.jpg,0,0.8166859745979309,True,VALID
210122.jpg,1,0.8006638288497925,True,VALID
240029.jpg,0,0.8399454951286316,True,VALID
240029.jpg,1,0.8354755640029907,True,VALID
200109.jpg,0,0.8559893369674683,True,VALID
230076.jpg,0,0.8708286881446838,True,VALID
230076.jpg,1,0.8338249921798706,True,VALID
230076.jpg,2,0.8208336234092712,True,VALID
260461.jpg,0,0.8599786758422852,True,VALID
260461.jpg,1,0.8464585542678833,True,VALID
190162.jpg,0,0.8649499416351318,True,VALID
190162.jpg,1,0.39657843112945557,False,FALSE_POSITIVE
190162.jpg,2,,,
220307.jpg,0,0.8180875182151794,True,VALID
220307.jpg,1,0.7638015151023865,True,VALID
220307.jpg,2,0.6417886018753052,True,VALID
220307.jpg,3,,,
220307.jpg,4,,,
220307.jpg,5,,,
220307.jpg,6,,,
210079.jpg,0,0.8566762208938599,True,VALID
210079.jpg,1,0.34648600220680237,True,VALID
220278.jpg,0,0.866921603679657,True,VALID
220278.jpg,1,0.6907110810279846,True,VALID
220278.jpg,2,0.5342176556587219,True,VALID
220278.jpg,3,,,
210163.jpg,0,0.8708620071411133,True,VALID
210163.jpg,1,0.8364296555519104,True,VALID
210163.jpg,2,0.6261404752731323,True,FALSE_POSITIVE
210163.jpg,3,0.3459080457687378,True,FALSE_POSITIVE
210163.jpg,4,,,
240410.jpg,0,0.8525987863540649,True,VALID
240410.jpg,1,0.38809633255004883,True,VALID
200284.jpg,0,0.854157567024231,True,VALID
200284.jpg,1,0.8335968852043152,True,VALID
200284.jpg,2,0.8300213813781738,True,VALID
240101.jpg,0,0.747951090335846,True,VALID
260128.jpg,0,0.8194669485092163,True,VALID
260128.jpg,1,0.7826157808303833,True,VALID
260128.jpg,2,0.765259325504303,True,VALID
260128.jpg,3,0.49289849400520325,False,FALSE_POSITIVE
260128.jpg,4,,,
210042.jpg,0,0.8389679193496704,True,VALID
210042.jpg,1,0.8330563306808472,True,VALID
210042.jpg,2,0.7414870858192444,True,VALID
230204.jpg,0,0.8209862112998962,True,VALID
230204.jpg,1,0.7919174432754517,True,VALID
190743.jpg,0,0.8807217478752136,True,VALID
190743.jpg,1,0.8526102304458618,True,VALID
190743.jpg,2,0.846953272819519,True,VALID
190743.jpg,3,0.8462507128715515,True,VALID
190729.jpg,0,0.8670608401298523,True,VALID
190729.jpg,1,0.8515430688858032,True,VALID
190729.jpg,2,0.8393662571907043,True,VALID
190729.jpg,3,0.8194172382354736,True,VALID
190729.jpg,4,,,
240133.jpg,0,0.6504486203193665,True,VALID
240133.jpg,1,0.3241361677646637,False,VALID
240133.jpg,2,,,
240455.jpg,0,0.8262151479721069,True,VALID
240455.jpg,1,0.8217074871063232,True,VALID
220223.jpg,0,0.8393911123275757,True,VALID
220223.jpg,1,0.8044688105583191,True,VALID
220223.jpg,2,0.726839542388916,True,VALID
220223.jpg,3,0.3408789038658142,True,VALID
230091.jpg,0,0.8512164354324341,True,VALID
210297.jpg,0,0.854235053062439,True,VALID
210297.jpg,1,0.8468801379203796,True,VALID
210297.jpg,2,0.775964617729187,True,VALID
210297.jpg,3,0.541879415512085,True,VALID
200035.jpg,0,0.8580151200294495,True,VALID
200035.jpg,1,0.8324047327041626,True,VALID
210139.jpg,0,0.7805352807044983,True,VALID
210139.jpg,1,0.7631152272224426,True,VALID
220360.jpg,0,0.8547940850257874,True,VALID
220360.jpg,1,0.8359270095825195,True,VALID
220360.jpg,2,0.8249627947807312,True,VALID
220360.jpg,3,0.6203442811965942,False,VALID
220360.jpg,4,0.28697118163108826,True,VALID
220360.jpg,5,,,
230423.jpg,0,0.7944668531417847,True,VALID
230423.jpg,1,0.7644096612930298,True,VALID
230423.jpg,2,0.7331627607345581,True,FALSE_POSITIVE
240007.jpg,0,0.829643726348877,True,VALID
240007.jpg,1,0.7962735891342163,True,VALID
210074.jpg,0,0.865400493144989,True,VALID
260379.jpg,0,0.8028005361557007,True,VALID
260379.jpg,1,0.7787333130836487,True,VALID
260379.jpg,2,0.76978999376297,True,VALID
260379.jpg,3,0.29057052731513977,True,FALSE_POSITIVE
210117.jpg,0,0.8179479837417603,True,VALID
210117.jpg,1,0.5652481913566589,True,VALID
210117.jpg,2,0.4425066411495209,True,VALID
220281.jpg,0,0.8507677316665649,True,VALID
210041.jpg,0,0.8617318272590637,True,VALID
210041.jpg,1,0.7844688892364502,True,VALID
210041.jpg,2,0.7810217142105103,True,VALID
210041.jpg,3,0.738786518573761,True,VALID
210041.jpg,4,0.7291066646575928,True,VALID
210041.jpg,5,0.6687437891960144,True,VALID
260463.jpg,0,0.8419676423072815,True,VALID
190292.jpg,0,0.862944483757019,True,VALID
190292.jpg,1,0.8555495142936707,True,VALID
190630.jpg,0,0.8577393889427185,True,VALID
190630.jpg,1,0.8501081466674805,True,VALID
190630.jpg,2,0.8384559750556946,True,VALID
210427.jpg,0,0.849688708782196,True,VALID
210427.jpg,1,0.7847846150398254,True,VALID
210427.jpg,2,0.7331385016441345,True,VALID
190461.jpg,0,0.8788114786148071,True,VALID
190461.jpg,1,0.8698417544364929,True,VALID
190461.jpg,2,0.8606933355331421,True,VALID
190170.jpg,0,0.8444885611534119,True,VALID
190170.jpg,1,0.5552078485488892,True,UNCERTAIN
190170.jpg,2,0.45531168580055237,True,UNCERTAIN
220013.jpg,0,0.6763988733291626,True,VALID
230320.jpg,0,0.8616371154785156,True,VALID
230320.jpg,1,0.8271574974060059,True,VALID
230320.jpg,2,0.7240774631500244,True,VALID
190671.jpg,0,0.8653592467308044,True,VALID
190671.jpg,1,0.8593112826347351,True,VALID
190671.jpg,2,0.832646369934082,True,VALID
190671.jpg,3,,,
230438.jpg,0,0.8253627419471741,True,VALID
190124.jpg,0,0.8699243068695068,True,VALID
190124.jpg,1,0.8417787551879883,True,VALID
190124.jpg,2,0.3601151406764984,True,VALID
240222.jpg,0,0.8417925238609314,True,VALID
240222.jpg,1,0.650067150592804,True,VALID
240222.jpg,2,0.6353145837783813,True,VALID
260310.jpg,0,0.8361390829086304,True,VALID
260310.jpg,1,0.8157432079315186,True,VALID
260310.jpg,2,0.6915640830993652,True,VALID
220008.jpg,0,0.7931172251701355,True,VALID
220008.jpg,1,0.7877824902534485,True,VALID
220008.jpg,2,0.7277469038963318,True,VALID
240229.jpg,0,0.7302184700965881,True,VALID
240229.jpg,1,0.4911568760871887,False,FALSE_POSITIVE
260389.jpg,0,0.8852990865707397,True,VALID
260389.jpg,1,0.868918776512146,True,VALID
210331.jpg,0,0.6835409998893738,True,VALID
210331.jpg,1,,,
260204.jpg,0,0.8173935413360596,True,VALID
260204.jpg,1,0.36843109130859375,True,VALID
190070.jpg,0,0.8512161374092102,True,FALSE_POSITIVE
190239.jpg,0,0.8753901124000549,True,VALID
190239.jpg,1,0.8699020147323608,True,VALID
190239.jpg,2,0.8526327013969421,True,VALID
190239.jpg,3,0.6205295920372009,False,FALSE_POSITIVE
190247.jpg,0,0.7154697775840759,True,UNCERTAIN
190331.jpg,0,0.8689485788345337,True,VALID
210011.jpg,0,0.8046619296073914,True,VALID
210011.jpg,1,0.7583458423614502,True,VALID
210011.jpg,2,,,
210011.jpg,3,,,
260092.jpg,0,0.8293642401695251,True,VALID
260092.jpg,1,0.8159903287887573,True,VALID
260092.jpg,2,0.8118917346000671,True,VALID
210012.jpg,0,0.845335841178894,True,VALID
210012.jpg,1,0.8317241668701172,True,VALID
210012.jpg,2,0.7471218705177307,True,VALID
210012.jpg,3,0.7181979417800903,True,VALID
210012.jpg,4,0.6758626103401184,True,VALID
210012.jpg,5,,,
260495.jpg,0,0.8413867950439453,True,VALID
260495.jpg,1,0.8354533910751343,True,VALID
260495.jpg,2,0.8259767293930054,True,VALID
260495.jpg,3,0.7927222847938538,True,VALID
220129.jpg,0,0.8110831379890442,True,VALID
220129.jpg,1,0.7545788884162903,True,VALID
220129.jpg,2,,,
210362.jpg,0,0.8265164494514465,True,VALID
210362.jpg,1,0.8159441947937012,True,VALID
210362.jpg,2,0.5914292335510254,True,FALSE_POSITIVE
210362.jpg,3,0.36596816778182983,False,FALSE_POSITIVE
210362.jpg,4,,,
210399.jpg,0,0.813201904296875,True,VALID
210399.jpg,1,,,
230249.jpg,0,0.8099045753479004,True,VALID
230249.jpg,1,0.7963048219680786,True,VALID
230249.jpg,2,0.7143804430961609,True,VALID
230249.jpg,3,0.703635573387146,True,VALID
230249.jpg,4,0.6952065229415894,True,VALID
190727.jpg,0,0.8823392987251282,True,VALID
220229.jpg,0,0.853178858757019,True,VALID
220229.jpg,1,0.8278929591178894,True,VALID
210328.jpg,0,0.841579794883728,True,VALID
210328.jpg,1,0.8251599073410034,True,VALID
260122.jpg,0,0.799717128276825,True,VALID
260122.jpg,1,0.7907743453979492,True,VALID
260434.jpg,0,0.8656728267669678,True,VALID
200307.jpg,0,0.7229268550872803,True,VALID
200307.jpg,1,,,
220110.jpg,0,0.8344331383705139,True,VALID
220110.jpg,1,0.7905909419059753,True,VALID
220110.jpg,2,0.7286246418952942,True,VALID
260308.jpg,0,,,
260367.jpg,0,0.8915625810623169,True,VALID
260367.jpg,1,0.882165789604187,True,VALID
220043.jpg,0,0.8281316757202148,True,VALID
220043.jpg,1,0.6617090106010437,True,VALID
220113.jpg,0,0.8021911382675171,True,VALID
220113.jpg,1,0.7864807844161987,True,VALID
220113.jpg,2,0.5142481923103333,True,VALID
220113.jpg,3,0.39497557282447815,True,VALID
190258.jpg,0,0.8781448006629944,True,VALID
190258.jpg,1,0.8687252402305603,True,VALID
190258.jpg,2,0.8603795766830444,True,VALID
190399.jpg,0,0.8516324162483215,True,VALID
190399.jpg,1,0.8478974103927612,True,VALID
190399.jpg,2,0.8378369808197021,True,VALID
190399.jpg,3,0.4591507017612457,True,FALSE_POSITIVE
260284.jpg,0,0.8576253056526184,True,VALID
260284.jpg,1,0.8562129735946655,True,VALID
210054.jpg,0,0.6059879660606384,True,VALID
210054.jpg,1,0.5621465444564819,True,VALID
210054.jpg,2,,,
220268.jpg,0,0.7145957350730896,True,VALID
200073.jpg,0,0.7935230135917664,True,VALID
190651.jpg,0,0.8683233857154846,True,VALID
210154.jpg,0,,,
210280.jpg,0,0.8402733206748962,True,VALID
230248.jpg,0,0.8752604126930237,True,VALID
230141.jpg,0,0.8272718787193298,True,VALID
230141.jpg,1,0.8258593082427979,True,VALID
230141.jpg,2,,,
230141.jpg,3,,,
210215.jpg,0,0.8603107333183289,True,VALID
210215.jpg,1,0.8510802984237671,True,VALID
210215.jpg,2,0.8090612888336182,True,VALID
190148.jpg,0,0.8625581860542297,True,VALID
190148.jpg,1,0.6055634021759033,True,VALID
230183.jpg,0,0.8382245898246765,True,VALID
240023.jpg,0,0.7915027141571045,True,VALID
240023.jpg,1,0.7869114279747009,True,VALID
240023.jpg,2,0.6892079710960388,False,FALSE_POSITIVE
240023.jpg,3,,,
200091.jpg,0,0.8134328722953796,True,VALID
190601.jpg,0,0.868256688117981,True,VALID
190601.jpg,1,0.6664482355117798,True,VALID
240059.jpg,0,0.8429235816001892,True,VALID
240059.jpg,1,,,
240059.jpg,2,,,
240031.jpg,0,0.7968624234199524,True,VALID
240031.jpg,1,0.6354668140411377,True,VALID
240280.jpg,0,0.8326233625411987,True,VALID
240280.jpg,1,0.8164069056510925,True,VALID
220078.jpg,0,0.8513234257698059,True,VALID
260228.jpg,0,0.8625157475471497,True,VALID
190594.jpg,0,0.8715898990631104,True,VALID
190793.jpg,0,0.8671795129776001,True,VALID
190793.jpg,1,0.8496190905570984,True,VALID
190793.jpg,2,0.8346288800239563,False,VALID
190793.jpg,3,0.8279427289962769,True,VALID
190793.jpg,4,,,
190793.jpg,5,,,
190793.jpg,6,,,
220267.jpg,0,0.8622531294822693,True,VALID
190529.jpg,0,0.8600012063980103,True,VALID
190529.jpg,1,0.8598304986953735,True,VALID
190529.jpg,2,0.8499482870101929,True,VALID
190529.jpg,3,0.7558797001838684,True,FALSE_POSITIVE
190529.jpg,4,0.6734215617179871,True,VALID
240264.jpg,0,0.7767292857170105,True,VALID
240264.jpg,1,0.674311101436615,True,VALID
190785.jpg,0,0.8091952800750732,True,VALID
190425.jpg,0,0.8300745487213135,True,VALID
190425.jpg,1,0.8256053924560547,True,VALID
190425.jpg,2,0.7157927751541138,True,VALID
190540.jpg,0,0.8605180382728577,True,VALID
220354.jpg,0,0.8422430157661438,True,VALID
210228.jpg,0,0.7538057565689087,True,VALID
210228.jpg,1,0.39384743571281433,True,FALSE_POSITIVE
210228.jpg,2,,,
190775.jpg,0,0.873205840587616,True,VALID
190775.jpg,1,0.8727603554725647,True,VALID
190775.jpg,2,0.8667794466018677,True,VALID
190775.jpg,3,0.8648185133934021,True,VALID
190456.jpg,0,0.7548143863677979,True,VALID
200120.jpg,0,0.8537441492080688,True,VALID
200120.jpg,1,0.7658332586288452,True,VALID
190511.jpg,0,0.8280171751976013,True,VALID
190511.jpg,1,0.7557264566421509,True,VALID
190511.jpg,2,0.6785470843315125,True,VALID
190511.jpg,3,0.6485570073127747,True,VALID
190511.jpg,4,0.6304541230201721,True,VALID
190511.jpg,5,0.4918326437473297,True,VALID
190511.jpg,6,,,
210021.jpg,0,0.8491158485412598,True,VALID
210021.jpg,1,0.7907435894012451,True,VALID
210021.jpg,2,,,
240158.jpg,0,0.7610353231430054,True,VALID
240158.jpg,1,0.6685261726379395,True,VALID
200076.jpg,0,0.8471060991287231,True,VALID
200076.jpg,1,0.821006715297699,True,VALID
200076.jpg,2,0.8051264882087708,True,VALID
220004.jpg,0,0.8240993618965149,True,VALID
220004.jpg,1,0.6462389230728149,True,VALID
220004.jpg,2,0.5959030389785767,True,VALID
240097.jpg,0,0.8476232886314392,True,VALID
240097.jpg,1,0.4141201376914978,True,FALSE_POSITIVE
190186.jpg,0,0.8036122918128967,True,VALID
210082.jpg,0,0.5422369837760925,True,VALID
210082.jpg,1,0.3512533903121948,False,VALID
220029.jpg,0,0.7132705450057983,True,VALID
200066.jpg,0,0.789151668548584,True,VALID
200066.jpg,1,0.7795006036758423,True,VALID
210337.jpg,0,0.8376714587211609,True,VALID
210337.jpg,1,0.826651394367218,True,VALID
210337.jpg,2,0.7328267693519592,True,VALID
210337.jpg,3,0.7190285325050354,True,VALID
210164.jpg,0,0.8546014428138733,True,VALID
210164.jpg,1,0.7764530181884766,True,VALID
210164.jpg,2,0.6852412819862366,True,FALSE_POSITIVE
220028.jpg,0,0.8659735918045044,True,VALID
220028.jpg,1,0.8619314432144165,True,VALID
220028.jpg,2,0.7957803010940552,True,VALID
220028.jpg,3,0.7838456630706787,True,VALID
230319.jpg,0,0.8536213040351868,True,VALID
190082.jpg,0,0.8766340613365173,True,VALID
260431.jpg,0,0.8663936853408813,True,VALID
260431.jpg,1,0.8645996451377869,True,VALID
260431.jpg,2,0.8245221376419067,True,VALID
190112.jpg,0,0.8700776100158691,True,VALID
190112.jpg,1,0.7920822501182556,True,VALID
190112.jpg,2,0.737606942653656,True,VALID
190112.jpg,3,,,
210195.jpg,0,0.7872357964515686,True,VALID
210195.jpg,1,0.762489914894104,True,VALID
210134.jpg,0,0.7992624640464783,True,VALID
190130.jpg,0,0.8631047010421753,True,VALID
190130.jpg,1,0.8412245512008667,True,VALID
200160.jpg,0,0.822206437587738,True,VALID
200160.jpg,1,0.8196802735328674,True,VALID
200160.jpg,2,0.8046838045120239,True,VALID
200160.jpg,3,0.7841654419898987,True,VALID
240194.jpg,0,0.6646204590797424,True,VALID
190758.jpg,0,0.86790531873703,True,VALID
210171.jpg,0,0.8041893243789673,True,VALID
210171.jpg,1,0.7678747177124023,True,VALID
210171.jpg,2,0.6819599270820618,True,UNCERTAIN
210171.jpg,3,,,
220203.jpg,0,0.8031378984451294,True,VALID
220203.jpg,1,0.7451539635658264,False,VALID
220203.jpg,2,0.5319581031799316,True,VALID
220203.jpg,3,,,
260158.jpg,0,0.8707444071769714,True,VALID
260158.jpg,1,0.8691038489341736,True,VALID
260158.jpg,2,0.8411585688591003,True,VALID
220019.jpg,0,0.7519422769546509,True,UNCERTAIN
220019.jpg,1,0.4342893064022064,True,UNCERTAIN
220019.jpg,2,0.2902628481388092,False,FALSE_POSITIVE
220178.jpg,0,0.8166852593421936,True,VALID
220178.jpg,1,,,
230326.jpg,0,0.8567350506782532,True,VALID
230326.jpg,1,0.8225089907646179,True,VALID
230326.jpg,2,0.8111193776130676,True,VALID
230326.jpg,3,0.7686494588851929,True,VALID
190809.jpg,0,0.8323781490325928,True,VALID
190810.jpg,0,0.8224890828132629,True,VALID
190810.jpg,1,0.7695552706718445,True,VALID
200243.jpg,0,0.8664541840553284,True,VALID
200243.jpg,1,0.8353467583656311,True,VALID
260527.jpg,0,0.8649580478668213,True,VALID
260428.jpg,0,0.8550937175750732,True,VALID
260428.jpg,1,0.8522850275039673,True,VALID
260428.jpg,2,0.847314715385437,True,VALID
260428.jpg,3,0.6552601456642151,True,VALID
200100.jpg,0,0.8284190893173218,True,VALID
200100.jpg,1,0.5444427132606506,True,FALSE_POSITIVE
200245.jpg,0,0.871669590473175,True,VALID
190074.jpg,0,0.8564931750297546,True,VALID
190074.jpg,1,0.8497877717018127,True,VALID
260258.jpg,0,0.8700199723243713,True,VALID
240426.jpg,0,0.849784791469574,True,VALID
240426.jpg,1,,,
190207.jpg,0,0.8580384850502014,True,VALID
190207.jpg,1,0.849629282951355,True,VALID
190207.jpg,2,0.7859768271446228,True,VALID
190207.jpg,3,0.6947827935218811,True,VALID
190207.jpg,4,0.6356163620948792,True,VALID
190207.jpg,5,0.6113042831420898,True,VALID
190207.jpg,6,0.37163445353507996,True,VALID
190178.jpg,0,0.7285442352294922,True,VALID
260390.jpg,0,0.8608164191246033,True,VALID
230132.jpg,0,0.8351906538009644,True,VALID
230132.jpg,1,0.7394970059394836,True,VALID
260318.jpg,0,0.8148223161697388,True,VALID
190764.jpg,0,0.8600876927375793,True,VALID
190764.jpg,1,0.846657931804657,True,VALID
190764.jpg,2,0.813158392906189,True,VALID
190764.jpg,3,0.7917339205741882,True,VALID
190764.jpg,4,0.7904954552650452,True,VALID
240118.jpg,0,0.8590738773345947,True,VALID
240118.jpg,1,0.6597890853881836,True,FALSE_POSITIVE
220136.jpg,0,0.7280383706092834,True,VALID
240238.jpg,0,,,
190494.jpg,0,0.8682158589363098,True,VALID
200173.jpg,0,0.8599354028701782,True,VALID
200173.jpg,1,0.8080636262893677,True,VALID
240134.jpg,0,0.836219847202301,True,VALID
240134.jpg,1,0.8015164136886597,True,VALID
240408.jpg,0,0.6522236466407776,True,VALID
240408.jpg,1,0.5608972907066345,True,VALID
230170.jpg,0,0.8639090657234192,True,VALID
230170.jpg,1,0.8397419452667236,True,VALID
230170.jpg,2,0.7750163674354553,True,VALID
190458.jpg,0,0.8707876801490784,True,VALID
190458.jpg,1,0.7998985648155212,True,VALID
190458.jpg,2,0.7069178819656372,True,VALID
210250.jpg,0,0.8504920601844788,True,VALID
190447.jpg,0,0.8786258101463318,True,VALID
230106.jpg,0,0.8054414391517639,True,VALID
230106.jpg,1,0.7548523545265198,True,VALID
240136.jpg,0,0.7803398370742798,True,VALID
190535.jpg,0,0.8480554819107056,True,VALID
220295.jpg,0,0.8465188145637512,True,VALID
220295.jpg,1,0.8281561136245728,True,VALID
240499.jpg,0,0.7175530195236206,True,VALID
240499.jpg,1,0.7131720781326294,True,VALID
240499.jpg,2,0.39813607931137085,True,VALID
240499.jpg,3,,,
240210.jpg,0,0.6913540959358215,True,VALID
240210.jpg,1,,,
240210.jpg,2,,,
210400.jpg,0,0.8739383220672607,True,VALID
240443.jpg,0,0.8440287113189697,True,VALID
190294.jpg,0,0.8414853811264038,True,VALID
190294.jpg,1,0.8305189609527588,True,VALID
260517.jpg,0,0.8264027237892151,True,FALSE_POSITIVE
190107.jpg,0,0.869631290435791,True,VALID
190107.jpg,1,0.3356856405735016,True,FALSE_POSITIVE
240355.jpg,0,0.823667049407959,True,VALID
240355.jpg,1,0.8021714091300964,True,VALID
230241.jpg,0,0.7442363500595093,True,VALID
220190.jpg,0,0.8411625623703003,True,VALID
220190.jpg,1,0.8314982056617737,True,VALID
220190.jpg,2,0.7649567723274231,True,VALID
220190.jpg,3,0.7076938152313232,True,VALID
220190.jpg,4,0.4492461085319519,False,UNCERTAIN
220190.jpg,5,,,
220174.jpg,0,0.825541079044342,True,VALID
220174.jpg,1,0.8213800191879272,True,VALID
220174.jpg,2,0.7544154524803162,True,VALID
220174.jpg,3,0.6555516123771667,False,VALID
220174.jpg,4,,,
220174.jpg,5,,,
220174.jpg,6,,,
220174.jpg,7,,,
240245.jpg,0,0.8567613959312439,True,VALID
230402.jpg,0,0.7686161994934082,True,VALID
210284.jpg,0,0.8398743867874146,True,VALID
210284.jpg,1,0.783294677734375,True,VALID
210284.jpg,2,0.37782084941864014,True,FALSE_POSITIVE
240404.jpg,0,0.8714786171913147,True,VALID
220021.jpg,0,0.813725471496582,True,VALID
220021.jpg,1,0.7842695116996765,False,VALID
220021.jpg,2,,,
220021.jpg,3,,,
240433.jpg,0,0.8465334177017212,True,VALID
260129.jpg,0,0.8451042771339417,True,VALID
200238.jpg,0,0.8456488847732544,True,VALID
200238.jpg,1,0.8447583913803101,True,VALID
200177.jpg,0,0.8592717051506042,True,VALID
230464.jpg,0,0.8027609586715698,True,VALID
230464.jpg,1,0.7705270051956177,True,VALID
230464.jpg,2,0.7389153242111206,True,VALID
190321.jpg,0,0.8775832056999207,True,VALID
190321.jpg,1,0.8713322877883911,True,VALID
190321.jpg,2,0.7959662079811096,True,VALID
190321.jpg,3,0.6836599707603455,True,VALID
190718.jpg,0,0.7688577771186829,True,VALID
190718.jpg,1,0.7179536819458008,True,VALID
190718.jpg,2,0.6981122493743896,True,VALID
200031.jpg,0,0.8369157314300537,True,VALID
200031.jpg,1,0.8054217100143433,True,VALID
210260.jpg,0,0.8395833373069763,True,VALID
210260.jpg,1,0.8296248912811279,True,VALID
210260.jpg,2,0.8217277526855469,True,VALID
260301.jpg,0,0.880998432636261,True,VALID
190169.jpg,0,0.8749988675117493,True,VALID
190731.jpg,0,0.8320774435997009,True,VALID
190731.jpg,1,,,
200214.jpg,0,0.861501157283783,True,VALID
200214.jpg,1,0.8520894646644592,True,VALID
200214.jpg,2,0.8261155486106873,True,VALID
260001.jpg,0,0.8523138165473938,True,VALID
260001.jpg,1,0.8476274013519287,True,VALID
260001.jpg,2,0.8292513489723206,True,VALID
260466.jpg,0,0.8304757475852966,True,VALID
190104.jpg,0,0.875598669052124,True,VALID
190104.jpg,1,0.8512779474258423,True,VALID
190104.jpg,2,0.7837035655975342,True,VALID
240207.jpg,0,0.8152072429656982,True,VALID
240207.jpg,1,,,
260470.jpg,0,0.8652238249778748,True,VALID
230101.jpg,0,0.8250737190246582,True,VALID
230101.jpg,1,0.7852434515953064,True,VALID
190562.jpg,0,0.8451406955718994,True,VALID
190562.jpg,1,0.7978982925415039,True,VALID
190562.jpg,2,0.7976274490356445,True,VALID
190562.jpg,3,0.7359918355941772,True,VALID
190562.jpg,4,,,
190434.jpg,0,,,
220353.jpg,0,0.8427520990371704,True,VALID
240244.jpg,0,0.8540264368057251,True,VALID
260296.jpg,0,0.8185411095619202,True,VALID
260296.jpg,1,0.752838134765625,True,VALID
260296.jpg,2,0.7334039211273193,True,VALID
190486.jpg,0,0.8790398836135864,True,VALID
190486.jpg,1,0.8547511100769043,True,VALID
190486.jpg,2,0.6706047058105469,True,VALID
220175.jpg,0,0.7850499153137207,True,VALID
220175.jpg,1,0.44879356026649475,True,VALID
260426.jpg,0,0.8233636021614075,True,VALID
260426.jpg,1,0.7434183955192566,True,VALID
190406.jpg,0,0.8786028027534485,True,VALID
190406.jpg,1,0.856253981590271,True,VALID
190406.jpg,2,0.7782710194587708,True,VALID
230006.jpg,0,0.8738335371017456,True,VALID
230006.jpg,1,0.853246808052063,True,VALID
230006.jpg,2,0.8350359201431274,True,VALID
230006.jpg,3,0.5574450492858887,True,VALID
240026.jpg,0,0.841384768486023,True,VALID
240026.jpg,1,0.7848612666130066,True,VALID
240026.jpg,2,0.5881708860397339,True,FALSE_POSITIVE
230009.jpg,0,0.843713104724884,True,VALID
220040.jpg,0,0.8537241220474243,True,VALID
220040.jpg,1,0.6179887056350708,True,VALID
220040.jpg,2,0.5406889319419861,True,VALID
230439.jpg,0,0.8247905969619751,True,VALID
230439.jpg,1,0.792169988155365,True,VALID
230439.jpg,2,0.7896024584770203,True,VALID
230439.jpg,3,0.7763636112213135,True,VALID
230439.jpg,4,0.7309779524803162,True,VALID
210094.jpg,0,0.8090848326683044,True,VALID
210094.jpg,1,0.6938709020614624,True,VALID
200259.jpg,0,0.7590138912200928,True,VALID
200259.jpg,1,0.7583318948745728,True,VALID
230245.jpg,0,0.7546427845954895,True,VALID
190512.jpg,0,0.7779385447502136,True,VALID
210131.jpg,0,0.8382722735404968,True,VALID
190580.jpg,0,0.8755589127540588,True,VALID
190580.jpg,1,0.8285699486732483,True,VALID
190580.jpg,2,0.81349778175354,True,VALID
190580.jpg,3,0.35037559270858765,True,UNCERTAIN
190596.jpg,0,0.41444769501686096,True,VALID
220112.jpg,0,0.8660005927085876,True,VALID
220112.jpg,1,0.8066264986991882,True,VALID
220112.jpg,2,0.7957393527030945,True,VALID
210002.jpg,0,0.4814707040786743,True,VALID
210002.jpg,1,0.4339351952075958,True,FALSE_POSITIVE
210002.jpg,2,,,
240356.jpg,0,0.8298908472061157,True,VALID
210085.jpg,0,0.8612055778503418,True,VALID
210085.jpg,1,0.5666895508766174,True,FALSE_POSITIVE
200199.jpg,0,0.8551633954048157,True,VALID
200199.jpg,1,0.8512427806854248,True,VALID
200199.jpg,2,0.46922287344932556,True,VALID
200199.jpg,3,,,
220231.jpg,0,0.8114291429519653,True,VALID
220231.jpg,1,0.8078418374061584,True,VALID
220231.jpg,2,0.6733991503715515,True,VALID
190721.jpg,0,0.8413853049278259,True,VALID
190721.jpg,1,0.8344225883483887,True,VALID
190721.jpg,2,0.8244546055793762,True,VALID
190721.jpg,3,0.762416660785675,True,VALID
190721.jpg,4,0.7597128748893738,True,VALID
190721.jpg,5,0.6771732568740845,True,VALID
190721.jpg,6,0.5288856029510498,True,VALID
210193.jpg,0,0.8352165818214417,True,VALID
210193.jpg,1,0.7883370518684387,True,VALID
260313.jpg,0,0.8796547651290894,True,VALID
260313.jpg,1,0.8422794342041016,True,VALID
260313.jpg,2,0.8321051001548767,True,VALID
260313.jpg,3,0.8284659385681152,True,VALID
260313.jpg,4,0.8179468512535095,True,VALID
190339.jpg,0,0.8862276077270508,True,VALID
190339.jpg,1,0.7248520255088806,True,VALID
220369.jpg,0,0.8406000733375549,True,VALID
190254.jpg,0,0.8497958183288574,True,VALID
190254.jpg,1,0.5856723189353943,True,VALID
190330.jpg,0,0.8445237278938293,True,VALID
190227.jpg,0,0.8085339665412903,True,VALID
190227.jpg,1,0.4779742658138275,True,VALID
230186.jpg,0,0.8414291739463806,True,VALID
230186.jpg,1,0.773139238357544,True,VALID
260344.jpg,0,0.8672450184822083,True,VALID
260344.jpg,1,,,
260171.jpg,0,0.8383756875991821,True,VALID
260171.jpg,1,0.7905775308609009,True,VALID
260171.jpg,2,0.5406428575515747,True,VALID
210359.jpg,0,0.6109192967414856,True,FALSE_POSITIVE
230083.jpg,0,0.7950658202171326,True,VALID
230083.jpg,1,0.6838287115097046,True,VALID
190240.jpg,0,0.8844835162162781,True,VALID
190240.jpg,1,0.8733499050140381,True,VALID
190240.jpg,2,0.8716816902160645,True,VALID
190240.jpg,3,0.5238324403762817,True,VALID
240381.jpg,0,0.5364010334014893,True,VALID
240381.jpg,1,0.4708786904811859,True,VALID
230421.jpg,0,0.844416618347168,True,VALID
230421.jpg,1,0.8289791345596313,True,VALID
190440.jpg,0,0.8607192635536194,True,VALID
190440.jpg,1,0.8260980844497681,True,VALID
190440.jpg,2,0.8190125823020935,True,VALID
190440.jpg,3,0.6307457685470581,True,VALID
190440.jpg,4,0.2886475920677185,True,VALID
190171.jpg,0,0.8669643998146057,True,VALID
190171.jpg,1,0.8597212433815002,True,VALID
190171.jpg,2,0.7864558100700378,True,VALID
190171.jpg,3,0.7844336032867432,True,VALID
260514.jpg,0,0.8456719517707825,True,VALID
200264.jpg,0,0.8182796239852905,True,VALID
200083.jpg,0,0.8445751667022705,True,VALID
200083.jpg,1,0.7007076740264893,True,FALSE_POSITIVE
200050.jpg,0,0.8633019328117371,True,VALID
200050.jpg,1,0.7971738576889038,True,VALID
200050.jpg,2,0.6119381785392761,True,VALID
260384.jpg,0,0.8798182010650635,True,VALID
260384.jpg,1,0.8314351439476013,True,VALID
260384.jpg,2,0.8168228268623352,True,VALID
260384.jpg,3,0.7907852530479431,True,VALID
260384.jpg,4,0.5110701322555542,True,VALID
190681.jpg,0,0.8508208990097046,True,VALID
190681.jpg,1,0.8306707143783569,True,VALID
190681.jpg,2,0.6373457908630371,True,VALID
230211.jpg,0,0.8585846424102783,True,VALID
230211.jpg,1,0.8319320678710938,True,VALID
230211.jpg,2,0.8201520442962646,True,VALID
230211.jpg,3,,,
240400.jpg,0,0.8567053079605103,True,VALID
240400.jpg,1,0.8058568239212036,True,VALID
220147.jpg,0,0.8314387798309326,True,VALID
220147.jpg,1,0.7523297071456909,True,VALID
230018.jpg,0,0.8407726883888245,True,VALID
230018.jpg,1,0.8032761216163635,True,VALID
230018.jpg,2,0.7685445547103882,True,VALID
230018.jpg,3,0.7585727572441101,True,VALID
230018.jpg,4,0.7278080582618713,True,VALID
210210.jpg,0,0.8585662841796875,True,VALID
240444.jpg,0,0.8017115592956543,True,VALID
240444.jpg,1,0.7743017077445984,True,VALID
240444.jpg,2,0.7344903349876404,True,VALID
240444.jpg,3,,,
190334.jpg,0,0.8691322207450867,True,VALID
190334.jpg,1,0.8640850186347961,True,VALID
190334.jpg,2,0.8337135314941406,True,VALID
190334.jpg,3,0.8198226094245911,True,VALID
230280.jpg,0,0.8474079370498657,True,VALID
230280.jpg,1,0.8366093039512634,True,VALID
230280.jpg,2,0.7942436933517456,True,VALID
230280.jpg,3,0.7916298508644104,True,VALID
230280.jpg,4,0.4480780065059662,True,VALID
230280.jpg,5,0.31897997856140137,False,VALID
230280.jpg,6,,,
230280.jpg,7,,,
190309.jpg,0,0.7950513362884521,True,VALID
230256.jpg,0,0.8224630355834961,True,VALID
200071.jpg,0,0.8696428537368774,True,VALID
200071.jpg,1,0.8555201888084412,True,VALID
200071.jpg,2,0.8517414331436157,True,VALID
210063.jpg,0,0.8268886208534241,True,VALID
240168.jpg,0,0.6752616763114929,True,VALID
190021.jpg,0,0.8691383600234985,True,VALID
190021.jpg,1,0.8440279364585876,True,VALID
190021.jpg,2,0.8365185260772705,True,VALID
240402.jpg,0,0.828776478767395,True,VALID
240402.jpg,1,0.706114649772644,True,VALID
190212.jpg,0,0.8446372151374817,True,VALID
190212.jpg,1,0.8253277540206909,True,VALID
190212.jpg,2,0.7781946063041687,True,VALID
200185.jpg,0,0.4615606367588043,True,FALSE_POSITIVE
260283.jpg,0,0.8555971384048462,True,VALID
260283.jpg,1,0.8296347856521606,True,VALID
230085.jpg,0,0.7607361078262329,True,VALID
200047.jpg,0,0.8745212554931641,True,VALID
200047.jpg,1,0.7881309390068054,True,VALID
220266.jpg,0,0.8161100149154663,True,VALID
220266.jpg,1,0.7025722861289978,True,VALID
220266.jpg,2,0.511050820350647,True,VALID
220266.jpg,3,0.4906821548938751,True,VALID
220263.jpg,0,0.8218848705291748,True,VALID
220263.jpg,1,0.8093432188034058,True,VALID
220263.jpg,2,,,
240390.jpg,0,0.8273391723632812,True,VALID
240390.jpg,1,0.8161464929580688,True,VALID
240390.jpg,2,0.7515244483947754,True,VALID
240390.jpg,3,,,
220285.jpg,0,0.7862581014633179,True,VALID
220285.jpg,1,0.7366211414337158,True,VALID
220285.jpg,2,0.48373469710350037,False,VALID
220285.jpg,3,,,
240465.jpg,0,0.858939528465271,True,VALID
260256.jpg,0,0.8266760110855103,True,VALID
260256.jpg,1,0.8231155276298523,True,VALID
260256.jpg,2,0.7572921514511108,True,VALID
260256.jpg,3,0.7477964162826538,True,VALID
230405.jpg,0,0.8601877093315125,True,VALID
190073.jpg,0,0.7940999269485474,True,VALID
190264.jpg,0,0.8394711017608643,True,VALID
190264.jpg,1,0.8338822722434998,True,VALID
190264.jpg,2,0.5440543293952942,True,FALSE_POSITIVE
240464.jpg,0,0.8209782242774963,True,VALID
240464.jpg,1,0.7666833400726318,True,VALID
240464.jpg,2,0.4610256552696228,False,FALSE_POSITIVE
230250.jpg,0,0.8574185967445374,True,VALID
230250.jpg,1,0.5496736764907837,True,UNCERTAIN
240216.jpg,0,0.6874480247497559,True,VALID
210403.jpg,0,0.8557599186897278,True,VALID
220075.jpg,0,0.750705361366272,True,VALID
220075.jpg,1,0.7480112314224243,True,VALID
230408.jpg,0,0.8548066020011902,True,VALID
230408.jpg,1,0.8460403680801392,True,VALID
230016.jpg,0,0.8224497437477112,True,VALID
230016.jpg,1,0.8007598519325256,True,FALSE_POSITIVE
230016.jpg,2,0.6802307367324829,True,VALID
260401.jpg,0,0.8699943423271179,True,VALID
230284.jpg,0,0.7489606738090515,True,VALID
200152.jpg,0,0.8078533411026001,True,VALID
200152.jpg,1,0.7868780493736267,True,VALID
200152.jpg,2,0.7823112607002258,True,VALID
200144.jpg,0,0.8286033272743225,True,VALID
200144.jpg,1,0.8131148219108582,True,VALID
200144.jpg,2,0.7743411660194397,True,VALID
230054.jpg,0,0.8329367637634277,True,VALID
230054.jpg,1,0.8131556510925293,True,VALID
230054.jpg,2,0.6433658599853516,True,VALID
210088.jpg,0,0.8749673962593079,True,VALID
210088.jpg,1,0.8492048978805542,True,VALID
210088.jpg,2,0.41236570477485657,True,VALID
260481.jpg,0,0.86281818151474,True,VALID
260481.jpg,1,0.8191026449203491,True,VALID
210229.jpg,0,0.8607386946678162,True,VALID
240137.jpg,0,0.8698925375938416,True,VALID
240137.jpg,1,0.8322204351425171,True,VALID
240137.jpg,2,0.512441098690033,True,FALSE_POSITIVE
190134.jpg,0,0.8663806915283203,True,VALID
240077.jpg,0,0.8539786338806152,True,VALID
240077.jpg,1,0.8102930784225464,True,VALID
240077.jpg,2,0.48230859637260437,False,UNCERTAIN
240100.jpg,0,0.6933123469352722,True,VALID
260004.jpg,0,0.7880610227584839,True,VALID
260314.jpg,0,0.8605148196220398,True,VALID
260314.jpg,1,0.8384883999824524,True,VALID
260358.jpg,0,0.8648139238357544,True,VALID
240253.jpg,0,0.7851924300193787,True,VALID
190244.jpg,0,0.8544957041740417,True,VALID
190244.jpg,1,0.847152829170227,True,VALID
190244.jpg,2,0.8393108248710632,True,VALID
190773.jpg,0,0.6688270568847656,True,UNCERTAIN
210312.jpg,0,0.7880895733833313,True,VALID
210312.jpg,1,0.7292136549949646,True,VALID
210312.jpg,2,0.635734498500824,True,VALID
210312.jpg,3,0.47098132967948914,True,VALID
210312.jpg,4,0.3926858901977539,False,FALSE_POSITIVE
210312.jpg,5,0.3714776933193207,True,FALSE_POSITIVE
260162.jpg,0,0.8462616801261902,True,VALID
260162.jpg,1,0.8312450051307678,True,VALID
260162.jpg,2,,,
190765.jpg,0,0.8289585709571838,True,VALID
190607.jpg,0,0.8606228828430176,True,VALID
190607.jpg,1,0.8585798144340515,True,VALID
190607.jpg,2,0.8240525126457214,True,VALID
190607.jpg,3,0.6771240234375,True,FALSE_POSITIVE
240436.jpg,0,0.7258431911468506,True,VALID
240436.jpg,1,,,
240436.jpg,2,,,
240014.jpg,0,0.7696009278297424,True,VALID
220022.jpg,0,0.6810542941093445,True,VALID
220022.jpg,1,0.589013934135437,True,VALID
230291.jpg,0,0.7949298024177551,True,VALID
230291.jpg,1,0.6316360235214233,True,FALSE_POSITIVE
220080.jpg,0,0.7532800436019897,True,VALID
260242.jpg,0,0.8696343898773193,True,VALID
190522.jpg,0,0.8703849911689758,True,VALID
190522.jpg,1,0.8687371015548706,True,VALID
190522.jpg,2,0.8616769909858704,True,VALID
260100.jpg,0,0.8175784349441528,True,VALID
260100.jpg,1,0.8140034079551697,True,VALID
260100.jpg,2,0.7897704839706421,True,VALID
200205.jpg,0,0.8624616265296936,True,VALID
200205.jpg,1,0.8515057563781738,True,VALID
190183.jpg,0,0.8554158210754395,True,VALID
190183.jpg,1,0.8310979008674622,True,VALID
190183.jpg,2,,,
190183.jpg,3,,,
190419.jpg,0,0.8667269349098206,True,VALID
190419.jpg,1,0.8559793829917908,True,VALID
190419.jpg,2,0.8400453329086304,True,VALID
190419.jpg,3,0.6509088277816772,True,VALID
190202.jpg,0,0.8817289471626282,True,VALID
190202.jpg,1,0.8589780926704407,True,VALID
200169.jpg,0,0.8718864917755127,True,VALID
200169.jpg,1,0.8519456386566162,True,VALID
200002.jpg,0,0.8647223114967346,True,VALID
200002.jpg,1,0.834011435508728,True,VALID
200002.jpg,2,0.8082455396652222,True,VALID
220246.jpg,0,0.8567137718200684,True,VALID
220246.jpg,1,0.8063691258430481,True,VALID
220246.jpg,2,0.7422938346862793,True,VALID
220246.jpg,3,0.6833841800689697,True,VALID
240038.jpg,0,0.7194541096687317,True,VALID
190521.jpg,0,0.8487027883529663,True,VALID
190521.jpg,1,0.8361398577690125,True,VALID
190730.jpg,0,0.8742000460624695,True,VALID
190730.jpg,1,0.870518147945404,True,VALID
190730.jpg,2,0.8544576168060303,True,VALID
190730.jpg,3,0.8485690951347351,True,VALID
190730.jpg,4,,,
190730.jpg,5,,,
240358.jpg,0,0.8282758593559265,True,VALID
230330.jpg,0,0.8602491617202759,True,VALID
230330.jpg,1,0.823483943939209,True,VALID
230330.jpg,2,0.7952451705932617,True,VALID
260250.jpg,0,0.8427478671073914,True,VALID
260386.jpg,0,0.767444372177124,True,VALID
260386.jpg,1,0.6162896752357483,True,FALSE_POSITIVE
240369.jpg,0,0.7849960327148438,True,VALID
240361.jpg,0,0.8460262417793274,True,VALID
240361.jpg,1,0.778213620185852,True,VALID
240361.jpg,2,0.31636783480644226,False,VALID
240361.jpg,3,,,
210184.jpg,0,0.8445809483528137,True,VALID
210184.jpg,1,0.7242311835289001,True,VALID
240193.jpg,0,0.8235463500022888,True,VALID
240193.jpg,1,0.6572145223617554,True,VALID
240193.jpg,2,,,
190698.jpg,0,0.6660353541374207,True,VALID
190698.jpg,1,0.554175853729248,True,VALID
190698.jpg,2,,,
260246.jpg,0,0.8038755655288696,True,VALID
220023.jpg,0,0.8553287982940674,True,VALID
260143.jpg,0,0.8728560209274292,True,VALID
200094.jpg,0,0.8722641468048096,True,VALID
200058.jpg,0,0.8481676578521729,True,VALID
200193.jpg,0,0.8549111485481262,True,VALID
260281.jpg,0,0.8416162729263306,True,VALID
190507.jpg,0,0.8679421544075012,True,VALID
190507.jpg,1,0.8676934838294983,True,VALID
190738.jpg,0,0.86635822057724,True,VALID
260405.jpg,0,0.8399145603179932,True,VALID
240270.jpg,0,0.8716278076171875,True,VALID
210222.jpg,0,0.8322252035140991,True,VALID
210222.jpg,1,0.6701465845108032,True,VALID
210222.jpg,2,0.5610350370407104,True,VALID
190650.jpg,0,0.8817503452301025,True,VALID
190650.jpg,1,0.877496600151062,True,VALID
220348.jpg,0,0.7449460029602051,True,VALID
220348.jpg,1,0.5297673344612122,True,FALSE_POSITIVE
220348.jpg,2,,,
190472.jpg,0,0.8752310276031494,True,VALID
190472.jpg,1,0.8597074747085571,True,VALID
190786.jpg,0,0.8797358870506287,True,VALID
190786.jpg,1,0.8725541234016418,True,VALID
260288.jpg,0,0.8806477189064026,True,VALID
260288.jpg,1,0.8225740194320679,True,VALID
260288.jpg,2,0.4532482624053955,False,FALSE_POSITIVE
240163.jpg,0,0.711150050163269,True,VALID
190689.jpg,0,0.8639468550682068,True,VALID
190689.jpg,1,0.8590391278266907,True,VALID
190649.jpg,0,0.8134381175041199,True,VALID
190439.jpg,0,0.8589602112770081,True,VALID
190439.jpg,1,0.8530737161636353,True,VALID
190439.jpg,2,0.8360084891319275,True,VALID
190439.jpg,3,0.7509469985961914,True,VALID
190439.jpg,4,0.7461715340614319,True,VALID
190439.jpg,5,0.7310799360275269,True,VALID
190439.jpg,6,0.5786266326904297,True,VALID
240412.jpg,0,0.8446272611618042,True,VALID
240412.jpg,1,0.3106188178062439,True,UNCERTAIN
260133.jpg,0,0.8745414614677429,True,VALID
260133.jpg,1,0.8079724907875061,True,VALID
240391.jpg,0,0.8098852038383484,True,VALID
240391.jpg,1,0.41449376940727234,False,FALSE_POSITIVE
230360.jpg,0,0.8509253859519958,True,VALID
230360.jpg,1,0.8390546441078186,True,VALID
230360.jpg,2,0.7937828898429871,True,VALID
230360.jpg,3,0.7527866363525391,True,VALID
190629.jpg,0,0.8329666256904602,True,VALID
230197.jpg,0,0.8557358384132385,True,VALID
230197.jpg,1,0.83589106798172,True,VALID
230197.jpg,2,0.6650607585906982,True,VALID
200042.jpg,0,0.8505067229270935,True,VALID
220066.jpg,0,0.3424503207206726,True,VALID
220153.jpg,0,0.8193492293357849,True,VALID
220153.jpg,1,0.8028630614280701,True,VALID
220153.jpg,2,0.7847428917884827,True,VALID
220153.jpg,3,0.7604259252548218,True,VALID
220153.jpg,4,0.754547655582428,True,VALID
220153.jpg,5,0.7436760663986206,True,VALID
220153.jpg,6,0.6536690592765808,True,VALID
220153.jpg,7,0.42407119274139404,True,VALID
240277.jpg,0,0.6407743692398071,True,VALID
240277.jpg,1,0.6147791743278503,True,VALID
240277.jpg,2,,,
190286.jpg,0,0.884739100933075,True,VALID
190286.jpg,1,0.8810911178588867,True,VALID
220358.jpg,0,0.7545716762542725,True,VALID
220358.jpg,1,0.7232316136360168,True,VALID
220358.jpg,2,,,
200133.jpg,0,0.841597318649292,True,VALID
200133.jpg,1,0.8386684060096741,True,VALID
200133.jpg,2,0.8249701857566833,True,VALID
210133.jpg,0,0.8616918325424194,True,VALID
240053.jpg,0,0.8325602412223816,True,VALID
240053.jpg,1,0.8198954463005066,True,VALID
240053.jpg,2,,,
260433.jpg,0,0.7031126618385315,True,VALID
260433.jpg,1,0.33978867530822754,True,VALID
190423.jpg,0,0.8529918193817139,True,VALID
220328.jpg,0,0.8237708806991577,True,VALID
220328.jpg,1,0.8031885623931885,True,VALID
230179.jpg,0,0.7365103960037231,True,VALID
230052.jpg,0,0.8533592224121094,True,VALID
230052.jpg,1,0.84073406457901,True,VALID
230052.jpg,2,0.8403598070144653,True,VALID
260124.jpg,0,0.8622103929519653,True,VALID
260124.jpg,1,0.6836979985237122,True,VALID
240223.jpg,0,0.8420919179916382,True,VALID
240223.jpg,1,0.7423974871635437,True,VALID
240223.jpg,2,,,
240295.jpg,0,0.6955305337905884,True,VALID
240295.jpg,1,0.5632422566413879,True,VALID
240295.jpg,2,,,
230210.jpg,0,0.7662258148193359,True,VALID
200019.jpg,0,0.8451402187347412,True,VALID
200019.jpg,1,0.8338230848312378,True,VALID
200019.jpg,2,0.8273002505302429,True,VALID
210013.jpg,0,0.8117943406105042,True,VALID
210013.jpg,1,0.7838338613510132,True,VALID
210013.jpg,2,0.7762705087661743,True,VALID
210013.jpg,3,0.7699297070503235,True,VALID
210013.jpg,4,,,
210013.jpg,5,,,
240424.jpg,0,0.8291527628898621,True,VALID
240424.jpg,1,0.702181339263916,True,VALID
260442.jpg,0,0.8730443120002747,True,VALID
220228.jpg,0,0.8478220105171204,True,VALID
220228.jpg,1,0.757652223110199,True,VALID
220228.jpg,2,0.6792510151863098,True,VALID
190663.jpg,0,0.85884028673172,True,VALID
190663.jpg,1,0.8540824055671692,True,VALID
190663.jpg,2,0.4933176338672638,True,VALID
190063.jpg,0,0.8683425784111023,True,VALID
190063.jpg,1,0.8201106786727905,True,VALID
190063.jpg,2,0.7798991203308105,True,VALID
190063.jpg,3,0.6705817580223083,True,VALID
190063.jpg,4,0.5248547792434692,False,VALID
190063.jpg,5,,,
190794.jpg,0,0.8451388478279114,True,VALID
190794.jpg,1,0.8443766832351685,True,VALID
220038.jpg,0,0.8438384532928467,True,VALID
190668.jpg,0,0.8385758399963379,True,VALID
190668.jpg,1,0.8332083821296692,True,VALID
190668.jpg,2,0.8318371176719666,True,VALID
190668.jpg,3,0.8157238364219666,True,VALID
190668.jpg,4,0.7749261856079102,True,VALID
230185.jpg,0,0.7735673785209656,True,VALID
230185.jpg,1,0.737607479095459,True,VALID
230185.jpg,2,0.690953254699707,True,VALID
230185.jpg,3,0.35809653997421265,True,VALID
230185.jpg,4,,,
190398.jpg,0,0.8480266332626343,True,VALID
190398.jpg,1,0.8022266626358032,True,VALID
190398.jpg,2,0.7973465323448181,True,VALID
190398.jpg,3,0.7881006598472595,True,VALID
190398.jpg,4,0.7088386416435242,True,VALID
190398.jpg,5,0.5420815944671631,True,VALID
190398.jpg,6,0.5096755027770996,True,VALID
260346.jpg,0,0.805299699306488,True,VALID
260346.jpg,1,0.5615070462226868,True,VALID
200069.jpg,0,0.8451691269874573,True,VALID
210348.jpg,0,0.8411768674850464,True,VALID
210348.jpg,1,0.7410361766815186,True,VALID
190135.jpg,0,0.8645021319389343,True,VALID
190135.jpg,1,0.8399961590766907,True,VALID
190135.jpg,2,0.7881917953491211,True,VALID
220137.jpg,0,0.7543700933456421,True,VALID
190715.jpg,0,0.8588960766792297,True,VALID
190088.jpg,0,0.8637098073959351,True,VALID
260536.jpg,0,0.8627637624740601,True,VALID
240309.jpg,0,0.8260392546653748,True,VALID
190290.jpg,0,0.8779201507568359,True,VALID
190290.jpg,1,0.8550857901573181,True,VALID
190290.jpg,2,0.8301258087158203,True,VALID
190290.jpg,3,0.83006352186203,True,VALID
190532.jpg,0,0.8598999977111816,True,VALID
190532.jpg,1,0.8443993926048279,True,VALID
190532.jpg,2,0.8211435675621033,True,VALID
260303.jpg,0,0.862565815448761,True,VALID
260303.jpg,1,0.8460326194763184,True,VALID
260303.jpg,2,,,
260303.jpg,3,,,
260339.jpg,0,0.8306636214256287,True,VALID
190482.jpg,0,0.8730706572532654,True,VALID
190482.jpg,1,0.8536046743392944,True,VALID
210019.jpg,0,0.8391768932342529,True,VALID
210019.jpg,1,0.6526373624801636,False,FALSE_POSITIVE
210019.jpg,2,,,
210320.jpg,0,0.7803221344947815,True,VALID
210320.jpg,1,0.7391409873962402,True,VALID
210320.jpg,2,0.49771085381507874,True,VALID
210075.jpg,0,0.8490756154060364,True,VALID
260214.jpg,0,0.8639652729034424,True,VALID
260214.jpg,1,0.5844212770462036,True,VALID
230100.jpg,0,0.8353798389434814,True,VALID
230100.jpg,1,0.8097605109214783,True,VALID
210145.jpg,0,0.7759238481521606,True,VALID
210145.jpg,1,0.7517252564430237,True,VALID
210145.jpg,2,0.7242515683174133,True,VALID
210145.jpg,3,0.656329870223999,True,VALID
210145.jpg,4,0.6560643315315247,True,VALID
210145.jpg,5,0.6149004101753235,True,VALID
210145.jpg,6,0.42485570907592773,True,VALID
210145.jpg,7,0.296024352312088,True,UNCERTAIN
230324.jpg,0,0.8616790175437927,True,VALID
230324.jpg,1,0.7792595028877258,True,FALSE_POSITIVE
240177.jpg,0,0.8437938094139099,True,VALID
240177.jpg,1,0.7847763895988464,True,VALID
240177.jpg,2,0.7063536643981934,True,VALID
240177.jpg,3,,,
210038.jpg,0,0.7884424328804016,True,VALID
210410.jpg,0,0.8630547523498535,True,FALSE_POSITIVE
240409.jpg,0,0.8290022015571594,True,VALID
240409.jpg,1,0.6456884741783142,True,VALID
240409.jpg,2,,,
240472.jpg,0,0.8483327031135559,True,VALID
240472.jpg,1,0.8225323557853699,True,VALID
240472.jpg,2,0.6872619390487671,True,VALID
220014.jpg,0,0.7697791457176208,True,VALID
220014.jpg,1,0.6411501169204712,True,VALID
210380.jpg,0,0.8026403188705444,True,VALID
230207.jpg,0,0.7835533618927002,True,VALID
230159.jpg,0,0.8267126083374023,True,VALID
230159.jpg,1,0.8242339491844177,True,VALID
190778.jpg,0,0.8642096519470215,True,VALID
190778.jpg,1,0.8617222905158997,True,VALID
200306.jpg,0,0.8111711740493774,True,VALID
200306.jpg,1,0.7109656929969788,True,VALID
200306.jpg,2,0.5336452722549438,True,VALID
220329.jpg,0,0.8359423875808716,True,VALID
220329.jpg,1,0.8222066760063171,True,VALID
190243.jpg,0,0.8725528717041016,True,VALID
190243.jpg,1,0.8690862059593201,True,VALID
190243.jpg,2,0.780200183391571,True,VALID
190243.jpg,3,0.763238787651062,True,VALID
260082.jpg,0,0.8507277965545654,True,VALID
210093.jpg,0,0.7905247807502747,True,VALID
210093.jpg,1,0.613314151763916,True,VALID
210093.jpg,2,0.3531668484210968,False,FALSE_POSITIVE
190573.jpg,0,0.8767663240432739,True,VALID
190573.jpg,1,0.8678022623062134,True,VALID
190573.jpg,2,0.858315110206604,True,VALID
190573.jpg,3,0.8459446430206299,True,VALID
190573.jpg,4,0.8450044989585876,True,VALID
260231.jpg,0,0.8652508854866028,True,VALID
260231.jpg,1,,,
230078.jpg,0,0.8380935192108154,True,VALID
200212.jpg,0,0.8199499845504761,True,VALID
220381.jpg,0,0.7239699363708496,True,VALID
220381.jpg,1,0.5536006093025208,False,FALSE_POSITIVE
210333.jpg,0,0.7749506831169128,True,VALID
190581.jpg,0,0.860450267791748,True,VALID
190581.jpg,1,0.8525969982147217,True,VALID
190581.jpg,2,0.8122248649597168,True,VALID
210433.jpg,0,0.7966663837432861,True,VALID
210433.jpg,1,0.7314221858978271,True,VALID
220002.jpg,0,0.8155210614204407,True,VALID
220002.jpg,1,0.7929315567016602,True,VALID
220002.jpg,2,0.7239278554916382,True,VALID
220002.jpg,3,0.6358396410942078,True,VALID
220118.jpg,0,0.8061291575431824,True,VALID
220118.jpg,1,0.7770010828971863,True,VALID
210321.jpg,0,0.8559582829475403,True,VALID
190386.jpg,0,0.8801001906394958,True,VALID
210189.jpg,0,0.7755911946296692,True,VALID
210189.jpg,1,0.7632918357849121,True,VALID
210189.jpg,2,0.6567509174346924,True,VALID
230372.jpg,0,0.8597350120544434,True,VALID
230372.jpg,1,0.8328852653503418,True,VALID
230372.jpg,2,0.7892961502075195,True,VALID
230372.jpg,3,0.7575232982635498,True,VALID
230372.jpg,4,0.7430862784385681,True,VALID
230372.jpg,5,0.29750680923461914,True,FALSE_POSITIVE
260178.jpg,0,0.8354472517967224,True,VALID
260178.jpg,1,0.8173884749412537,True,VALID
260096.jpg,0,0.8745418190956116,True,VALID
260096.jpg,1,0.782677412033081,True,VALID
210198.jpg,0,0.854210376739502,True,VALID
210198.jpg,1,0.8339169025421143,True,VALID
210198.jpg,2,0.8201278448104858,True,VALID
210198.jpg,3,0.7738650441169739,True,VALID
190109.jpg,0,0.8403800129890442,True,VALID
190109.jpg,1,0.7438907027244568,True,VALID
190109.jpg,2,0.6154560446739197,True,VALID
190600.jpg,0,0.8802374005317688,True,VALID
190600.jpg,1,0.8689039349555969,True,VALID
240152.jpg,0,0.8302621245384216,True,VALID
240152.jpg,1,0.8205030560493469,True,VALID
240152.jpg,2,0.5541958808898926,True,UNCERTAIN
240152.jpg,3,0.30811724066734314,False,FALSE_POSITIVE
240152.jpg,4,0.29350265860557556,False,FALSE_POSITIVE
190492.jpg,0,0.8793156743049622,True,VALID
190492.jpg,1,,,
200007.jpg,0,0.8430902361869812,True,VALID
210288.jpg,0,0.8188312649726868,True,VALID
210288.jpg,1,0.7649001479148865,True,VALID
210288.jpg,2,0.5629678964614868,True,VALID
210288.jpg,3,0.366641104221344,False,VALID
210288.jpg,4,,,
190443.jpg,0,0.8810508847236633,True,VALID
190443.jpg,1,0.874890148639679,True,VALID
190476.jpg,0,0.8440101146697998,True,VALID
190476.jpg,1,0.8227025866508484,True,VALID
190476.jpg,2,0.810939371585846,True,VALID
190476.jpg,3,0.8057903051376343,True,VALID
190476.jpg,4,0.7693930864334106,True,VALID
190476.jpg,5,0.7620102167129517,True,VALID
240176.jpg,0,0.7792147397994995,True,VALID
220089.jpg,0,0.8588812947273254,True,VALID
190451.jpg,0,0.849012553691864,True,FALSE_POSITIVE
210379.jpg,0,0.8393945693969727,True,VALID
210379.jpg,1,0.7573341131210327,True,VALID
210379.jpg,2,0.718280553817749,True,VALID
210379.jpg,3,0.6338180303573608,True,VALID
210379.jpg,4,0.4774992763996124,True,VALID
190346.jpg,0,0.8553160429000854,True,VALID
190346.jpg,1,0.8529599905014038,True,VALID
190346.jpg,2,0.8297109007835388,True,VALID
190346.jpg,3,0.79123854637146,True,VALID
190346.jpg,4,0.767926037311554,True,VALID
190346.jpg,5,0.7520335912704468,True,VALID
190346.jpg,6,0.6927492022514343,True,VALID
200105.jpg,0,0.8639683127403259,True,VALID
200105.jpg,1,0.8306486010551453,True,VALID
220261.jpg,0,0.7879253029823303,True,VALID
260506.jpg,0,0.8411258459091187,True,VALID
260506.jpg,1,0.8298832178115845,True,VALID
260506.jpg,2,0.8234845399856567,True,VALID
260506.jpg,3,0.8055180907249451,True,VALID
260506.jpg,4,0.7730576395988464,True,VALID
230449.jpg,0,0.8292351961135864,True,VALID
230449.jpg,1,0.8074158430099487,True,VALID
220214.jpg,0,0.8026496767997742,True,VALID
220214.jpg,1,0.7728370428085327,True,VALID
220214.jpg,2,0.7218640446662903,False,VALID
220214.jpg,3,0.7035876512527466,True,VALID
220214.jpg,4,0.6013372540473938,True,VALID
220214.jpg,5,0.4567514657974243,True,VALID
220214.jpg,6,0.309619665145874,False,FALSE_POSITIVE
220214.jpg,7,,,
220214.jpg,8,,,
190174.jpg,0,0.7971349954605103,True,VALID
200159.jpg,0,0.839485228061676,True,VALID
200159.jpg,1,0.7793902158737183,True,VALID
200159.jpg,2,0.5382035970687866,False,FALSE_POSITIVE
190277.jpg,0,0.8651779294013977,True,VALID
190277.jpg,1,0.857269287109375,True,VALID
190277.jpg,2,0.8534689545631409,True,VALID
190277.jpg,3,0.732634425163269,True,FALSE_POSITIVE
190277.jpg,4,0.5731756687164307,True,VALID
240142.jpg,0,0.48201215267181396,True,VALID
240142.jpg,1,0.45688343048095703,True,VALID
260326.jpg,0,0.7670562267303467,True,VALID
260326.jpg,1,0.5886303782463074,True,VALID
190137.jpg,0,0.8609756231307983,True,VALID
190349.jpg,0,0.8667715191841125,True,VALID
190349.jpg,1,,,
200302.jpg,0,0.8227607607841492,True,VALID
190072.jpg,0,0.8235988020896912,True,VALID
190072.jpg,1,0.8163972496986389,True,VALID
210418.jpg,0,0.8428923487663269,True,VALID
210418.jpg,1,0.8197494745254517,True,VALID
210418.jpg,2,0.8065251111984253,True,VALID
210418.jpg,3,0.6664547920227051,True,VALID
260306.jpg,0,0.8559818863868713,True,VALID
200011.jpg,0,0.8186273574829102,True,VALID
200011.jpg,1,0.8112847208976746,True,VALID
200011.jpg,2,0.7855109572410583,True,VALID
200011.jpg,3,0.6400909423828125,True,VALID
200011.jpg,4,0.5041689872741699,True,VALID
260179.jpg,0,0.8448521494865417,True,UNCERTAIN
260179.jpg,1,0.7484415769577026,True,VALID
210251.jpg,0,0.7741608023643494,True,VALID
210251.jpg,1,0.7608556747436523,True,VALID
210251.jpg,2,0.35905635356903076,True,UNCERTAIN
210251.jpg,3,0.30474379658699036,False,UNCERTAIN
210251.jpg,4,,,
260005.jpg,0,0.29329654574394226,True,FALSE_POSITIVE
240032.jpg,0,0.8590801358222961,True,VALID
200231.jpg,0,0.8151437044143677,True,VALID
200231.jpg,1,0.8143284916877747,True,VALID
200231.jpg,2,0.8019214272499084,True,VALID
200231.jpg,3,0.7943747043609619,True,VALID
200290.jpg,0,0.8488205075263977,True,VALID
220333.jpg,0,0.6864092350006104,True,VALID
260342.jpg,0,0.7279792428016663,True,VALID
260025.jpg,0,0.845637321472168,True,VALID
260298.jpg,0,0.8367557525634766,True,VALID
220202.jpg,0,0.8113899827003479,True,VALID
220202.jpg,1,0.7347398400306702,True,VALID
220202.jpg,2,0.576788067817688,True,VALID
190752.jpg,0,0.8904672861099243,True,VALID
190752.jpg,1,0.870820164680481,True,VALID
190752.jpg,2,0.43095651268959045,True,FALSE_POSITIVE
230136.jpg,0,0.8680773377418518,True,VALID
240237.jpg,0,0.8240480422973633,True,VALID
240237.jpg,1,0.7543411254882812,True,VALID
240333.jpg,0,0.7709107398986816,True,VALID
240333.jpg,1,0.5810456275939941,True,FALSE_POSITIVE
190452.jpg,0,0.8571265339851379,True,VALID
190452.jpg,1,0.8416627049446106,True,VALID
190452.jpg,2,0.834884524345398,True,VALID
210376.jpg,0,0.822219967842102,True,VALID
210376.jpg,1,0.7915040254592896,True,VALID
210376.jpg,2,0.7280502319335938,True,VALID
210376.jpg,3,0.6497752666473389,True,VALID
210376.jpg,4,,,
230363.jpg,0,0.7998892068862915,True,VALID
210044.jpg,0,0.8524843454360962,True,VALID
200229.jpg,0,0.839900016784668,True,VALID
200229.jpg,1,0.8382153511047363,True,VALID
240064.jpg,0,0.7953540086746216,True,VALID
240064.jpg,1,0.7320652008056641,True,VALID
240064.jpg,2,0.61905437707901,True,VALID
190056.jpg,0,0.790341854095459,True,VALID
230388.jpg,0,0.8321760892868042,True,VALID
230388.jpg,1,0.7566058039665222,True,VALID
190736.jpg,0,0.8377572894096375,True,VALID
190736.jpg,1,0.8262621164321899,True,VALID
190736.jpg,2,0.8010814785957336,True,VALID
190736.jpg,3,0.7299476265907288,True,VALID
190121.jpg,0,0.877139687538147,True,VALID
190121.jpg,1,0.8615881204605103,True,VALID
190121.jpg,2,0.8476467728614807,True,VALID
190121.jpg,3,0.39676666259765625,True,FALSE_POSITIVE
190634.jpg,0,0.8676486015319824,True,VALID
190634.jpg,1,0.8651561141014099,True,VALID
240298.jpg,0,0.8066924810409546,True,VALID
240298.jpg,1,0.7491341829299927,True,VALID
240190.jpg,0,0.7617989182472229,True,VALID
210392.jpg,0,0.8308364152908325,True,VALID
210392.jpg,1,0.7997545599937439,True,VALID
210319.jpg,0,0.8482427000999451,True,VALID
210319.jpg,1,0.8215548396110535,True,VALID
210319.jpg,2,0.7941505908966064,True,VALID
210319.jpg,3,0.7671213150024414,True,VALID
230122.jpg,0,0.8600360155105591,True,VALID
230251.jpg,0,0.8393779993057251,True,VALID
230251.jpg,1,0.8183736205101013,True,VALID
230251.jpg,2,0.6761592030525208,True,VALID
240199.jpg,0,0.7486106753349304,True,FALSE_POSITIVE
240199.jpg,1,0.7150924801826477,True,VALID
240199.jpg,2,0.54183429479599,True,VALID
230333.jpg,0,0.8574927449226379,True,VALID
220041.jpg,0,0.8451132774353027,True,VALID
220041.jpg,1,0.7967178225517273,True,VALID
220041.jpg,2,0.7859662771224976,True,VALID
220041.jpg,3,,,
190766.jpg,0,0.8736538887023926,True,VALID
190766.jpg,1,0.5549850463867188,True,UNCERTAIN
190237.jpg,0,0.8819499015808105,True,VALID
230454.jpg,0,0.8607863187789917,True,VALID
200022.jpg,0,0.8340127468109131,True,VALID
200022.jpg,1,0.40718308091163635,True,FALSE_POSITIVE
190615.jpg,0,0.8615013360977173,True,VALID
190615.jpg,1,0.8557501435279846,True,VALID
190615.jpg,2,0.8323118090629578,True,VALID
200040.jpg,0,0.8451340794563293,True,VALID
200040.jpg,1,0.5904615521430969,True,VALID
210147.jpg,0,0.8301829695701599,True,VALID
210147.jpg,1,0.7927882075309753,True,VALID
210147.jpg,2,0.7284008860588074,True,VALID
210147.jpg,3,0.3509635329246521,True,UNCERTAIN
230105.jpg,0,0.834825336933136,True,VALID
230105.jpg,1,0.38192620873451233,True,VALID
260400.jpg,0,0.8436865210533142,True,VALID
260400.jpg,1,0.8279849886894226,True,VALID
190076.jpg,0,0.7548356056213379,False,VALID
190076.jpg,1,,,
190076.jpg,2,,,
190095.jpg,0,0.8833141326904297,True,VALID
190095.jpg,1,0.8737587928771973,True,VALID
210077.jpg,0,0.7819756865501404,True,VALID
260054.jpg,0,0.8378732800483704,True,VALID
260054.jpg,1,0.834161639213562,True,VALID
200317.jpg,0,0.8215042352676392,True,FALSE_POSITIVE
200317.jpg,1,0.8184806108474731,True,VALID
200317.jpg,2,,,
220184.jpg,0,0.8083053827285767,True,VALID
220184.jpg,1,0.7001917958259583,True,VALID
220184.jpg,2,0.5360078811645508,True,VALID
220184.jpg,3,,,
240065.jpg,0,0.8193516135215759,True,VALID
240065.jpg,1,0.7450840473175049,True,VALID
240425.jpg,0,0.8508490324020386,True,VALID
240425.jpg,1,0.711299479007721,True,FALSE_POSITIVE
190103.jpg,0,0.8384812474250793,True,VALID
190103.jpg,1,0.6605125069618225,True,VALID
190103.jpg,2,,,
190692.jpg,0,0.6746172308921814,True,VALID
190813.jpg,0,0.8520209193229675,True,VALID
200156.jpg,0,0.8522844314575195,True,VALID
240044.jpg,0,0.8313290476799011,True,VALID
210138.jpg,0,0.7149084210395813,False,VALID
210138.jpg,1,,,
190410.jpg,0,0.8168753385543823,True,VALID
220200.jpg,0,0.8554897904396057,True,VALID
220200.jpg,1,0.8345137238502502,True,VALID
260229.jpg,0,0.8278990983963013,True,VALID
260229.jpg,1,0.7629958987236023,True,VALID
260229.jpg,2,0.7177948951721191,True,VALID
260229.jpg,3,,,
190345.jpg,0,0.8579314947128296,True,VALID
190345.jpg,1,0.3565426766872406,False,FALSE_POSITIVE
200145.jpg,0,0.8776583671569824,True,VALID
200145.jpg,1,0.8602274656295776,True,VALID
200145.jpg,2,0.7653630375862122,True,VALID
190694.jpg,0,0.8585670590400696,True,VALID
190694.jpg,1,0.8551685810089111,True,VALID
190694.jpg,2,0.8144575357437134,True,VALID
190694.jpg,3,0.7966236472129822,True,VALID
190694.jpg,4,0.3727603554725647,True,FALSE_POSITIVE
260202.jpg,0,0.8256685137748718,True,VALID
260455.jpg,0,0.848589301109314,True,VALID
260455.jpg,1,0.7636414766311646,True,VALID
240454.jpg,0,0.7341760993003845,True,VALID
240374.jpg,0,0.8541725277900696,True,VALID
240374.jpg,1,0.7613896727561951,True,VALID
240047.jpg,0,0.8428516387939453,True,VALID
240047.jpg,1,0.3747384250164032,True,FALSE_POSITIVE
200242.jpg,0,0.8386272192001343,True,VALID
200242.jpg,1,0.7787222862243652,True,VALID
200242.jpg,2,0.764066219329834,True,VALID
200242.jpg,3,0.7620894312858582,True,VALID
200242.jpg,4,0.5783992409706116,True,VALID
200242.jpg,5,0.4701509475708008,True,FALSE_POSITIVE
220098.jpg,0,0.7917491793632507,True,VALID
220168.jpg,0,0.8381286263465881,True,VALID
220168.jpg,1,0.8351994752883911,True,VALID
220168.jpg,2,0.8007460236549377,True,VALID
220168.jpg,3,,,
230244.jpg,0,0.8278650045394897,True,VALID
230244.jpg,1,0.8074959516525269,True,VALID
230244.jpg,2,0.7209367156028748,True,VALID
210083.jpg,0,0.8713016510009766,True,VALID
210083.jpg,1,0.7674071788787842,True,VALID
210126.jpg,0,0.8318585753440857,True,VALID
210126.jpg,1,0.8216776847839355,True,VALID
210126.jpg,2,0.7806341052055359,True,VALID
210126.jpg,3,0.5402582883834839,True,VALID
210126.jpg,4,,,
240084.jpg,0,0.8499374985694885,True,VALID
240084.jpg,1,0.8193937540054321,True,VALID
230053.jpg,0,0.8534660935401917,True,VALID
230053.jpg,1,0.844851553440094,True,VALID
240151.jpg,0,0.789779007434845,True,VALID
240151.jpg,1,0.7388862371444702,True,VALID
240363.jpg,0,0.603704571723938,True,VALID
190354.jpg,0,0.8714151382446289,True,VALID
190354.jpg,1,0.8708625435829163,True,VALID
190519.jpg,0,0.8627031445503235,True,VALID
190380.jpg,0,0.8607824444770813,True,VALID
190380.jpg,1,0.8487505912780762,True,VALID
240085.jpg,0,0.8142980933189392,True,VALID
240085.jpg,1,0.7093394994735718,True,VALID
240085.jpg,2,,,
230047.jpg,0,0.8530555367469788,True,VALID
220018.jpg,0,0.775812029838562,True,VALID
220018.jpg,1,0.6560747027397156,True,VALID
260069.jpg,0,0.8470087647438049,True,VALID
190726.jpg,0,0.850091278553009,True,VALID
200178.jpg,0,0.8311248421669006,True,VALID
200178.jpg,1,0.8207524418830872,True,VALID
190141.jpg,0,0.8656383752822876,True,VALID
190141.jpg,1,0.6399446129798889,True,VALID
260418.jpg,0,0.8260903358459473,True,VALID
260418.jpg,1,0.8081179857254028,True,VALID
260418.jpg,2,0.7689611315727234,True,VALID
260418.jpg,3,0.7183800935745239,True,FALSE_POSITIVE
220250.jpg,0,0.710056483745575,True,VALID
190725.jpg,0,0.8459118008613586,True,VALID
190725.jpg,1,0.8038315176963806,True,VALID
260518.jpg,0,0.8534290790557861,True,VALID
260518.jpg,1,0.834609866142273,True,VALID
260518.jpg,2,0.7632810473442078,True,VALID
240396.jpg,0,0.8610817193984985,True,VALID
240396.jpg,1,0.8202471137046814,True,VALID
240396.jpg,2,0.7480543851852417,True,VALID
220108.jpg,0,0.853196918964386,True,VALID
220108.jpg,1,0.8474652171134949,True,VALID
220108.jpg,2,0.8258228898048401,True,VALID
220108.jpg,3,0.7948272824287415,True,VALID
190496.jpg,0,0.8639439344406128,True,VALID
190496.jpg,1,0.859340488910675,True,VALID
190496.jpg,2,0.6574676036834717,True,VALID
190713.jpg,0,0.877342164516449,True,VALID
240343.jpg,0,0.773415207862854,True,VALID
210407.jpg,0,0.8096334338188171,True,VALID
210407.jpg,1,0.5030844807624817,True,VALID
210407.jpg,2,0.4958784282207489,True,VALID
260219.jpg,0,0.8314104676246643,True,VALID
260219.jpg,1,0.8080355525016785,True,VALID
200249.jpg,0,0.7618781328201294,True,VALID
230260.jpg,0,0.8081479668617249,True,VALID
260165.jpg,0,0.8446873426437378,True,VALID
260165.jpg,1,0.8266376256942749,True,VALID
190020.jpg,0,0.8801995515823364,True,VALID
190020.jpg,1,0.8674672842025757,True,VALID
190020.jpg,2,0.8278714418411255,True,VALID
210206.jpg,0,0.6636866331100464,True,VALID
190051.jpg,0,0.6846901178359985,True,VALID
220282.jpg,0,0.8460547924041748,True,VALID
220282.jpg,1,0.8323838710784912,True,VALID
220282.jpg,2,0.7967073321342468,False,VALID
220282.jpg,3,,,
220282.jpg,4,,,
240500.jpg,0,0.815104603767395,True,VALID
240500.jpg,1,0.63286954164505,True,VALID
260375.jpg,0,0.8531814217567444,True,VALID
260375.jpg,1,0.8527885675430298,True,VALID
260375.jpg,2,0.8508706092834473,True,VALID
210160.jpg,0,0.8543501496315002,True,VALID
210160.jpg,1,,,
220222.jpg,0,0.8211939334869385,True,VALID
230285.jpg,0,0.8495973348617554,True,VALID
230443.jpg,0,0.831335723400116,True,VALID
230443.jpg,1,0.8197554349899292,True,VALID
230443.jpg,2,0.8196355700492859,True,VALID
190798.jpg,0,0.8684242963790894,True,VALID
230255.jpg,0,0.8691914081573486,True,VALID
230255.jpg,1,0.7841300964355469,True,VALID
230255.jpg,2,0.723683774471283,True,VALID
230255.jpg,3,,,
260438.jpg,0,0.8469123244285583,True,VALID
260438.jpg,1,0.8223553895950317,True,VALID
260438.jpg,2,0.8146262168884277,True,VALID
260438.jpg,3,0.48408424854278564,True,FALSE_POSITIVE
260438.jpg,4,0.31468406319618225,True,FALSE_POSITIVE
220031.jpg,0,0.8301464319229126,True,VALID
190038.jpg,0,0.865572452545166,True,VALID
190038.jpg,1,0.8371902108192444,True,VALID
190114.jpg,0,0.8633149862289429,True,VALID
190635.jpg,0,0.8637643456459045,True,VALID
190635.jpg,1,0.8294403553009033,True,VALID
210170.jpg,0,0.5689337253570557,True,VALID
210324.jpg,0,0.8554091453552246,True,VALID
210324.jpg,1,0.8249780535697937,True,VALID
240120.jpg,0,0.8499104976654053,True,VALID
240120.jpg,1,,,
260027.jpg,0,0.8637202382087708,True,VALID
190493.jpg,0,0.881027102470398,True,VALID
200297.jpg,0,0.85593181848526,True,VALID
200297.jpg,1,0.8498271107673645,True,VALID
200297.jpg,2,0.5024724006652832,True,FALSE_POSITIVE
190781.jpg,0,0.8310711979866028,True,VALID
190360.jpg,0,0.8652896285057068,True,VALID
200274.jpg,0,0.8502705693244934,True,VALID
190475.jpg,0,0.8737197518348694,True,VALID
190276.jpg,0,0.8747180104255676,True,VALID
190276.jpg,1,0.8335781097412109,True,VALID
230406.jpg,0,0.6801247000694275,True,VALID
210208.jpg,0,0.7862703204154968,True,VALID
210208.jpg,1,0.7694057822227478,True,VALID
260267.jpg,0,0.8609702587127686,True,VALID
260267.jpg,1,0.8570719361305237,True,VALID
190344.jpg,0,0.8587783575057983,True,VALID
190344.jpg,1,0.8472685217857361,True,VALID
190344.jpg,2,0.8351126313209534,True,VALID
190344.jpg,3,0.8335777521133423,True,VALID
230446.jpg,0,0.870690107345581,True,VALID
190106.jpg,0,0.8388239741325378,True,VALID
230198.jpg,0,0.8619300723075867,True,VALID
230198.jpg,1,0.7497373223304749,True,VALID
230198.jpg,2,0.7484288215637207,True,FALSE_POSITIVE
190469.jpg,0,0.8746095895767212,True,VALID
190469.jpg,1,0.864924430847168,True,VALID
230157.jpg,0,0.8440940380096436,True,VALID
230157.jpg,1,0.8380049467086792,True,VALID
230157.jpg,2,0.8375068306922913,True,VALID
230157.jpg,3,0.7685756087303162,True,FALSE_POSITIVE
230157.jpg,4,0.7021363377571106,True,VALID
230157.jpg,5,0.4927988350391388,True,VALID
260445.jpg,0,0.8636468648910522,True,VALID
260445.jpg,1,0.8430845737457275,True,VALID
190804.jpg,0,0.8556960225105286,True,VALID
260201.jpg,0,0.8560628890991211,True,VALID
240346.jpg,0,0.7603395581245422,True,VALID
240346.jpg,1,0.7163755893707275,True,VALID
240346.jpg,2,0.3589264452457428,True,VALID
220093.jpg,0,0.8427709341049194,True,VALID
230107.jpg,0,0.8695365786552429,True,VALID
230107.jpg,1,0.778832733631134,True,VALID
230107.jpg,2,0.6873376369476318,True,VALID
190005.jpg,0,0.8032995462417603,True,VALID
240198.jpg,0,0.8114412426948547,True,VALID
240198.jpg,1,0.5723364949226379,True,VALID
240198.jpg,2,0.44609102606773376,True,VALID
240198.jpg,3,,,
240198.jpg,4,,,
210282.jpg,0,0.8615351319313049,True,VALID
260328.jpg,0,0.8475061058998108,True,VALID
200008.jpg,0,0.8620185852050781,True,VALID
200008.jpg,1,0.8538869023323059,True,VALID
200008.jpg,2,0.8311118483543396,True,VALID
200008.jpg,3,0.7668741941452026,True,VALID
190770.jpg,0,0.8621367812156677,True,VALID
190770.jpg,1,0.8336717486381531,True,VALID
190478.jpg,0,0.8522839546203613,True,VALID
190478.jpg,1,0.8518885374069214,True,VALID
190478.jpg,2,0.8512681126594543,True,VALID
190478.jpg,3,0.8256505727767944,True,VALID
190478.jpg,4,0.8115665316581726,True,VALID
190151.jpg,0,0.8733166456222534,True,VALID
260363.jpg,0,0.8056679964065552,True,VALID
260363.jpg,1,0.7511231303215027,True,VALID
260363.jpg,2,0.6167778372764587,True,VALID
260363.jpg,3,0.5411894917488098,True,VALID
260363.jpg,4,0.4373299181461334,True,UNCERTAIN
260363.jpg,5,,,
260363.jpg,6,,,
260363.jpg,7,,,
190004.jpg,0,0.8721495270729065,True,VALID
230394.jpg,0,0.823347270488739,True,VALID
230394.jpg,1,0.8226578235626221,True,VALID
230394.jpg,2,0.7758229970932007,True,VALID
230394.jpg,3,0.6918951272964478,True,VALID
230394.jpg,4,0.6397806406021118,True,VALID
230394.jpg,5,0.5925384759902954,True,VALID
230394.jpg,6,0.35141584277153015,False,VALID
230311.jpg,0,0.8399426341056824,True,VALID
210057.jpg,0,0.711093008518219,True,VALID
210057.jpg,1,,,
210057.jpg,2,,,
220301.jpg,0,0.8394983410835266,True,VALID
220301.jpg,1,0.827340841293335,True,VALID
220301.jpg,2,0.7943307757377625,True,VALID
230145.jpg,0,0.8561661243438721,True,VALID
230145.jpg,1,0.6982229948043823,True,VALID
260289.jpg,0,0.8566082715988159,True,VALID
260289.jpg,1,0.8520597219467163,True,VALID
260289.jpg,2,,,
200158.jpg,0,0.8491853475570679,True,VALID
200158.jpg,1,0.8413876295089722,True,VALID
200158.jpg,2,0.8262183666229248,True,VALID
200027.jpg,0,0.7268624305725098,True,VALID
200197.jpg,0,0.8476338386535645,True,VALID
200197.jpg,1,0.8364622592926025,True,VALID
200197.jpg,2,0.8314747214317322,True,VALID
200197.jpg,3,0.829998791217804,True,VALID
220141.jpg,0,0.8571891188621521,True,VALID
220141.jpg,1,0.842155396938324,True,VALID
220141.jpg,2,0.8349558115005493,True,VALID
220141.jpg,3,0.5819575190544128,False,UNCERTAIN
220141.jpg,4,,,
240476.jpg,0,0.8652970194816589,True,VALID
240476.jpg,1,0.8542603850364685,True,VALID
240476.jpg,2,0.8187559247016907,True,VALID
260365.jpg,0,0.8624861240386963,True,VALID
260365.jpg,1,0.8452224731445312,True,VALID
260365.jpg,2,0.8361010551452637,True,VALID
260454.jpg,0,0.8548484444618225,True,VALID
260454.jpg,1,0.7997369766235352,True,VALID
260454.jpg,2,0.7428209185600281,True,VALID
260454.jpg,3,0.7238721251487732,True,VALID
220171.jpg,0,0.7851448655128479,True,VALID
220171.jpg,1,0.7769427299499512,True,VALID
220171.jpg,2,0.30253446102142334,False,VALID
220171.jpg,3,,,
220074.jpg,0,0.8008618354797363,True,VALID
220074.jpg,1,0.789246678352356,True,VALID
220074.jpg,2,0.7682756185531616,True,VALID
220074.jpg,3,0.7336484789848328,True,VALID
220074.jpg,4,0.7278300523757935,True,VALID
190556.jpg,0,0.8799099922180176,True,VALID
190556.jpg,1,0.8422181606292725,True,VALID
190556.jpg,2,0.7706437110900879,True,VALID
190556.jpg,3,0.5815805792808533,True,FALSE_POSITIVE
190556.jpg,4,,,
240314.jpg,0,0.8082453608512878,True,VALID
260340.jpg,0,0.8696655035018921,True,VALID
260340.jpg,1,0.8628882765769958,True,VALID
260340.jpg,2,0.8213961124420166,True,VALID
190266.jpg,0,0.7665007710456848,True,VALID
190266.jpg,1,0.618331789970398,True,VALID
190266.jpg,2,0.4188472032546997,True,VALID
190714.jpg,0,0.874828577041626,True,VALID
240284.jpg,0,0.6246628165245056,False,FALSE_POSITIVE
240284.jpg,1,,,
230348.jpg,0,0.8553220629692078,True,VALID
230239.jpg,0,0.8724653720855713,True,VALID
230239.jpg,1,0.8337015509605408,True,VALID
230239.jpg,2,0.8313454389572144,True,VALID
240105.jpg,0,0.8501942157745361,True,VALID
240105.jpg,1,0.8341270685195923,True,VALID
240105.jpg,2,0.7110646367073059,True,VALID
230416.jpg,0,0.8757213354110718,True,VALID
230224.jpg,0,0.830344557762146,True,VALID
190686.jpg,0,0.8554754257202148,True,VALID
190686.jpg,1,0.8495556712150574,True,VALID
230271.jpg,0,0.8186845779418945,True,VALID
200127.jpg,0,0.7986078262329102,True,VALID
230295.jpg,0,0.8574212193489075,True,VALID
230295.jpg,1,0.8447108268737793,True,VALID
230295.jpg,2,0.8177338242530823,True,VALID
230295.jpg,3,0.7534865140914917,True,VALID
260032.jpg,0,0.8433306813240051,True,VALID
260032.jpg,1,0.8004942536354065,True,VALID
220319.jpg,0,0.8212475180625916,True,VALID
220319.jpg,1,0.6166854500770569,True,VALID
220319.jpg,2,0.5795091986656189,True,VALID
220248.jpg,0,0.8500924706459045,True,VALID
220248.jpg,1,0.8460333943367004,True,VALID
220248.jpg,2,0.8400980830192566,True,VALID
220248.jpg,3,0.8004459738731384,True,VALID
220248.jpg,4,,,
210415.jpg,0,0.8167535066604614,True,VALID
210415.jpg,1,0.7704066038131714,True,VALID
210415.jpg,2,0.7028016448020935,True,VALID
210415.jpg,3,0.6418679356575012,True,VALID
210415.jpg,4,0.6152713298797607,True,VALID
210415.jpg,5,0.30946609377861023,True,VALID
190435.jpg,0,0.8820390701293945,True,VALID
190435.jpg,1,0.8530306816101074,True,VALID
190435.jpg,2,0.8523222804069519,True,VALID
230353.jpg,0,0.8488975763320923,True,VALID
190655.jpg,0,0.8338677883148193,True,VALID
190655.jpg,1,0.7735023498535156,True,VALID
190655.jpg,2,0.7428553700447083,True,VALID
190655.jpg,3,0.72674560546875,True,VALID
190655.jpg,4,0.6947635412216187,True,VALID
190655.jpg,5,0.5759199261665344,True,VALID
240015.jpg,0,0.8626089692115784,True,VALID
240015.jpg,1,0.8114621043205261,True,VALID
240015.jpg,2,0.7491359710693359,True,VALID
230143.jpg,0,0.8450548052787781,True,VALID
230143.jpg,1,0.8331002593040466,True,VALID
230143.jpg,2,0.8283615708351135,True,VALID
230143.jpg,3,0.7612484693527222,True,VALID
230143.jpg,4,0.6298589110374451,True,FALSE_POSITIVE
230143.jpg,5,0.5805513262748718,True,UNCERTAIN
190150.jpg,0,0.8687604665756226,True,VALID
190150.jpg,1,0.8443660736083984,True,VALID
190611.jpg,0,0.8702017068862915,True,VALID
190611.jpg,1,0.7963380813598633,True,VALID
200012.jpg,0,0.827879786491394,True,VALID
220056.jpg,0,0.8357259035110474,True,VALID
220056.jpg,1,0.7100465297698975,True,VALID
220056.jpg,2,,,
220187.jpg,0,0.8629754185676575,True,VALID
260406.jpg,0,0.7962443828582764,True,VALID
260173.jpg,0,0.8549903631210327,True,VALID
190420.jpg,0,0.8735242486000061,True,VALID
260036.jpg,0,0.8506175875663757,True,VALID
260036.jpg,1,0.8421233296394348,True,VALID
260036.jpg,2,0.7266355752944946,True,VALID
210089.jpg,0,0.8199281096458435,True,VALID
210089.jpg,1,0.8020157814025879,True,VALID
210089.jpg,2,0.7724166512489319,True,VALID
210089.jpg,3,0.5477067232131958,True,VALID
210089.jpg,4,,,
240172.jpg,0,0.42240574955940247,True,VALID
200090.jpg,0,0.8287843465805054,True,VALID
200090.jpg,1,0.7854336500167847,True,VALID
200090.jpg,2,0.5783897638320923,True,VALID
190105.jpg,0,0.8345890641212463,True,VALID
190105.jpg,1,0.8125391006469727,True,VALID
190105.jpg,2,0.8088902831077576,True,VALID
190105.jpg,3,0.8055424094200134,True,VALID
190105.jpg,4,0.7858162522315979,True,VALID
190105.jpg,5,0.7293037176132202,True,VALID
190198.jpg,0,0.8571789860725403,True,VALID
240371.jpg,0,,,
210016.jpg,0,0.8468149304389954,True,VALID
200228.jpg,0,0.836672842502594,True,VALID
190257.jpg,0,0.8651736974716187,True,VALID
190257.jpg,1,0.8565626740455627,True,VALID
220364.jpg,0,0.8080161809921265,True,VALID
240303.jpg,0,0.8481690883636475,True,VALID
190633.jpg,0,0.8247242569923401,True,VALID
190633.jpg,1,0.821539044380188,True,VALID
190633.jpg,2,0.810683012008667,True,VALID
210332.jpg,0,0.7447072863578796,True,VALID
220334.jpg,0,0.880618691444397,True,VALID
230419.jpg,0,0.8361002206802368,True,VALID
230419.jpg,1,0.8067634105682373,True,VALID
230419.jpg,2,0.6902979612350464,True,VALID
200289.jpg,0,0.8450039625167847,True,VALID
200289.jpg,1,0.8412739038467407,True,VALID
260324.jpg,0,,,
190102.jpg,0,0.8724305033683777,True,VALID
190102.jpg,1,0.47120457887649536,True,FALSE_POSITIVE
190763.jpg,0,0.8121944069862366,True,FALSE_POSITIVE
190763.jpg,1,0.7712973952293396,True,FALSE_POSITIVE
190516.jpg,0,0.8559019565582275,True,VALID
190516.jpg,1,0.7692729234695435,True,VALID
190516.jpg,2,0.566505491733551,True,UNCERTAIN
240191.jpg,0,0.8422784209251404,True,VALID
240191.jpg,1,0.8271166682243347,True,VALID
230467.jpg,0,0.8277093172073364,True,VALID
230467.jpg,1,0.6469321846961975,True,VALID
230467.jpg,2,0.3140057623386383,False,FALSE_POSITIVE
230467.jpg,3,,,
230242.jpg,0,0.8548629879951477,True,VALID
230242.jpg,1,0.8501758575439453,True,VALID
230448.jpg,0,0.7867888808250427,True,VALID
230448.jpg,1,0.7572241425514221,True,VALID
240192.jpg,0,0.7462236881256104,True,FALSE_POSITIVE
230019.jpg,0,0.8379258513450623,True,VALID
230019.jpg,1,0.8090822100639343,True,VALID
190771.jpg,0,0.8665418028831482,True,VALID
200208.jpg,0,0.8474368453025818,True,VALID
200208.jpg,1,0.6761088967323303,True,VALID
200208.jpg,2,0.47990989685058594,True,VALID
190796.jpg,0,0.8762725591659546,True,VALID
190796.jpg,1,0.8276474475860596,True,VALID
260368.jpg,0,0.8852826356887817,True,VALID
200080.jpg,0,0.8525772094726562,True,VALID
200080.jpg,1,0.8416687846183777,True,VALID
240019.jpg,0,0.8643746376037598,True,VALID
240019.jpg,1,0.6643329858779907,True,VALID
240019.jpg,2,0.6064069271087646,True,VALID
190065.jpg,0,0.8794494271278381,True,VALID
190065.jpg,1,0.8537374138832092,True,VALID
190811.jpg,0,0.8638769388198853,True,VALID
190811.jpg,1,0.845183253288269,True,VALID
190811.jpg,2,0.8175682425498962,True,VALID
240093.jpg,0,0.8177894949913025,True,VALID
240093.jpg,1,0.8171010613441467,True,VALID
240093.jpg,2,0.7951984405517578,True,VALID
240093.jpg,3,0.7395736575126648,True,VALID
240093.jpg,4,0.4654906988143921,True,FALSE_POSITIVE
190283.jpg,0,0.878216564655304,True,VALID
190283.jpg,1,0.7905715107917786,True,VALID
190283.jpg,2,0.33844292163848877,True,UNCERTAIN
200119.jpg,0,0.842738151550293,True,VALID
200119.jpg,1,0.8385136723518372,True,VALID
200119.jpg,2,0.5693857669830322,True,VALID
210425.jpg,0,0.8214117884635925,True,VALID
210425.jpg,1,0.8177071213722229,True,VALID
210425.jpg,2,0.3681240379810333,True,FALSE_POSITIVE
260059.jpg,0,0.8766689896583557,True,VALID
260059.jpg,1,0.8623114228248596,True,VALID
230267.jpg,0,0.7826433777809143,True,VALID
230267.jpg,1,0.7504746913909912,True,VALID
230267.jpg,2,0.29226791858673096,False,VALID
240013.jpg,0,0.8007297515869141,True,VALID
240013.jpg,1,0.7632877826690674,True,VALID
230401.jpg,0,0.8305357694625854,True,VALID
230401.jpg,1,0.6631702184677124,True,VALID
230401.jpg,2,0.608874499797821,True,VALID
230401.jpg,3,0.6021895408630371,True,VALID
230401.jpg,4,0.5959472060203552,True,VALID
230401.jpg,5,,,
240301.jpg,0,0.6807942390441895,True,VALID
210368.jpg,0,0.8385289311408997,True,VALID
210368.jpg,1,0.6779477000236511,True,VALID
240484.jpg,0,0.8517584800720215,True,VALID
240484.jpg,1,0.7704540491104126,True,VALID
200294.jpg,0,0.8651325106620789,True,VALID
200294.jpg,1,0.8526837229728699,True,VALID
200294.jpg,2,0.852464497089386,True,VALID
230004.jpg,0,0.8532870411872864,True,VALID
230004.jpg,1,0.8295903205871582,True,VALID
230004.jpg,2,0.7872300148010254,True,VALID
190255.jpg,0,0.8521521687507629,True,VALID
190255.jpg,1,0.3835260570049286,False,FALSE_POSITIVE
240174.jpg,0,0.8107894062995911,True,VALID
240174.jpg,1,0.7749696373939514,True,VALID
190505.jpg,0,0.8563330769538879,True,VALID
190505.jpg,1,0.8500362038612366,True,VALID
190505.jpg,2,0.8468993902206421,True,VALID
190505.jpg,3,0.8411166667938232,True,VALID
190505.jpg,4,0.8283881545066833,True,VALID
190505.jpg,5,0.7760480046272278,True,VALID
190505.jpg,6,0.7400048971176147,True,VALID
190505.jpg,7,0.7328536510467529,True,VALID
190505.jpg,8,0.6727572083473206,True,VALID
210187.jpg,0,0.8437686562538147,True,VALID
210187.jpg,1,0.832949697971344,True,VALID
190495.jpg,0,0.867900013923645,True,VALID
190495.jpg,1,0.8511028289794922,True,VALID
190495.jpg,2,0.8419825434684753,True,VALID
230440.jpg,0,0.8536536693572998,True,VALID
230440.jpg,1,0.8413717746734619,True,VALID
230440.jpg,2,0.826664924621582,True,VALID
230440.jpg,3,0.824149489402771,True,VALID
210069.jpg,0,0.772640585899353,True,VALID
210069.jpg,1,0.7688671350479126,True,VALID
210069.jpg,2,,,
210069.jpg,3,,,
220316.jpg,0,0.82851243019104,True,VALID
220316.jpg,1,0.8231071829795837,True,VALID
220316.jpg,2,0.7862831354141235,True,VALID
220316.jpg,3,0.7853116393089294,True,VALID
220316.jpg,4,0.7514196634292603,True,VALID
260448.jpg,0,,,
260276.jpg,0,0.870903491973877,True,VALID
260276.jpg,1,0.6958693265914917,True,VALID
190161.jpg,0,0.6891546249389648,True,VALID
190161.jpg,1,0.4055101275444031,False,FALSE_POSITIVE
190333.jpg,0,0.8631964921951294,True,VALID
260487.jpg,0,0.8168580532073975,True,VALID
220252.jpg,0,0.8616012930870056,True,VALID
220252.jpg,1,0.8172976970672607,True,VALID
230007.jpg,0,0.8591175675392151,True,VALID
230007.jpg,1,0.8531047701835632,True,VALID
220311.jpg,0,0.8486480712890625,True,VALID
220311.jpg,1,0.8169975280761719,True,VALID
220311.jpg,2,0.6246204972267151,True,VALID
260097.jpg,0,0.8666021823883057,True,VALID
260286.jpg,0,0.8418505191802979,True,VALID
260286.jpg,1,0.8310043215751648,True,VALID
260286.jpg,2,0.823112428188324,True,VALID
200319.jpg,0,0.8529751300811768,True,VALID
200319.jpg,1,0.8504295349121094,True,VALID
240470.jpg,0,0.8340819478034973,True,VALID
240470.jpg,1,0.8339694738388062,True,VALID
220314.jpg,0,0.7867133021354675,True,VALID
220314.jpg,1,0.7431206703186035,True,VALID
220314.jpg,2,0.7374730706214905,True,VALID
190006.jpg,0,0.8705939650535583,True,VALID
190006.jpg,1,0.8289107084274292,True,VALID
190006.jpg,2,0.8285326361656189,True,VALID
190006.jpg,3,0.7700840830802917,True,VALID
190006.jpg,4,0.6779096126556396,True,VALID
190006.jpg,5,0.4864491820335388,True,VALID
220289.jpg,0,0.8332462906837463,True,VALID
220289.jpg,1,0.7467381358146667,True,VALID
220289.jpg,2,0.5779311060905457,True,VALID
220289.jpg,3,,,
260056.jpg,0,0.87718665599823,True,VALID
210404.jpg,0,0.7883033752441406,True,VALID
210404.jpg,1,0.7813135385513306,True,VALID
210404.jpg,2,0.7753809690475464,True,VALID
210404.jpg,3,0.5191019773483276,True,VALID
190466.jpg,0,0.84200119972229,True,VALID
190466.jpg,1,0.8332353234291077,True,VALID
190466.jpg,2,,,
240445.jpg,0,0.7927632331848145,True,VALID
260130.jpg,0,0.8644439578056335,True,VALID
210151.jpg,0,0.8445402383804321,True,VALID
210151.jpg,1,0.8258342742919922,True,VALID
210151.jpg,2,0.8039493560791016,True,VALID
210151.jpg,3,0.7582566738128662,False,VALID
210151.jpg,4,0.7250946164131165,True,VALID
210151.jpg,5,,,
190717.jpg,0,0.8665270209312439,True,VALID
190717.jpg,1,0.8632370829582214,True,VALID
190246.jpg,0,0.843437135219574,True,VALID
190246.jpg,1,0.8282923698425293,True,VALID
190246.jpg,2,0.7911578416824341,True,VALID
230444.jpg,0,0.8429487347602844,True,VALID
230351.jpg,0,0.8216285109519958,True,VALID
230351.jpg,1,0.8143622875213623,True,VALID
230351.jpg,2,0.7278603911399841,True,VALID
230325.jpg,0,0.8561912178993225,True,VALID
230325.jpg,1,0.7394357919692993,True,VALID
230325.jpg,2,0.6932985782623291,True,VALID
210394.jpg,0,0.8405317068099976,True,VALID
210394.jpg,1,0.6902779936790466,True,VALID
260212.jpg,0,0.42440709471702576,True,VALID
260212.jpg,1,,,
260220.jpg,0,0.8624541759490967,True,VALID
240112.jpg,0,0.8541585803031921,True,VALID
240112.jpg,1,0.8340984582901001,True,VALID
240112.jpg,2,0.7493477463722229,True,VALID
210107.jpg,0,0.5200209617614746,True,VALID
210107.jpg,1,0.4093322455883026,True,VALID
210107.jpg,2,0.37027508020401,True,VALID
210107.jpg,3,0.3024352490901947,True,VALID
190142.jpg,0,0.862657904624939,True,VALID
190142.jpg,1,0.6482899785041809,True,VALID
190142.jpg,2,0.5607197880744934,True,VALID
210014.jpg,0,0.8155959248542786,True,VALID
210014.jpg,1,0.4276929199695587,True,VALID
210014.jpg,2,,,
210149.jpg,0,0.816291868686676,True,VALID
210149.jpg,1,0.8053858280181885,True,VALID
210149.jpg,2,0.7670136094093323,True,VALID
210149.jpg,3,0.6873296499252319,True,VALID
210047.jpg,0,0.8403748869895935,True,VALID
210047.jpg,1,0.7499192357063293,True,VALID
210234.jpg,0,0.846030056476593,True,VALID
210234.jpg,1,0.782538652420044,True,VALID
210234.jpg,2,0.7638999223709106,True,VALID
210234.jpg,3,0.6196614503860474,True,VALID
210234.jpg,4,0.45647886395454407,False,UNCERTAIN
210234.jpg,5,,,
220355.jpg,0,0.8514075875282288,True,VALID
220355.jpg,1,0.821992039680481,True,VALID
200038.jpg,0,0.7753464579582214,True,VALID
260103.jpg,0,0.855477511882782,True,VALID
190533.jpg,0,0.8613123893737793,True,VALID
190533.jpg,1,0.7751948833465576,False,VALID
190533.jpg,2,0.6613370180130005,True,VALID
190533.jpg,3,0.5656822323799133,False,VALID
190533.jpg,4,,,
260268.jpg,0,0.8514934778213501,True,VALID
190433.jpg,0,0.8378965258598328,True,VALID
190433.jpg,1,0.8359871506690979,True,VALID
190433.jpg,2,0.829366147518158,True,VALID
190433.jpg,3,0.47911742329597473,False,FALSE_POSITIVE
240128.jpg,0,0.7928180694580078,True,VALID
240128.jpg,1,0.7867916226387024,True,VALID
240128.jpg,2,0.7557518482208252,True,VALID
240128.jpg,3,,,
240003.jpg,0,0.7110411524772644,True,VALID
230288.jpg,0,0.85540372133255,True,VALID
230288.jpg,1,0.8464629054069519,True,VALID
230288.jpg,2,0.8458353877067566,True,VALID
230288.jpg,3,0.6939342021942139,True,VALID
230288.jpg,4,,,
230030.jpg,0,0.8494993448257446,True,VALID
260321.jpg,0,0.8699958920478821,True,VALID
240344.jpg,0,0.7808392643928528,True,VALID
240344.jpg,1,0.7735841870307922,True,VALID
190508.jpg,0,0.8729761242866516,True,VALID
190335.jpg,0,0.8673729300498962,True,VALID
190335.jpg,1,0.8651561141014099,True,VALID
190335.jpg,2,0.8275596499443054,True,FALSE_POSITIVE
190335.jpg,3,0.8239290714263916,True,VALID
190335.jpg,4,0.7285974621772766,True,VALID
190335.jpg,5,0.6322818994522095,True,VALID
190335.jpg,6,0.5825002193450928,True,VALID
190335.jpg,7,,,
190335.jpg,8,,,
190335.jpg,9,,,
200016.jpg,0,0.8421007990837097,True,VALID
260479.jpg,0,0.8384390473365784,True,VALID
260479.jpg,1,0.8233367204666138,True,VALID
260479.jpg,2,0.7810777425765991,True,VALID
190776.jpg,0,0.8862050771713257,True,VALID
190776.jpg,1,0.838860809803009,True,VALID
190776.jpg,2,0.5400565266609192,True,UNCERTAIN
220185.jpg,0,0.8617706894874573,True,VALID
210434.jpg,0,0.8687771558761597,True,VALID
210434.jpg,1,0.7954563498497009,True,VALID
210434.jpg,2,,,
220236.jpg,0,0.8703525066375732,True,VALID
220236.jpg,1,0.8509085774421692,True,VALID
220236.jpg,2,0.7765787243843079,True,VALID
190658.jpg,0,0.8761367201805115,True,VALID
240450.jpg,0,0.694436252117157,True,FALSE_POSITIVE
240452.jpg,0,,,
240452.jpg,1,,,
260508.jpg,0,0.8308463096618652,True,VALID
240037.jpg,0,0.8373885750770569,True,VALID
240037.jpg,1,0.6706678867340088,True,VALID
240037.jpg,2,,,
200051.jpg,0,0.8022929430007935,True,VALID
200051.jpg,1,0.6749866008758545,False,VALID
200051.jpg,2,,,
220120.jpg,0,0.7672778367996216,True,VALID
220120.jpg,1,0.7514610290527344,True,VALID
220120.jpg,2,0.7445449829101562,True,VALID
220120.jpg,3,0.6059608459472656,True,VALID
220120.jpg,4,0.569306492805481,True,VALID
220120.jpg,5,0.5687636733055115,True,VALID
220120.jpg,6,,,
220120.jpg,7,,,
220025.jpg,0,0.8323588371276855,True,VALID
220025.jpg,1,0.8094469308853149,False,VALID
220025.jpg,2,0.7903013825416565,True,VALID
220025.jpg,3,0.7166566252708435,True,VALID
220025.jpg,4,0.6509350538253784,False,VALID
220025.jpg,5,0.6146888136863708,True,VALID
220025.jpg,6,0.3657938838005066,False,VALID
220025.jpg,7,,,
220025.jpg,8,,,
220025.jpg,9,,,
220025.jpg,10,,,
220025.jpg,11,,,
230176.jpg,0,0.8405978083610535,True,VALID
230176.jpg,1,0.8019453287124634,True,VALID
230176.jpg,2,0.67507004737854,True,VALID
240075.jpg,0,,,
200241.jpg,0,0.8520275950431824,True,VALID
200241.jpg,1,0.7527637481689453,True,VALID
240302.jpg,0,0.672044038772583,True,FALSE_POSITIVE
190022.jpg,0,0.8753012418746948,True,VALID
190022.jpg,1,0.857674777507782,True,VALID
190022.jpg,2,0.8018137216567993,True,VALID
190022.jpg,3,0.6237965822219849,True,VALID
190022.jpg,4,0.5755549073219299,True,FALSE_POSITIVE
230148.jpg,0,0.8230674266815186,True,VALID
230148.jpg,1,0.8071375489234924,True,VALID
230148.jpg,2,0.7597776055335999,True,VALID
230148.jpg,3,,,
220233.jpg,0,0.7942962050437927,True,VALID
220233.jpg,1,,,
230193.jpg,0,0.8372362852096558,True,VALID
230193.jpg,1,0.5214398503303528,True,VALID
230193.jpg,2,,,
260359.jpg,0,0.7517879009246826,True,VALID
260359.jpg,1,0.5579437017440796,False,FALSE_POSITIVE
190438.jpg,0,0.8657727241516113,True,VALID
190438.jpg,1,0.7979674339294434,True,VALID
190438.jpg,2,0.7970318794250488,True,VALID
190438.jpg,3,0.6796234250068665,True,VALID
190438.jpg,4,0.6491172313690186,True,VALID
260507.jpg,0,0.8734679222106934,True,VALID
230227.jpg,0,0.8034974336624146,True,VALID
230115.jpg,0,0.7877078652381897,True,VALID
260282.jpg,0,0.8298468589782715,True,VALID
210196.jpg,0,0.8637126684188843,True,VALID
210196.jpg,1,0.8219730257987976,True,VALID
190393.jpg,0,0.816535234451294,True,VALID
190393.jpg,1,0.7979519367218018,True,VALID
190393.jpg,2,0.6721864938735962,True,VALID
190393.jpg,3,0.5944413542747498,True,VALID
190393.jpg,4,0.5593817234039307,True,VALID
190393.jpg,5,,,
210391.jpg,0,0.7227129936218262,True,VALID
210391.jpg,1,0.5904198288917542,True,VALID
210391.jpg,2,,,
260211.jpg,0,0.8284806609153748,True,VALID
230013.jpg,0,0.8028199076652527,True,VALID
240143.jpg,0,0.8425432443618774,True,VALID
240143.jpg,1,0.7609847187995911,True,VALID
240143.jpg,2,0.4057248532772064,True,VALID
240143.jpg,3,0.3772946298122406,True,VALID
260127.jpg,0,0.8510627150535583,True,VALID
240290.jpg,0,0.8017699122428894,True,VALID
240290.jpg,1,0.7370354533195496,True,VALID
240290.jpg,2,,,
210299.jpg,0,0.8211029767990112,True,VALID
210299.jpg,1,0.551525354385376,True,FALSE_POSITIVE
230259.jpg,0,0.6858615279197693,True,VALID
230259.jpg,1,0.5747638940811157,False,UNCERTAIN
230259.jpg,2,0.4516967236995697,True,VALID
230259.jpg,3,0.301815927028656,False,VALID
240231.jpg,0,0.8532127737998962,True,VALID
240231.jpg,1,0.8480415940284729,True,VALID
220216.jpg,0,0.7037875056266785,True,VALID
190192.jpg,0,0.8076973557472229,True,VALID
190688.jpg,0,0.8810926079750061,True,VALID
200171.jpg,0,0.8550485968589783,True,VALID
200172.jpg,0,0.8689832091331482,True,VALID
220100.jpg,0,0.865349292755127,True,VALID
230089.jpg,0,0.8399233222007751,True,VALID
230089.jpg,1,0.767845630645752,True,VALID
230089.jpg,2,0.3850076496601105,True,VALID
210325.jpg,0,0.8628636598587036,True,VALID
210325.jpg,1,0.8468736410140991,True,VALID
210325.jpg,2,0.8174183368682861,True,VALID
210325.jpg,3,0.6791053414344788,True,VALID
210325.jpg,4,0.37333056330680847,False,FALSE_POSITIVE
230317.jpg,0,0.8369271755218506,True,VALID
230317.jpg,1,0.7242688536643982,True,FALSE_POSITIVE
230317.jpg,2,0.6861226558685303,True,VALID
190067.jpg,0,0.8547312617301941,True,VALID
190067.jpg,1,0.8510890007019043,True,VALID
190067.jpg,2,0.821168065071106,True,VALID
190067.jpg,3,0.7421508431434631,True,VALID
190067.jpg,4,0.7062504291534424,True,VALID
190067.jpg,5,0.6315934062004089,True,VALID
190062.jpg,0,0.8699936866760254,True,VALID
190062.jpg,1,0.8552328944206238,True,VALID
190062.jpg,2,0.8176766037940979,True,VALID
190062.jpg,3,0.814345121383667,True,VALID
190062.jpg,4,0.8094531297683716,True,VALID
190062.jpg,5,0.7970083951950073,True,VALID
190062.jpg,6,0.7953473329544067,True,VALID
190062.jpg,7,0.4036388397216797,True,VALID
190062.jpg,8,0.3827347159385681,False,FALSE_POSITIVE
230073.jpg,0,0.856044590473175,True,VALID
190806.jpg,0,0.8638578057289124,True,VALID
190806.jpg,1,0.8270509839057922,True,VALID
190806.jpg,2,0.8045812845230103,True,VALID
190806.jpg,3,0.7111639976501465,True,VALID
190806.jpg,4,0.6453381776809692,True,VALID
190096.jpg,0,0.8438724875450134,True,VALID
190096.jpg,1,0.8428661823272705,True,VALID
220237.jpg,0,0.8555071949958801,True,VALID
240056.jpg,0,0.8425387144088745,True,VALID
240267.jpg,0,0.7876383066177368,True,VALID
190060.jpg,0,0.8660063147544861,True,VALID
190060.jpg,1,0.8633884787559509,True,VALID
190060.jpg,2,0.8607010841369629,True,VALID
190060.jpg,3,0.8498894572257996,True,VALID
220165.jpg,0,0.8535748720169067,True,VALID
220165.jpg,1,0.5660836696624756,True,VALID
220302.jpg,0,0.8604781627655029,True,VALID
240422.jpg,0,0.8446518182754517,True,VALID
240422.jpg,1,0.8185253739356995,True,VALID
240422.jpg,2,0.7898122668266296,True,VALID
260035.jpg,0,0.8675795793533325,True,VALID
200162.jpg,0,0.8513585925102234,True,VALID
260206.jpg,0,0.8648226857185364,True,VALID
260206.jpg,1,0.8547146320343018,True,VALID
260206.jpg,2,0.5707573294639587,True,UNCERTAIN
240307.jpg,0,0.8034141659736633,True,VALID
240307.jpg,1,0.7526423335075378,True,VALID
230113.jpg,0,0.8486224412918091,True,VALID
230113.jpg,1,0.6001824736595154,True,VALID
260496.jpg,0,0.875023603439331,True,VALID
260496.jpg,1,0.8644264936447144,True,VALID
230258.jpg,0,0.8631503582000732,True,VALID
230258.jpg,1,0.8275604844093323,True,VALID
230258.jpg,2,0.4271305501461029,True,FALSE_POSITIVE
210242.jpg,0,0.8508358001708984,True,VALID
210242.jpg,1,0.8237938284873962,True,VALID
190358.jpg,0,0.8656697869300842,True,VALID
190358.jpg,1,0.860680878162384,True,VALID
190697.jpg,0,0.6669358611106873,True,VALID
230418.jpg,0,0.83934485912323,True,VALID
230418.jpg,1,0.8002229928970337,True,VALID
230418.jpg,2,0.765762448310852,True,VALID
230418.jpg,3,0.7509425282478333,True,UNCERTAIN
200213.jpg,0,0.817173957824707,True,VALID
200213.jpg,1,0.7810890078544617,True,VALID
200213.jpg,2,0.7794825434684753,True,VALID
220335.jpg,0,0.8178917169570923,True,VALID
220335.jpg,1,0.7185671925544739,True,VALID
220335.jpg,2,0.7127946019172668,True,VALID
220335.jpg,3,0.606561005115509,True,VALID
230084.jpg,0,0.8297731876373291,True,VALID
260483.jpg,0,0.8494603037834167,True,VALID
260473.jpg,0,0.8637023568153381,True,VALID
260473.jpg,1,0.7105394601821899,True,VALID
260473.jpg,2,0.44992008805274963,True,VALID
240025.jpg,0,0.8244540691375732,True,VALID
240025.jpg,1,0.5756832957267761,True,VALID
260511.jpg,0,0.8615210652351379,True,VALID
260511.jpg,1,0.8319953680038452,True,VALID
260511.jpg,2,0.8110706210136414,True,VALID
190418.jpg,0,0.8717517256736755,True,VALID
240349.jpg,0,0.7299200296401978,True,VALID
230131.jpg,0,0.8024932742118835,True,VALID
230131.jpg,1,0.7270992398262024,True,VALID
230131.jpg,2,0.5396581292152405,True,VALID
240184.jpg,0,0.8476555943489075,True,VALID
260417.jpg,0,0.8314102292060852,True,VALID
190412.jpg,0,0.8095932602882385,True,VALID
260403.jpg,0,0.840417742729187,True,VALID
260403.jpg,1,0.7035224437713623,True,VALID
260372.jpg,0,0.843143105506897,True,VALID
210352.jpg,0,0.8357938528060913,True,VALID
210352.jpg,1,0.7369379997253418,True,VALID
210352.jpg,2,0.679303765296936,True,VALID
210352.jpg,3,0.4357416033744812,False,VALID
210352.jpg,4,,,
210352.jpg,5,,,
260060.jpg,0,0.789211630821228,True,VALID
220039.jpg,0,0.7901017069816589,True,VALID
190431.jpg,0,0.8656058311462402,True,VALID
190431.jpg,1,0.8642679452896118,True,VALID
190431.jpg,2,0.8556134700775146,True,VALID
190431.jpg,3,0.850179135799408,True,VALID
190431.jpg,4,0.778657078742981,True,VALID
190431.jpg,5,0.7660190463066101,True,VALID
190431.jpg,6,0.46133625507354736,False,FALSE_POSITIVE
190431.jpg,7,0.35126760601997375,True,VALID
260141.jpg,0,0.8410655856132507,True,VALID
260504.jpg,0,0.8270584344863892,True,VALID
220240.jpg,0,0.8576319813728333,True,VALID
240373.jpg,0,0.8663440942764282,True,VALID
240373.jpg,1,0.8427081108093262,True,VALID
260177.jpg,0,0.8204192519187927,True,VALID
260177.jpg,1,0.7824560403823853,True,VALID
260177.jpg,2,,,
190706.jpg,0,0.860996663570404,True,VALID
190706.jpg,1,0.8259410858154297,True,VALID
220109.jpg,0,0.8679497241973877,True,VALID
190622.jpg,0,0.8757292628288269,True,VALID
190622.jpg,1,0.717719554901123,True,VALID
190622.jpg,2,0.6373894810676575,True,VALID
190622.jpg,3,0.5924120545387268,True,VALID
190622.jpg,4,0.41598355770111084,True,UNCERTAIN
230374.jpg,0,0.7445107698440552,True,VALID
230374.jpg,1,0.7276561856269836,True,VALID
230374.jpg,2,0.6403316855430603,True,VALID
230374.jpg,3,0.5673875212669373,True,VALID
190563.jpg,0,0.8694309592247009,True,VALID
190563.jpg,1,0.38509854674339294,True,FALSE_POSITIVE
190563.jpg,2,0.3084404170513153,True,UNCERTAIN
190010.jpg,0,0.8767779469490051,True,VALID
190782.jpg,0,0.8570253849029541,True,VALID
190782.jpg,1,0.8253040313720703,True,VALID
190782.jpg,2,0.7593578696250916,True,VALID
190782.jpg,3,0.7448949217796326,True,FALSE_POSITIVE
190782.jpg,4,0.7168117761611938,True,VALID
240088.jpg,0,0.8307202458381653,True,VALID
240088.jpg,1,0.8247841000556946,True,VALID
240088.jpg,2,0.7849088907241821,True,VALID
210344.jpg,0,0.8073703646659851,True,VALID
210344.jpg,1,0.7890876531600952,True,VALID
210344.jpg,2,0.28535017371177673,True,VALID
210155.jpg,0,0.8660168647766113,True,VALID
210155.jpg,1,0.8416464924812317,True,VALID
210155.jpg,2,0.6092822551727295,True,VALID
240281.jpg,0,0.8359569907188416,True,VALID
240281.jpg,1,0.7930413484573364,True,VALID
220227.jpg,0,0.8029235601425171,True,VALID
220227.jpg,1,0.718300998210907,True,VALID
220227.jpg,2,,,
230397.jpg,0,0.8631104826927185,True,VALID
220230.jpg,0,0.8133981227874756,True,VALID
220230.jpg,1,0.778649091720581,True,VALID
200140.jpg,0,0.8652622103691101,True,VALID
190428.jpg,0,0.8558281064033508,True,VALID
190428.jpg,1,0.8528807163238525,True,VALID
190428.jpg,2,0.8330589532852173,True,VALID
190428.jpg,3,0.7813786864280701,True,VALID
190428.jpg,4,0.7711777687072754,True,VALID
190428.jpg,5,0.6664533019065857,True,VALID
190428.jpg,6,0.5543919205665588,True,VALID
190575.jpg,0,0.8782460689544678,True,VALID
190575.jpg,1,0.8575676083564758,True,VALID
190575.jpg,2,0.8322317600250244,True,VALID
190575.jpg,3,0.7920616865158081,True,VALID
190058.jpg,0,0.8408929109573364,True,VALID
190058.jpg,1,0.8408448696136475,True,VALID
190058.jpg,2,0.6544042229652405,True,VALID
190058.jpg,3,0.5888241529464722,True,VALID
190058.jpg,4,0.5307223796844482,True,VALID
190058.jpg,5,0.33209261298179626,False,VALID
210252.jpg,0,0.8330742716789246,True,VALID
200025.jpg,0,0.8445900678634644,True,VALID
200025.jpg,1,0.8315802216529846,True,VALID
230218.jpg,0,0.8213986158370972,True,VALID
260216.jpg,0,0.867520272731781,True,VALID
260216.jpg,1,0.8561329245567322,True,VALID
260216.jpg,2,0.8302415609359741,True,VALID
230220.jpg,0,0.8017656803131104,True,VALID
190685.jpg,0,0.8694362044334412,True,VALID
190685.jpg,1,0.8619908690452576,True,VALID
190685.jpg,2,0.8485037684440613,True,VALID
240091.jpg,0,0.7868871688842773,True,VALID
240091.jpg,1,0.7541124820709229,True,VALID
240091.jpg,2,0.7110211849212646,True,VALID
240091.jpg,3,,,
240299.jpg,0,0.7583358287811279,True,VALID
240317.jpg,0,0.8312906622886658,True,VALID
240317.jpg,1,0.8071742057800293,True,VALID
240317.jpg,2,0.8017971515655518,True,VALID
240317.jpg,3,0.7503234148025513,True,VALID
190248.jpg,0,0.8504641056060791,True,VALID
240070.jpg,0,0.6617237329483032,True,VALID
240070.jpg,1,0.635670006275177,True,VALID
240070.jpg,2,0.29070156812667847,True,FALSE_POSITIVE
230118.jpg,0,0.8430942893028259,True,VALID
230118.jpg,1,0.8193230032920837,True,VALID
230118.jpg,2,0.7872152924537659,True,VALID
230118.jpg,3,0.715965986251831,True,VALID
230118.jpg,4,0.5958132743835449,False,VALID
230118.jpg,5,,,
240482.jpg,0,0.754305362701416,True,VALID
220068.jpg,0,0.8476170301437378,True,VALID
220068.jpg,1,0.6085185408592224,True,VALID
220068.jpg,2,0.580889880657196,True,VALID
200074.jpg,0,0.8475469946861267,True,VALID
200074.jpg,1,0.8402175903320312,True,VALID
200074.jpg,2,0.782002329826355,True,VALID
200103.jpg,0,0.807216465473175,True,VALID
200103.jpg,1,,,
240114.jpg,0,0.8456252217292786,True,VALID
240275.jpg,0,0.8293803334236145,True,VALID
240275.jpg,1,0.7937458753585815,True,VALID
240275.jpg,2,,,
240275.jpg,3,,,
230153.jpg,0,0.8501721024513245,True,VALID
200163.jpg,0,0.8647460341453552,True,VALID
200163.jpg,1,0.8442367315292358,True,VALID
200215.jpg,0,0.8387139439582825,True,VALID
200215.jpg,1,0.8299075961112976,True,VALID
200215.jpg,2,0.7849845886230469,True,VALID
220086.jpg,0,0.8275172114372253,False,VALID
220086.jpg,1,,,
210279.jpg,0,0.849292516708374,True,VALID
210279.jpg,1,0.8414289951324463,True,VALID
210279.jpg,2,0.8403819799423218,True,VALID
210279.jpg,3,0.8237640857696533,True,VALID
210279.jpg,4,0.8163081407546997,True,VALID
210279.jpg,5,0.7276695966720581,True,VALID
210279.jpg,6,0.49589890241622925,True,UNCERTAIN
200037.jpg,0,0.8550456762313843,True,VALID
200037.jpg,1,0.7010181546211243,True,VALID
260275.jpg,0,0.8466014266014099,True,VALID
190614.jpg,0,0.861392080783844,True,VALID
190614.jpg,1,0.8506742119789124,True,VALID
190614.jpg,2,,,
200098.jpg,0,0.8271499276161194,True,VALID
200098.jpg,1,0.7751967310905457,True,VALID
200098.jpg,2,0.621921718120575,False,UNCERTAIN
200098.jpg,3,,,
260039.jpg,0,0.8562302589416504,True,VALID
260039.jpg,1,0.8427242636680603,True,VALID
260039.jpg,2,0.8203754425048828,True,VALID
260039.jpg,3,0.7822407484054565,True,VALID
260305.jpg,0,0.8411456942558289,True,VALID
260305.jpg,1,0.7768926620483398,True,VALID
260305.jpg,2,0.7531139850616455,False,VALID
260305.jpg,3,0.6553778052330017,True,VALID
260305.jpg,4,0.5542671084403992,False,VALID
200061.jpg,0,0.729407012462616,True,VALID
200061.jpg,1,0.5284799933433533,True,VALID
240078.jpg,0,0.8277721405029297,True,VALID
240078.jpg,1,0.3468034267425537,True,VALID
230337.jpg,0,0.8536309003829956,True,VALID
230337.jpg,1,0.8375322818756104,True,VALID
230337.jpg,2,0.8202494978904724,True,VALID
230337.jpg,3,0.8009344935417175,True,VALID
230337.jpg,4,0.7702265381813049,True,VALID
220257.jpg,0,0.7470887303352356,True,VALID
190774.jpg,0,0.8655403852462769,True,VALID
190774.jpg,1,0.846080482006073,True,VALID
190774.jpg,2,0.8254695534706116,True,VALID
190774.jpg,3,0.7977365851402283,True,VALID
190774.jpg,4,0.5532772541046143,True,VALID
210304.jpg,0,0.7938546538352966,True,VALID
210304.jpg,1,0.7440524101257324,True,VALID
210304.jpg,2,0.6381418704986572,True,VALID
210304.jpg,3,,,
210304.jpg,4,,,
240415.jpg,0,0.7440086007118225,True,VALID
240415.jpg,1,0.5329724550247192,True,VALID
190127.jpg,0,0.8717489242553711,True,VALID
190127.jpg,1,0.8682551383972168,True,VALID
210265.jpg,0,0.8334667086601257,True,VALID
210265.jpg,1,0.8266479969024658,True,VALID
210265.jpg,2,0.3680810034275055,True,VALID
210265.jpg,3,,,
200150.jpg,0,0.8724181652069092,True,VALID
200150.jpg,1,0.7811081409454346,True,VALID
200150.jpg,2,0.735392689704895,True,VALID
240331.jpg,0,0.8366996049880981,True,VALID
190086.jpg,0,0.8715946674346924,True,VALID
190086.jpg,1,0.8631378412246704,True,VALID
190086.jpg,2,0.8336383104324341,True,VALID
190086.jpg,3,0.8102946877479553,True,VALID
200167.jpg,0,0.8484890460968018,True,VALID
200167.jpg,1,0.847240686416626,True,VALID
200167.jpg,2,0.6659032106399536,True,VALID
190437.jpg,0,0.8723695874214172,True,VALID
190437.jpg,1,0.8490862846374512,True,VALID
190437.jpg,2,0.8051087260246277,True,VALID
190016.jpg,0,0.8643900156021118,True,VALID
190016.jpg,1,0.862587034702301,True,VALID
190016.jpg,2,0.8557285070419312,True,VALID
190016.jpg,3,0.7629061937332153,True,VALID
190016.jpg,4,0.7467097640037537,True,VALID
190016.jpg,5,0.4769262373447418,False,FALSE_POSITIVE
260494.jpg,0,0.8702297210693359,True,VALID
260494.jpg,1,0.8608978986740112,True,VALID
190353.jpg,0,0.8642106652259827,True,VALID
190353.jpg,1,0.8458347916603088,True,VALID
190353.jpg,2,0.8309769034385681,True,VALID
190353.jpg,3,0.619438648223877,True,FALSE_POSITIVE
240330.jpg,0,0.7327359914779663,True,VALID
190117.jpg,0,0.5653908252716064,True,VALID
220062.jpg,0,0.667540431022644,True,VALID
220062.jpg,1,0.6387246251106262,True,VALID
220057.jpg,0,0.8151822090148926,True,VALID
220057.jpg,1,0.8056008219718933,True,VALID
220057.jpg,2,0.7992081046104431,True,VALID
220057.jpg,3,0.6369789838790894,True,VALID
220057.jpg,4,0.5784358382225037,False,VALID
220057.jpg,5,0.5699496865272522,False,VALID
220057.jpg,6,0.5203837752342224,True,VALID
220057.jpg,7,,,
220057.jpg,8,,,
230340.jpg,0,0.8527674674987793,True,VALID
230103.jpg,0,0.8286162614822388,True,VALID
220220.jpg,0,0.7994828224182129,True,VALID
220220.jpg,1,,,
190537.jpg,0,0.8663589358329773,True,VALID
230108.jpg,0,0.8417264819145203,True,VALID
210370.jpg,0,0.846373975276947,True,VALID
210370.jpg,1,0.3925831913948059,True,FALSE_POSITIVE
260050.jpg,0,0.8340300917625427,True,VALID
260050.jpg,1,0.8078911304473877,True,VALID
240491.jpg,0,0.5810006260871887,True,VALID
240491.jpg,1,0.37587928771972656,True,FALSE_POSITIVE
240491.jpg,2,,,
240491.jpg,3,,,
260515.jpg,0,0.8662703633308411,True,VALID
260515.jpg,1,0.7715789079666138,True,VALID
260456.jpg,0,0.8202388286590576,True,VALID
240250.jpg,0,0.5654056072235107,True,VALID
240250.jpg,1,0.5444167852401733,True,VALID
240250.jpg,2,,,
200210.jpg,0,0.8613314628601074,True,VALID
230378.jpg,0,0.8440753221511841,True,VALID
230378.jpg,1,0.8295308351516724,True,VALID
230378.jpg,2,0.8245070576667786,True,VALID
230378.jpg,3,0.8144943714141846,True,VALID
230378.jpg,4,0.7956902980804443,True,VALID
230378.jpg,5,0.6925384402275085,True,VALID
190799.jpg,0,0.8673660755157471,True,VALID
190799.jpg,1,0.8273680806159973,True,VALID
190799.jpg,2,0.8053328394889832,True,VALID
190799.jpg,3,0.7277360558509827,True,FALSE_POSITIVE
240268.jpg,0,0.7757145166397095,True,FALSE_POSITIVE
220130.jpg,0,0.8281131386756897,True,VALID
220130.jpg,1,0.7762691974639893,True,VALID
200207.jpg,0,0.8348543047904968,True,VALID
200207.jpg,1,0.8112600445747375,True,VALID
200207.jpg,2,0.749577522277832,True,FALSE_POSITIVE
200207.jpg,3,0.7286063432693481,True,VALID
260387.jpg,0,0.8718933463096619,True,VALID
260383.jpg,0,0.7961053848266602,True,VALID
260383.jpg,1,0.7931953072547913,True,VALID
210050.jpg,0,0.8214190602302551,True,VALID
260157.jpg,0,0.8186358213424683,True,VALID
260157.jpg,1,0.7011396288871765,True,VALID
200188.jpg,0,0.8599047064781189,True,VALID
200188.jpg,1,0.8333538174629211,True,VALID
210186.jpg,0,0.8184469938278198,True,VALID
210186.jpg,1,0.775053083896637,True,VALID
210186.jpg,2,0.380451500415802,True,FALSE_POSITIVE
190664.jpg,0,0.8483659029006958,True,VALID
190664.jpg,1,0.7890723347663879,True,VALID
230154.jpg,0,0.82234787940979,True,VALID
230154.jpg,1,0.6871609091758728,True,VALID
230154.jpg,2,0.6819348931312561,True,VALID
230154.jpg,3,0.6555905938148499,True,VALID
230154.jpg,4,0.3022613227367401,True,VALID
190245.jpg,0,0.8658188581466675,True,VALID
190245.jpg,1,0.8641862869262695,True,VALID
190245.jpg,2,0.4042036533355713,False,UNCERTAIN
200049.jpg,0,0.8222252130508423,True,VALID
210306.jpg,0,0.8221123218536377,True,VALID
260421.jpg,0,0.8680593371391296,True,VALID
260421.jpg,1,0.8490700125694275,True,VALID
230032.jpg,0,0.7794238328933716,True,VALID
260486.jpg,0,0.8348242044448853,True,VALID
220198.jpg,0,0.8194412589073181,True,VALID
190800.jpg,0,0.8784101605415344,True,VALID
230177.jpg,0,0.8248002529144287,True,VALID
190300.jpg,0,0.8631533980369568,True,VALID
190300.jpg,1,0.8422677516937256,True,VALID
190300.jpg,2,0.8125462532043457,True,VALID
190300.jpg,3,0.7955102920532227,True,VALID
190300.jpg,4,0.5324041247367859,True,VALID
190300.jpg,5,0.4696028232574463,True,VALID
220128.jpg,0,0.7493470311164856,True,VALID
220128.jpg,1,0.7481257319450378,True,VALID
230303.jpg,0,0.8451634645462036,True,VALID
230303.jpg,1,0.8395581245422363,True,VALID
230303.jpg,2,0.8356420993804932,True,VALID
230303.jpg,3,0.7048875689506531,True,FALSE_POSITIVE
230303.jpg,4,0.4682455062866211,True,FALSE_POSITIVE
200005.jpg,0,0.7432668805122375,True,VALID
200005.jpg,1,0.4537884593009949,True,FALSE_POSITIVE
200063.jpg,0,0.8282204866409302,True,VALID
190253.jpg,0,0.8119522333145142,True,VALID
190253.jpg,1,0.8111488819122314,True,VALID
190253.jpg,2,0.7679097056388855,True,VALID
190253.jpg,3,0.5009982585906982,True,VALID
220119.jpg,0,0.8385904431343079,True,VALID
220119.jpg,1,0.7741421461105347,True,VALID
190485.jpg,0,0.8743178248405457,True,VALID
190485.jpg,1,0.8718159794807434,True,VALID
190485.jpg,2,0.8660760521888733,True,VALID
230393.jpg,0,0.7890418171882629,True,VALID
230393.jpg,1,0.7463676333427429,True,VALID
220318.jpg,0,0.8452267050743103,True,VALID
220318.jpg,1,0.7009787559509277,False,VALID
220318.jpg,2,0.6142626404762268,False,VALID
220318.jpg,3,,,
220318.jpg,4,,,
220318.jpg,5,,,
220318.jpg,6,,,
210230.jpg,0,0.7833325266838074,True,VALID
210230.jpg,1,0.7635388970375061,True,VALID
190627.jpg,0,0.8778159618377686,True,VALID
190627.jpg,1,0.8742918968200684,True,VALID
190627.jpg,2,0.8720453381538391,True,VALID
190627.jpg,3,0.8068118691444397,True,VALID
190627.jpg,4,0.7677223682403564,True,VALID
190627.jpg,5,0.7619796395301819,True,VALID
190666.jpg,0,0.8691961169242859,True,VALID
190666.jpg,1,0.8621928691864014,True,VALID
240434.jpg,0,0.764109194278717,True,VALID
220182.jpg,0,0.8360059857368469,True,VALID
220182.jpg,1,0.8267093300819397,True,VALID
220182.jpg,2,0.7167279124259949,True,VALID
220182.jpg,3,0.6557965874671936,True,VALID
220182.jpg,4,0.6130678653717041,True,VALID
220182.jpg,5,0.453309565782547,False,VALID
220182.jpg,6,,,
220182.jpg,7,,,
190323.jpg,0,0.8703315258026123,True,VALID
190323.jpg,1,0.857393205165863,True,VALID
190323.jpg,2,0.8511324524879456,True,VALID
190605.jpg,0,0.8761924505233765,True,VALID
190605.jpg,1,0.8250620365142822,True,VALID
190605.jpg,2,0.7714977264404297,True,VALID
190605.jpg,3,0.48784658312797546,True,VALID
190605.jpg,4,,,
190605.jpg,5,,,
210173.jpg,0,0.8495078682899475,True,VALID
210371.jpg,0,0.8544642329216003,True,VALID
210371.jpg,1,0.8331859111785889,True,VALID
210371.jpg,2,0.8269193172454834,True,VALID
210371.jpg,3,0.7601262331008911,True,VALID
210371.jpg,4,0.4977041184902191,True,VALID
210371.jpg,5,,,
230329.jpg,0,0.8560941219329834,True,VALID
230149.jpg,0,0.8472434878349304,True,VALID
230149.jpg,1,0.8470368385314941,True,VALID
230149.jpg,2,0.8430188298225403,True,VALID
230149.jpg,3,0.35342830419540405,True,FALSE_POSITIVE
240367.jpg,0,0.8375546932220459,True,VALID
240367.jpg,1,0.28342729806900024,False,FALSE_POSITIVE
240367.jpg,2,,,
220324.jpg,0,0.7504438161849976,True,VALID
220324.jpg,1,0.7294386625289917,True,VALID
220324.jpg,2,0.7068313360214233,True,VALID
220324.jpg,3,0.6050993800163269,True,VALID
220324.jpg,4,0.5980147123336792,True,VALID
260510.jpg,0,0.7651707530021667,True,VALID
260510.jpg,1,0.7418785691261292,True,VALID
260029.jpg,0,0.805329442024231,True,VALID
260029.jpg,1,0.801907479763031,True,VALID
260029.jpg,2,0.8000271320343018,True,VALID
260029.jpg,3,0.7814340591430664,True,VALID
260029.jpg,4,0.642742395401001,True,VALID
190401.jpg,0,0.8621737957000732,True,VALID
190401.jpg,1,0.8484911918640137,True,VALID
220207.jpg,0,0.8384625315666199,True,VALID
220207.jpg,1,0.730859637260437,True,VALID
220207.jpg,2,0.668827474117279,True,VALID
220207.jpg,3,0.6084039211273193,False,VALID
220207.jpg,4,0.45999687910079956,False,VALID
220207.jpg,5,,,
220207.jpg,6,,,
230208.jpg,0,0.8257879018783569,True,VALID
230208.jpg,1,0.8181705474853516,True,VALID
230208.jpg,2,0.7323619723320007,True,VALID
230208.jpg,3,0.7292099595069885,True,VALID
240234.jpg,0,0.8299365043640137,True,VALID
230152.jpg,0,0.8455318808555603,True,VALID
230152.jpg,1,0.8028736114501953,True,VALID
230152.jpg,2,0.7931987047195435,True,VALID
230152.jpg,3,0.7888312339782715,True,VALID
230152.jpg,4,0.7757176756858826,True,VALID
230152.jpg,5,0.5504798293113708,True,VALID
230152.jpg,6,0.5238476991653442,True,VALID
190024.jpg,0,0.8839045763015747,True,VALID
190024.jpg,1,0.8575453162193298,True,VALID
190024.jpg,2,0.659081220626831,True,VALID
230323.jpg,0,0.8548176884651184,True,VALID
230323.jpg,1,0.733559250831604,True,VALID
200272.jpg,0,0.7003486752510071,True,VALID
210420.jpg,0,0.8551135063171387,True,VALID
230062.jpg,0,0.8305495977401733,True,VALID
230062.jpg,1,0.8013560771942139,True,VALID
230062.jpg,2,0.5666893124580383,True,FALSE_POSITIVE
230164.jpg,0,0.8545334339141846,True,VALID
230164.jpg,1,0.8353039026260376,True,VALID
230164.jpg,2,0.8202828168869019,True,VALID
230164.jpg,3,0.8089566826820374,True,VALID
230164.jpg,4,0.8060478568077087,True,VALID
230164.jpg,5,0.803650975227356,True,VALID
230164.jpg,6,0.7049686312675476,True,VALID
210224.jpg,0,0.8270651698112488,True,VALID
190197.jpg,0,0.8579421043395996,True,VALID
190197.jpg,1,0.8562847971916199,True,VALID
190197.jpg,2,0.8290981650352478,True,VALID
190197.jpg,3,,,
260453.jpg,0,0.8740280866622925,True,VALID
190382.jpg,0,0.8266159892082214,True,VALID
190382.jpg,1,0.7998051643371582,True,VALID
190382.jpg,2,0.793007493019104,True,VALID
230039.jpg,0,0.8506557941436768,True,VALID
230039.jpg,1,0.8428460955619812,True,VALID
230039.jpg,2,0.8336822986602783,True,VALID
230039.jpg,3,0.3632201850414276,True,UNCERTAIN
240242.jpg,0,0.8136573433876038,True,VALID
240242.jpg,1,0.7728655338287354,True,VALID
240242.jpg,2,,,
230127.jpg,0,0.8352271318435669,True,VALID
190234.jpg,0,0.8449798822402954,True,VALID
190234.jpg,1,0.8354531526565552,True,VALID
210020.jpg,0,0.8184819221496582,True,VALID
260338.jpg,0,0.7735097408294678,True,VALID
260338.jpg,1,0.6847031712532043,True,VALID
260338.jpg,2,0.6518974304199219,True,VALID
260338.jpg,3,0.4091435372829437,True,VALID
260338.jpg,4,,,
190623.jpg,0,0.8807337880134583,True,VALID
190623.jpg,1,0.5802168250083923,True,FALSE_POSITIVE
260144.jpg,0,0.8702409863471985,True,VALID
260144.jpg,1,0.8474788069725037,True,VALID
210025.jpg,0,0.846286952495575,True,VALID
210025.jpg,1,0.8170718550682068,True,VALID
210025.jpg,2,0.6984435319900513,True,VALID
210025.jpg,3,0.6235815286636353,True,VALID
210025.jpg,4,0.5039274096488953,True,VALID
240393.jpg,0,0.8471651077270508,True,VALID
190680.jpg,0,0.8559589982032776,True,VALID
190680.jpg,1,0.8350945115089417,True,VALID
190680.jpg,2,0.8319255113601685,True,VALID
190680.jpg,3,0.8311194777488708,True,VALID
190680.jpg,4,0.8130113482475281,True,VALID
190680.jpg,5,0.8101785182952881,True,VALID
190680.jpg,6,0.7811084389686584,True,VALID
190680.jpg,7,0.7319527864456177,True,VALID
210109.jpg,0,0.8612197637557983,True,VALID
210109.jpg,1,0.8416081666946411,True,VALID
210109.jpg,2,0.8404245972633362,True,VALID
210109.jpg,3,0.8194757103919983,True,VALID
190384.jpg,0,0.8733177185058594,True,VALID
190620.jpg,0,0.8730449676513672,True,FALSE_POSITIVE
210084.jpg,0,0.7901312708854675,True,VALID
230088.jpg,0,0.8523176312446594,True,VALID
230088.jpg,1,0.8405860066413879,True,VALID
230088.jpg,2,0.8099230527877808,True,VALID
230088.jpg,3,,,
260046.jpg,0,0.8507821559906006,True,VALID
210239.jpg,0,0.8433831930160522,True,VALID
210239.jpg,1,0.8119624257087708,True,VALID
210239.jpg,2,0.606690526008606,True,VALID
210239.jpg,3,,,
190267.jpg,0,0.8705213069915771,True,VALID
260244.jpg,0,0.8331548571586609,True,VALID
260244.jpg,1,0.8176828026771545,True,VALID
260093.jpg,0,0.863183856010437,True,VALID
260093.jpg,1,0.7675601840019226,False,VALID
230366.jpg,0,0.8429901599884033,True,VALID
230366.jpg,1,0.8178638815879822,True,VALID
230366.jpg,2,0.8137799501419067,True,VALID
230366.jpg,3,0.7153202891349792,True,VALID
220176.jpg,0,0.8491286039352417,True,VALID
220176.jpg,1,0.8017413020133972,True,VALID
220176.jpg,2,0.7919876575469971,True,VALID
220176.jpg,3,0.7849262952804565,True,VALID
220176.jpg,4,,,
200023.jpg,0,0.8639752864837646,True,VALID
210375.jpg,0,0.8499581813812256,True,VALID
210375.jpg,1,0.7853723764419556,True,VALID
210375.jpg,2,0.706993579864502,True,VALID
240196.jpg,0,0.7828480005264282,True,VALID
240196.jpg,1,0.6682850122451782,True,VALID
240196.jpg,2,0.6603082418441772,True,FALSE_POSITIVE
190347.jpg,0,0.8348544239997864,True,VALID
190347.jpg,1,0.5649309158325195,True,VALID
190347.jpg,2,0.28553515672683716,False,FALSE_POSITIVE
190625.jpg,0,0.8642574548721313,True,VALID
260252.jpg,0,0.8723347187042236,True,VALID
190238.jpg,0,0.8774919509887695,True,VALID
190238.jpg,1,0.8535559773445129,True,VALID
190238.jpg,2,0.8486232757568359,True,VALID
240300.jpg,0,0.7631902098655701,True,FALSE_POSITIVE
260237.jpg,0,0.7938656210899353,True,VALID
190816.jpg,0,0.8145927786827087,True,VALID
190816.jpg,1,0.805291473865509,True,VALID
190816.jpg,2,0.8046038746833801,True,VALID
190816.jpg,3,0.5841114521026611,True,VALID
190816.jpg,4,0.5213924050331116,True,VALID
240052.jpg,0,0.8571370244026184,True,VALID
240480.jpg,0,0.712117075920105,True,VALID
240480.jpg,1,,,
230025.jpg,0,0.854918360710144,True,VALID
230025.jpg,1,0.8486347794532776,True,VALID
220088.jpg,0,0.7975483536720276,True,VALID
220088.jpg,1,0.745731770992279,True,VALID
220088.jpg,2,0.5017658472061157,False,VALID
200053.jpg,0,0.8437590003013611,True,VALID
200053.jpg,1,0.6757838129997253,True,VALID
190391.jpg,0,0.7944080233573914,True,VALID
190391.jpg,1,0.7652880549430847,True,VALID
190391.jpg,2,0.7494930028915405,True,VALID
260320.jpg,0,0.8297799229621887,True,VALID
190394.jpg,0,0.419420450925827,True,VALID
220007.jpg,0,0.7952223420143127,True,VALID
220007.jpg,1,0.7690539956092834,True,VALID
220007.jpg,2,0.7617189288139343,True,VALID
220007.jpg,3,0.7422661185264587,False,VALID
220007.jpg,4,0.7287907600402832,True,VALID
220007.jpg,5,0.6077694892883301,True,VALID
220007.jpg,6,,,
220007.jpg,7,,,
220007.jpg,8,,,
220007.jpg,9,,,
200018.jpg,0,0.8482102155685425,True,VALID
220097.jpg,0,0.8274853825569153,True,VALID
220097.jpg,1,0.7526293396949768,True,VALID
230209.jpg,0,0.8353328704833984,True,VALID
230209.jpg,1,0.7907671332359314,True,VALID
230209.jpg,2,0.6787756681442261,True,VALID
230209.jpg,3,0.6199423670768738,True,VALID
230209.jpg,4,,,
260111.jpg,0,0.8722279667854309,True,VALID
260111.jpg,1,0.7681542038917542,True,VALID
190048.jpg,0,0.8695100545883179,True,VALID
190048.jpg,1,0.8546192049980164,True,VALID
190048.jpg,2,0.8537291884422302,True,VALID
190048.jpg,3,0.5556666851043701,True,FALSE_POSITIVE
210360.jpg,0,0.8221874833106995,True,VALID
190179.jpg,0,0.8365583419799805,True,VALID
190179.jpg,1,0.7953779697418213,True,VALID
190179.jpg,2,0.7895821928977966,True,VALID
190179.jpg,3,0.7732684016227722,True,VALID
190179.jpg,4,0.7052659392356873,True,VALID
190179.jpg,5,0.6842382550239563,True,VALID
190179.jpg,6,0.5044180154800415,False,VALID
190179.jpg,7,,,
190179.jpg,8,,,
200129.jpg,0,0.8481918573379517,True,VALID
200129.jpg,1,0.8439643979072571,True,VALID
200129.jpg,2,0.8136505484580994,True,VALID
200129.jpg,3,0.7977773547172546,True,VALID
200129.jpg,4,0.6866509914398193,True,VALID
210269.jpg,0,0.8568539023399353,True,VALID
210269.jpg,1,0.8332304954528809,True,VALID
210269.jpg,2,0.7387723922729492,True,VALID
210269.jpg,3,0.6778687834739685,True,VALID
240269.jpg,0,0.8150657415390015,True,VALID
210231.jpg,0,0.8321542143821716,True,VALID
210231.jpg,1,0.829578161239624,True,VALID
210231.jpg,2,0.8262549638748169,True,VALID
210194.jpg,0,0.870402991771698,True,VALID
210194.jpg,1,0.8290665149688721,True,VALID
210121.jpg,0,0.8483098745346069,True,UNCERTAIN
220269.jpg,0,0.7832841277122498,True,VALID
230458.jpg,0,0.8539692163467407,True,VALID
240380.jpg,0,0.4461684226989746,True,FALSE_POSITIVE
190203.jpg,0,0.8715717792510986,True,VALID
190203.jpg,1,0.8698658347129822,True,VALID
190203.jpg,2,0.7808802723884583,True,VALID
220006.jpg,0,0.8458304405212402,True,VALID
220006.jpg,1,0.8302472233772278,True,VALID
220373.jpg,0,0.8357296586036682,True,VALID
240113.jpg,0,0.754038393497467,True,VALID
230411.jpg,0,0.8373924493789673,True,VALID
230411.jpg,1,0.8175281286239624,True,VALID
230411.jpg,2,0.7223604321479797,True,VALID
260081.jpg,0,0.8451801538467407,True,VALID
260081.jpg,1,0.8317607045173645,True,VALID
190759.jpg,0,0.8561291694641113,True,VALID
190759.jpg,1,0.761864960193634,True,VALID
190759.jpg,2,0.7378817200660706,True,VALID
190759.jpg,3,0.7263249754905701,True,VALID
190759.jpg,4,0.7143261432647705,True,VALID
190759.jpg,5,0.6541666984558105,True,VALID
220020.jpg,0,0.8282211422920227,True,VALID
210150.jpg,0,0.8764911890029907,True,VALID
210150.jpg,1,0.8368997573852539,True,VALID
210150.jpg,2,0.35672813653945923,False,VALID
210150.jpg,3,,,
210150.jpg,4,,,
200064.jpg,0,0.8304733633995056,True,VALID
200064.jpg,1,0.7731471657752991,True,VALID
200064.jpg,2,,,
210080.jpg,0,0.8328040838241577,True,VALID
210080.jpg,1,0.773837685585022,True,VALID
210080.jpg,2,0.7469092011451721,True,VALID
210080.jpg,3,0.47064974904060364,True,VALID
210080.jpg,4,,,
230246.jpg,0,0.8590942621231079,True,VALID
260118.jpg,0,0.8615433573722839,True,VALID
230191.jpg,0,0.8574193716049194,True,VALID
230191.jpg,1,0.7786272764205933,True,VALID
230191.jpg,2,0.31009259819984436,True,FALSE_POSITIVE
190167.jpg,0,0.8628128170967102,True,VALID
190167.jpg,1,0.8422507047653198,True,VALID
190167.jpg,2,0.8313124179840088,True,VALID
210255.jpg,0,0.8012501001358032,True,VALID
210255.jpg,1,0.42663684487342834,True,VALID
200072.jpg,0,0.8458011746406555,True,VALID
190468.jpg,0,0.8693978786468506,True,VALID
190468.jpg,1,0.8517751693725586,True,VALID
190468.jpg,2,0.8495180010795593,True,VALID
190468.jpg,3,0.8394005298614502,True,VALID
190468.jpg,4,0.8359979391098022,True,VALID
190468.jpg,5,0.8228751420974731,True,VALID
190125.jpg,0,0.8657723069190979,True,VALID
190125.jpg,1,0.8580669164657593,True,VALID
190125.jpg,2,0.8233043551445007,True,VALID
190125.jpg,3,0.768669605255127,True,VALID
190125.jpg,4,0.7587894797325134,True,VALID
210305.jpg,0,0.8327101469039917,True,VALID
210301.jpg,0,0.7709673643112183,True,VALID
210301.jpg,1,0.7646313309669495,True,VALID
230022.jpg,0,0.8658761978149414,True,VALID
230022.jpg,1,0.6810928583145142,True,VALID
260186.jpg,0,0.8595082759857178,True,VALID
260186.jpg,1,0.8505260944366455,True,VALID
260186.jpg,2,0.8485605120658875,True,VALID
260186.jpg,3,0.837012767791748,True,VALID
260186.jpg,4,0.8116837739944458,True,VALID
190791.jpg,0,0.8729852437973022,True,VALID
190791.jpg,1,0.3738051652908325,True,FALSE_POSITIVE
230365.jpg,0,0.8465613722801208,True,VALID
230365.jpg,1,0.8371992707252502,True,VALID
230365.jpg,2,0.8284415006637573,True,VALID
230365.jpg,3,0.7739963531494141,True,VALID
230043.jpg,0,0.8404207229614258,True,VALID
230043.jpg,1,0.7772217392921448,True,VALID
190699.jpg,0,0.8634044528007507,True,VALID
190699.jpg,1,0.7975190877914429,True,VALID
190699.jpg,2,0.7665398120880127,True,VALID
210166.jpg,0,0.8744362592697144,True,VALID
210166.jpg,1,0.8630789518356323,True,VALID
210166.jpg,2,0.8231307864189148,True,VALID
210166.jpg,3,,,
230431.jpg,0,0.8675342202186584,True,VALID
230431.jpg,1,0.8489947319030762,True,VALID
230431.jpg,2,0.7992047667503357,True,VALID
230431.jpg,3,0.2847636044025421,True,FALSE_POSITIVE
210243.jpg,0,0.8173630237579346,True,VALID
210243.jpg,1,0.8037877678871155,True,VALID
260334.jpg,0,0.8531087636947632,True,VALID
260451.jpg,0,0.8451511859893799,True,VALID
260451.jpg,1,0.8357168436050415,True,VALID
260017.jpg,0,0.825770378112793,True,VALID
210204.jpg,0,0.8115487098693848,True,VALID
190639.jpg,0,0.805749773979187,True,VALID
230059.jpg,0,0.8321920037269592,True,VALID
230357.jpg,0,0.8078578114509583,True,VALID
230357.jpg,1,,,
260019.jpg,0,0.8313140273094177,True,VALID
260019.jpg,1,0.8217504620552063,True,VALID
260019.jpg,2,0.791246235370636,True,VALID
260019.jpg,3,0.648061215877533,True,FALSE_POSITIVE
260138.jpg,0,0.8551174402236938,True,VALID
260138.jpg,1,0.8270163536071777,True,VALID
200309.jpg,0,0.7955073118209839,True,VALID
200309.jpg,1,0.795178234577179,True,VALID
260332.jpg,0,0.8569360375404358,True,VALID
260332.jpg,1,0.7013790011405945,True,VALID
260332.jpg,2,0.44552186131477356,True,FALSE_POSITIVE
260419.jpg,0,0.8625072836875916,True,VALID
260419.jpg,1,0.7897456288337708,True,VALID
210136.jpg,0,0.8590238094329834,True,VALID
210136.jpg,1,0.7911396026611328,True,VALID
210136.jpg,2,0.7646504044532776,True,VALID
210136.jpg,3,0.6816574335098267,True,VALID
210136.jpg,4,0.42314398288726807,True,VALID
190572.jpg,0,0.8403450846672058,True,VALID
190572.jpg,1,0.832759439945221,True,VALID
190572.jpg,2,0.6472102999687195,True,VALID
200278.jpg,0,0.8446425199508667,True,VALID
200278.jpg,1,0.8360576629638672,True,VALID
200278.jpg,2,,,
260323.jpg,0,0.8421786427497864,True,VALID
260323.jpg,1,0.8291361927986145,True,VALID
260323.jpg,2,0.7317895889282227,True,VALID
220010.jpg,0,0.7895439863204956,True,VALID
220010.jpg,1,,,
240395.jpg,0,0.7314004302024841,True,VALID
240395.jpg,1,0.5004502534866333,True,VALID
190298.jpg,0,0.8383690714836121,True,VALID
190298.jpg,1,0.7622209787368774,True,VALID
190298.jpg,2,0.6393765807151794,True,VALID
190298.jpg,3,0.5195218920707703,True,UNCERTAIN
190814.jpg,0,0.8647297024726868,True,VALID
190814.jpg,1,0.8566378951072693,True,VALID
190814.jpg,2,0.8417231440544128,True,VALID
190814.jpg,3,0.7152078151702881,True,VALID
190814.jpg,4,0.6898953318595886,True,VALID
190814.jpg,5,0.6608989834785461,True,VALID
190814.jpg,6,0.5791491270065308,True,VALID
190613.jpg,0,0.8714085817337036,True,VALID
190613.jpg,1,0.8699172139167786,True,VALID
190613.jpg,2,0.8636138439178467,True,VALID
190613.jpg,3,0.8457710146903992,True,VALID
260058.jpg,0,0.8603038787841797,True,VALID
260058.jpg,1,0.7608389854431152,True,VALID
230119.jpg,0,0.8747804164886475,True,VALID
200088.jpg,0,0.829963207244873,True,VALID
200088.jpg,1,0.5828900337219238,True,FALSE_POSITIVE
230369.jpg,0,0.7787767052650452,True,VALID
230369.jpg,1,0.6125442385673523,True,VALID
230369.jpg,2,0.5967921018600464,True,UNCERTAIN
190078.jpg,0,0.8670482039451599,True,VALID
190078.jpg,1,0.8592392206192017,True,VALID
190078.jpg,2,0.747419536113739,True,VALID
190385.jpg,0,0.8606104850769043,True,VALID
220238.jpg,0,0.7713959813117981,True,VALID
240324.jpg,0,0.7591956257820129,True,VALID
190530.jpg,0,0.8720895051956177,True,VALID
190530.jpg,1,0.8593306541442871,True,VALID
190530.jpg,2,0.8157636523246765,True,VALID
190530.jpg,3,0.30087533593177795,False,VALID
240103.jpg,0,0.8517608642578125,True,VALID
260343.jpg,0,0.8740715384483337,True,VALID
260343.jpg,1,0.7655271291732788,True,VALID
210238.jpg,0,0.8578945398330688,True,VALID
210238.jpg,1,0.841444194316864,True,VALID
210238.jpg,2,0.8271541595458984,True,VALID
210238.jpg,3,0.8268375992774963,True,VALID
190327.jpg,0,0.861449122428894,True,VALID
190327.jpg,1,0.8404964208602905,True,VALID
190667.jpg,0,0.869527280330658,True,VALID
190667.jpg,1,0.8358873724937439,True,VALID
190667.jpg,2,0.8314744830131531,True,VALID
190667.jpg,3,0.5804830193519592,False,VALID
190363.jpg,0,0.8826678991317749,True,VALID
190392.jpg,0,0.8633519411087036,True,VALID
190392.jpg,1,0.8615466952323914,True,VALID
190392.jpg,2,0.8580697178840637,True,VALID
190392.jpg,3,0.7102726101875305,True,VALID
190392.jpg,4,0.579828679561615,True,VALID
190392.jpg,5,0.5314719080924988,True,VALID
260273.jpg,0,0.8292678594589233,True,VALID
240149.jpg,0,0.845536470413208,True,VALID
210237.jpg,0,0.7977400422096252,True,VALID
210237.jpg,1,0.7523356080055237,True,FALSE_POSITIVE
210237.jpg,2,0.4054356515407562,True,UNCERTAIN
230033.jpg,0,0.7866038084030151,True,VALID
210381.jpg,0,0.8169121742248535,True,VALID
210381.jpg,1,0.8156132698059082,True,VALID
190579.jpg,0,0.8683411478996277,True,VALID
190579.jpg,1,0.791986346244812,True,VALID
220312.jpg,0,0.834730863571167,True,VALID
220312.jpg,1,0.8078494071960449,True,VALID
220312.jpg,2,0.8028222918510437,True,VALID
220312.jpg,3,0.7744459509849548,True,VALID
220312.jpg,4,0.7716299891471863,False,VALID
220312.jpg,5,0.6752963066101074,True,VALID
220312.jpg,6,0.4195346236228943,True,UNCERTAIN
220312.jpg,7,0.2929307818412781,False,UNCERTAIN
210302.jpg,0,0.7964895963668823,True,VALID
210302.jpg,1,0.768116295337677,True,VALID
200165.jpg,0,0.6598361730575562,True,VALID
230015.jpg,0,0.8145961165428162,True,VALID
230015.jpg,1,0.705947995185852,True,VALID
230015.jpg,2,0.697255551815033,True,VALID
200201.jpg,0,0.8068562150001526,True,VALID
230167.jpg,0,0.8422483801841736,True,VALID
230167.jpg,1,0.6825751662254333,True,VALID
230167.jpg,2,0.4726698100566864,True,VALID
230169.jpg,0,0.8525997400283813,True,VALID
230169.jpg,1,0.8216739296913147,True,VALID
230169.jpg,2,0.7180774211883545,True,VALID
240049.jpg,0,0.8546885251998901,True,VALID
240049.jpg,1,0.758715808391571,True,VALID
240049.jpg,2,0.729904294013977,True,VALID
240049.jpg,3,0.3686177730560303,False,FALSE_POSITIVE
260209.jpg,0,0.8415413498878479,True,VALID
260209.jpg,1,0.838228702545166,True,VALID
260209.jpg,2,0.7842890024185181,True,VALID
260209.jpg,3,0.7694786787033081,True,VALID
260371.jpg,0,0.7674996256828308,True,VALID
260371.jpg,1,0.48414942622184753,True,FALSE_POSITIVE
260371.jpg,2,0.4554702043533325,True,VALID
230336.jpg,0,0.8472060561180115,True,VALID
230336.jpg,1,0.8453107476234436,True,VALID
230336.jpg,2,0.8307905793190002,True,VALID
230336.jpg,3,0.8204483985900879,True,VALID
230336.jpg,4,0.7814320921897888,True,VALID
230442.jpg,0,0.7231760621070862,True,VALID
230442.jpg,1,0.6598811149597168,True,VALID
230058.jpg,0,0.8709818124771118,True,VALID
230058.jpg,1,0.8541327118873596,True,VALID
220331.jpg,0,0.8401637077331543,True,VALID
220331.jpg,1,0.8378782868385315,True,VALID
190746.jpg,0,0.8836718201637268,True,VALID
190746.jpg,1,0.881561815738678,True,VALID
190746.jpg,2,0.8516637682914734,True,VALID
190746.jpg,3,0.8204006552696228,True,VALID
200026.jpg,0,0.8368101119995117,True,VALID
220012.jpg,0,0.8225687742233276,True,VALID
220012.jpg,1,0.7988854646682739,True,VALID
200044.jpg,0,0.8292721509933472,True,VALID
200044.jpg,1,0.8286990523338318,True,VALID
200044.jpg,2,0.630602240562439,True,VALID
260071.jpg,0,0.8296836018562317,True,VALID
260071.jpg,1,0.781285285949707,True,VALID
210098.jpg,0,0.8164626955986023,True,VALID
210098.jpg,1,0.7574871778488159,True,VALID
210098.jpg,2,0.5134881138801575,True,FALSE_POSITIVE
230123.jpg,0,0.8043134212493896,True,VALID
230123.jpg,1,0.6973986625671387,True,VALID
230123.jpg,2,0.5430113077163696,True,FALSE_POSITIVE
230123.jpg,3,0.5385149717330933,True,VALID
230391.jpg,0,0.776870846748352,True,VALID
230391.jpg,1,0.7483245730400085,True,VALID
220303.jpg,0,0.7216792106628418,True,VALID
220303.jpg,1,0.6972581148147583,True,VALID
220303.jpg,2,0.6259142756462097,True,VALID
220303.jpg,3,0.34765756130218506,False,UNCERTAIN
220303.jpg,4,,,
190100.jpg,0,0.8566847443580627,True,VALID
190100.jpg,1,0.846058189868927,True,VALID
190100.jpg,2,0.8426110148429871,True,VALID
190100.jpg,3,0.806860625743866,True,VALID
190100.jpg,4,0.5937000513076782,True,VALID
190100.jpg,5,0.544329047203064,False,VALID
260350.jpg,0,0.844817042350769,True,VALID
260350.jpg,1,0.8418079614639282,True,VALID
230129.jpg,0,0.8535334467887878,True,VALID
230129.jpg,1,0.8257409930229187,True,VALID
230129.jpg,2,0.631016731262207,True,VALID
230129.jpg,3,0.4091639816761017,True,FALSE_POSITIVE
200054.jpg,0,0.7702512145042419,True,FALSE_POSITIVE
200054.jpg,1,0.7700609564781189,True,VALID
200054.jpg,2,0.5344427227973938,True,VALID
200054.jpg,3,,,
200054.jpg,4,,,
220177.jpg,0,0.8409145474433899,True,VALID
220177.jpg,1,0.8408388495445251,True,VALID
220177.jpg,2,0.8362807631492615,True,VALID
220177.jpg,3,0.8349575996398926,True,VALID
220177.jpg,4,0.7917595505714417,True,VALID
190083.jpg,0,0.843819260597229,True,VALID
190083.jpg,1,0.840453028678894,True,VALID
190083.jpg,2,0.7854515314102173,True,VALID
190578.jpg,0,0.8711450099945068,True,VALID
190578.jpg,1,0.8672376871109009,True,VALID
190578.jpg,2,0.8524243235588074,True,VALID
190578.jpg,3,0.8441758155822754,True,VALID
190578.jpg,4,0.8042272925376892,True,VALID
190578.jpg,5,0.7353954315185547,True,VALID
190578.jpg,6,0.7115461826324463,True,VALID
240466.jpg,0,0.8408039212226868,True,VALID
260369.jpg,0,0.8489329814910889,True,VALID
260369.jpg,1,0.8398360013961792,True,VALID
260369.jpg,2,0.7421045899391174,True,VALID
230202.jpg,0,0.8416436910629272,True,VALID
230202.jpg,1,0.8047909140586853,True,VALID
230202.jpg,2,0.7211490869522095,True,VALID
230202.jpg,3,0.7071323990821838,True,VALID
220292.jpg,0,0.7525179982185364,True,VALID
260120.jpg,0,0.852834165096283,True,VALID
260120.jpg,1,0.8249983787536621,True,VALID
260120.jpg,2,0.8111287355422974,True,FALSE_POSITIVE
190052.jpg,0,0.8804683685302734,True,VALID
190052.jpg,1,0.8332805037498474,True,VALID
260420.jpg,0,0.8568222522735596,True,VALID
190538.jpg,0,0.8653583526611328,True,VALID
190538.jpg,1,0.8584499359130859,True,VALID
190538.jpg,2,0.8572969436645508,True,VALID
190538.jpg,3,0.8513229489326477,True,VALID
190538.jpg,4,0.8400285840034485,True,VALID
210023.jpg,0,0.8482242822647095,True,VALID
210023.jpg,1,0.6744032502174377,True,VALID
260023.jpg,0,0.8820638656616211,True,VALID
260087.jpg,0,0.8863906860351562,True,VALID
260087.jpg,1,0.846878170967102,True,VALID
240185.jpg,0,0.6508169174194336,True,FALSE_POSITIVE
210414.jpg,0,0.845637321472168,True,VALID
210414.jpg,1,0.8237111568450928,True,VALID
210414.jpg,2,0.356662392616272,False,VALID
210414.jpg,3,,,
210387.jpg,0,0.8649474382400513,True,VALID
210387.jpg,1,0.826300859451294,True,VALID
210387.jpg,2,0.7272606492042542,True,VALID
210387.jpg,3,0.5376017689704895,False,VALID
260150.jpg,0,0.823858916759491,True,VALID
190660.jpg,0,0.8212378621101379,True,VALID
190660.jpg,1,0.7857699990272522,True,VALID
190660.jpg,2,0.782387912273407,True,VALID
190660.jpg,3,0.6954432725906372,True,VALID
190356.jpg,0,0.7926852703094482,True,VALID
190304.jpg,0,0.8419063091278076,True,VALID
190304.jpg,1,0.8252625465393066,True,VALID
190304.jpg,2,,,
210030.jpg,0,0.8503229022026062,True,VALID
210030.jpg,1,0.8360627293586731,True,VALID
210030.jpg,2,0.8320963382720947,True,VALID
210030.jpg,3,0.8077489733695984,True,VALID
210030.jpg,4,,,
210374.jpg,0,0.8459146022796631,True,VALID
210374.jpg,1,0.8094906210899353,True,VALID
210374.jpg,2,0.6171330213546753,True,UNCERTAIN
220126.jpg,0,0.8257935047149658,True,VALID
230232.jpg,0,0.6122564077377319,True,VALID
260272.jpg,0,0.8668462634086609,True,VALID
260272.jpg,1,0.7643653750419617,True,VALID
260272.jpg,2,0.708477795124054,True,VALID
260272.jpg,3,0.4547198414802551,False,VALID
260272.jpg,4,,,
190370.jpg,0,0.8743295669555664,True,VALID
260213.jpg,0,0.8256524801254272,True,VALID
230262.jpg,0,0.8325375914573669,True,VALID
230262.jpg,1,0.818397045135498,True,VALID
230262.jpg,2,0.6438899636268616,True,VALID
210132.jpg,0,0.7846776247024536,True,VALID
240200.jpg,0,0.8388741612434387,True,VALID
240200.jpg,1,0.8239196538925171,True,VALID
260462.jpg,0,0.8598939776420593,True,VALID
260462.jpg,1,0.8316611647605896,True,VALID
260462.jpg,2,0.7263918519020081,True,VALID
260393.jpg,0,0.8225651383399963,True,VALID
200291.jpg,0,0.8498060703277588,True,VALID
200291.jpg,1,0.6721619367599487,True,VALID
190369.jpg,0,0.8587104678153992,True,VALID
190815.jpg,0,0.8814351558685303,True,VALID
190815.jpg,1,0.8690694570541382,True,VALID
190231.jpg,0,0.8769938945770264,True,VALID
190231.jpg,1,0.8756023049354553,True,VALID
190436.jpg,0,0.8783037662506104,True,VALID
190436.jpg,1,0.29877719283103943,False,FALSE_POSITIVE
190821.jpg,0,0.8624976277351379,True,VALID
210024.jpg,0,0.8430894017219543,True,VALID
210072.jpg,0,0.8486770987510681,True,VALID
220069.jpg,0,0.827707052230835,True,VALID
220069.jpg,1,0.8247993588447571,False,VALID
220069.jpg,2,0.8052542209625244,True,VALID
220069.jpg,3,0.7997169494628906,True,VALID
220069.jpg,4,0.7934509515762329,True,VALID
220069.jpg,5,,,
220069.jpg,6,,,
220042.jpg,0,0.7220487594604492,True,FALSE_POSITIVE
230045.jpg,0,0.8543460965156555,True,VALID
230045.jpg,1,0.8294245004653931,True,VALID
260277.jpg,0,0.8480806350708008,True,VALID
260277.jpg,1,0.8283904194831848,True,VALID
260277.jpg,2,0.8213419914245605,True,VALID
260051.jpg,0,0.8739644289016724,True,VALID
240297.jpg,0,0.7645465731620789,True,VALID
240297.jpg,1,0.7419277429580688,True,VALID
240297.jpg,2,0.7257847189903259,True,VALID
240297.jpg,3,,,
240297.jpg,4,,,
200296.jpg,0,0.8458544015884399,True,VALID
200296.jpg,1,0.6562601923942566,True,VALID
190263.jpg,0,0.8530672788619995,True,VALID
190263.jpg,1,0.8372621536254883,True,VALID
260167.jpg,0,0.7799965143203735,True,VALID
260167.jpg,1,0.7289488911628723,True,VALID
260167.jpg,2,0.7160439491271973,True,VALID
260167.jpg,3,0.7039403319358826,True,VALID
230028.jpg,0,0.8051406741142273,True,VALID
230187.jpg,0,0.8534602522850037,True,VALID
260457.jpg,0,0.8553354144096375,True,VALID
260457.jpg,1,0.6874757409095764,True,FALSE_POSITIVE
230163.jpg,0,0.7666512727737427,True,VALID
230163.jpg,1,0.622468113899231,True,VALID
190513.jpg,0,0.8556287288665771,True,VALID
190513.jpg,1,0.853731095790863,True,VALID
190513.jpg,2,0.8535582423210144,True,VALID
190513.jpg,3,0.8058357834815979,True,VALID
220332.jpg,0,0.712129533290863,True,VALID
220332.jpg,1,0.6758410334587097,True,VALID
220332.jpg,2,0.6377577185630798,True,VALID
220332.jpg,3,0.4494779109954834,False,VALID
220332.jpg,4,,,
190230.jpg,0,0.8614312410354614,True,VALID
200009.jpg,0,0.8505781888961792,True,VALID
200009.jpg,1,0.8312733769416809,True,VALID
200009.jpg,2,0.7719781398773193,True,VALID
200057.jpg,0,0.8477008938789368,True,VALID
200057.jpg,1,0.8466110229492188,True,VALID
230253.jpg,0,0.8642477989196777,True,VALID
230253.jpg,1,0.8210632801055908,True,VALID
220095.jpg,0,0.8323320150375366,True,VALID
220095.jpg,1,0.8161669373512268,True,VALID
220095.jpg,2,0.7848873138427734,True,VALID
220095.jpg,3,0.7812684774398804,True,VALID
220330.jpg,0,0.8240336179733276,True,VALID
220330.jpg,1,0.4656030535697937,True,VALID
260441.jpg,0,0.8400091528892517,True,VALID
190654.jpg,0,0.8647832870483398,True,VALID
190654.jpg,1,0.8566014170646667,True,VALID
190654.jpg,2,0.8417280912399292,True,VALID
190654.jpg,3,0.801792323589325,False,VALID
190654.jpg,4,0.7221236228942871,True,VALID
190654.jpg,5,,,
210018.jpg,0,0.8181857466697693,True,VALID
210335.jpg,0,0.8476012349128723,True,VALID
210335.jpg,1,0.8036929368972778,True,VALID
210335.jpg,2,0.8035420179367065,True,VALID
210335.jpg,3,0.789935290813446,True,VALID
210335.jpg,4,0.7480186223983765,True,VALID
210335.jpg,5,0.7319484353065491,True,VALID
210335.jpg,6,0.45814117789268494,False,UNCERTAIN
210335.jpg,7,0.3533549904823303,False,UNCERTAIN
210335.jpg,8,,,
210335.jpg,9,,,
190593.jpg,0,0.8658806085586548,True,VALID
200075.jpg,0,0.8538227677345276,True,VALID
200075.jpg,1,0.5735228061676025,True,VALID
220133.jpg,0,0.8556981086730957,True,VALID
220133.jpg,1,0.8246663808822632,True,VALID
230095.jpg,0,0.8395507335662842,True,VALID
230095.jpg,1,0.8126523494720459,True,VALID
230095.jpg,2,0.7961296439170837,True,VALID
230095.jpg,3,0.7741726636886597,True,VALID
230095.jpg,4,0.7049167156219482,True,VALID
230095.jpg,5,0.5480456948280334,True,VALID
200315.jpg,0,0.86039137840271,True,VALID
190608.jpg,0,0.8594260215759277,True,VALID
190608.jpg,1,0.8462961912155151,True,VALID
190608.jpg,2,0.8439843654632568,True,VALID
190608.jpg,3,0.8437694311141968,True,VALID
190608.jpg,4,0.839323103427887,True,VALID
190608.jpg,5,0.8103369474411011,True,VALID
190515.jpg,0,0.8682847023010254,True,VALID
190515.jpg,1,0.8508136868476868,True,VALID
190515.jpg,2,0.8311588764190674,True,VALID
190515.jpg,3,0.8101381063461304,True,FALSE_POSITIVE
260022.jpg,0,0.8348848819732666,True,VALID
260022.jpg,1,0.804760217666626,True,VALID
200261.jpg,0,0.8217535614967346,True,VALID
200261.jpg,1,0.7135053277015686,True,VALID
210411.jpg,0,0.8062893152236938,True,VALID
210411.jpg,1,0.7549947500228882,True,VALID
210411.jpg,2,0.7291229367256165,True,VALID
260475.jpg,0,0.8673745393753052,True,VALID
260475.jpg,1,0.6762295365333557,True,VALID
220309.jpg,0,0.785641074180603,True,VALID
220309.jpg,1,0.7072724103927612,True,VALID
260123.jpg,0,0.8807591199874878,True,VALID
260123.jpg,1,0.83549964427948,True,VALID
240009.jpg,0,0.8059619665145874,True,VALID
240009.jpg,1,,,
190111.jpg,0,0.8132687211036682,True,VALID
190111.jpg,1,0.8100478649139404,True,VALID
190111.jpg,2,0.555087149143219,True,VALID
220026.jpg,0,0.8633394241333008,True,VALID
260134.jpg,0,0.8363795280456543,True,VALID
260134.jpg,1,0.8333064913749695,True,VALID
240087.jpg,0,0.8527382612228394,True,VALID
260402.jpg,0,0.8935042023658752,True,VALID
260402.jpg,1,0.8778313398361206,True,VALID
200275.jpg,0,0.8657964468002319,True,VALID
200275.jpg,1,0.8513792157173157,True,VALID
200275.jpg,2,0.8512362241744995,True,VALID
200275.jpg,3,0.8026386499404907,True,VALID
210326.jpg,0,0.809569776058197,True,VALID
240487.jpg,0,0.8428786993026733,True,VALID
230214.jpg,0,0.7802684307098389,True,VALID
230214.jpg,1,0.6111426949501038,True,VALID
230214.jpg,2,0.5745055079460144,True,VALID
230214.jpg,3,0.5675402283668518,True,VALID
230214.jpg,4,0.5211837887763977,True,VALID
230214.jpg,5,0.3926253914833069,True,VALID
190462.jpg,0,0.8716877698898315,True,VALID
190462.jpg,1,0.8457480072975159,True,VALID
190462.jpg,2,0.8144444227218628,True,VALID
210338.jpg,0,0.8618660569190979,True,VALID
260361.jpg,0,0.8516812324523926,True,VALID
260361.jpg,1,0.7748686671257019,True,VALID
260361.jpg,2,0.7696427702903748,True,VALID
260361.jpg,3,0.46161386370658875,True,VALID
260361.jpg,4,,,
260094.jpg,0,0.8146701455116272,True,VALID
260094.jpg,1,0.7324217557907104,True,VALID
260094.jpg,2,0.6617053151130676,True,VALID
260094.jpg,3,,,
210005.jpg,0,0.8475605845451355,True,VALID
210309.jpg,0,0.824052095413208,True,VALID
210309.jpg,1,0.7461700439453125,True,VALID
210008.jpg,0,0.8388472199440002,True,VALID
210008.jpg,1,0.8071275949478149,True,VALID
210008.jpg,2,0.7995281219482422,True,VALID
210008.jpg,3,0.7719321250915527,True,VALID
200220.jpg,0,0.8470986485481262,True,VALID
240492.jpg,0,0.8221678137779236,True,VALID
240492.jpg,1,0.7906032204627991,True,VALID
240492.jpg,2,0.765795886516571,True,VALID
240492.jpg,3,0.7544598579406738,True,VALID
200281.jpg,0,0.8646404147148132,True,VALID
200281.jpg,1,0.6771644949913025,True,VALID
200281.jpg,2,0.6021414399147034,False,UNCERTAIN
200281.jpg,3,,,
190754.jpg,0,0.861732542514801,True,VALID
260187.jpg,0,0.8469231128692627,True,VALID
230289.jpg,0,0.857560932636261,True,VALID
230289.jpg,1,0.8370442390441895,True,VALID
230289.jpg,2,0.5477815866470337,True,VALID
190262.jpg,0,0.8501854538917542,True,VALID
190262.jpg,1,0.8234694004058838,True,VALID
190262.jpg,2,0.7968199253082275,True,VALID
190262.jpg,3,0.7881397604942322,True,VALID
190262.jpg,4,0.6907340884208679,True,VALID
260503.jpg,0,0.8535961508750916,True,VALID
260503.jpg,1,0.8166148066520691,True,VALID
210266.jpg,0,0.8106015920639038,True,VALID
210266.jpg,1,0.7068394422531128,True,VALID
210266.jpg,2,,,
190034.jpg,0,0.8678125739097595,True,VALID
190034.jpg,1,0.8483643531799316,True,VALID
220201.jpg,0,0.8685287237167358,True,VALID
220201.jpg,1,0.7211170792579651,True,VALID
210364.jpg,0,0.7592913508415222,True,VALID
210278.jpg,0,0.8139050602912903,True,VALID
190564.jpg,0,0.867172122001648,True,VALID
190662.jpg,0,0.8584920167922974,True,VALID
190662.jpg,1,0.8253422975540161,True,VALID
190662.jpg,2,0.5107560157775879,True,VALID
200117.jpg,0,0.8522207140922546,True,VALID
240095.jpg,0,0.8145857453346252,True,VALID
260357.jpg,0,0.8209245800971985,True,VALID
260357.jpg,1,0.7635318040847778,True,VALID
260357.jpg,2,,,
260502.jpg,0,0.8616355657577515,True,VALID
260502.jpg,1,0.6057883501052856,True,VALID
260502.jpg,2,0.5817035436630249,True,VALID
220196.jpg,0,0.8355008363723755,True,VALID
220196.jpg,1,0.8347194790840149,True,VALID
220196.jpg,2,0.7277300357818604,True,VALID
240057.jpg,0,0.6842150092124939,True,VALID
240057.jpg,1,0.33135348558425903,True,VALID
190612.jpg,0,0.8822354674339294,True,VALID
190612.jpg,1,0.5857799053192139,True,VALID
260156.jpg,0,0.826457679271698,True,VALID
260156.jpg,1,0.7756184339523315,True,VALID
200020.jpg,0,0.846339225769043,True,VALID
200020.jpg,1,0.8389366269111633,True,VALID
190119.jpg,0,0.6099867820739746,True,VALID
190119.jpg,1,0.3359743654727936,True,FALSE_POSITIVE
200256.jpg,0,0.8581610321998596,True,VALID
240334.jpg,0,0.8336058855056763,True,VALID
240334.jpg,1,0.7985888719558716,True,VALID
240334.jpg,2,,,
240334.jpg,3,,,
210361.jpg,0,0.8278459906578064,True,VALID
210361.jpg,1,0.6980841159820557,True,VALID
210361.jpg,2,0.6934891939163208,True,VALID
210361.jpg,3,0.619888186454773,True,VALID
210386.jpg,0,0.8461987972259521,True,VALID
210386.jpg,1,0.8218064904212952,True,VALID
210386.jpg,2,0.8155707120895386,True,VALID
210386.jpg,3,0.800154983997345,True,VALID
210386.jpg,4,0.6079183220863342,True,VALID
210386.jpg,5,,,
190739.jpg,0,0.8719965219497681,True,VALID
190739.jpg,1,0.8633504509925842,True,VALID
190739.jpg,2,0.8479757905006409,True,VALID
230386.jpg,0,0.8220834136009216,True,VALID
230386.jpg,1,0.7874401807785034,True,VALID
230386.jpg,2,0.6133209466934204,True,VALID
230386.jpg,3,0.49631795287132263,True,VALID
210201.jpg,0,0.8644683361053467,True,VALID
210201.jpg,1,0.8446819186210632,True,VALID
210201.jpg,2,0.8319457769393921,True,VALID
210201.jpg,3,0.7518942952156067,True,VALID
190291.jpg,0,0.8607496619224548,True,VALID
190291.jpg,1,0.781676709651947,True,VALID
190737.jpg,0,0.7282518744468689,True,VALID
230041.jpg,0,0.8495461344718933,True,VALID
230041.jpg,1,0.83521968126297,True,VALID
230041.jpg,2,0.7696119546890259,True,VALID
210157.jpg,0,0.44285285472869873,True,UNCERTAIN
210157.jpg,1,,,
210157.jpg,2,,,
240081.jpg,0,0.7142795920372009,True,VALID
260183.jpg,0,0.8149335384368896,True,VALID
210056.jpg,0,0.7952114939689636,True,VALID
240479.jpg,0,0.7205847501754761,True,VALID
240479.jpg,1,0.3060188591480255,False,FALSE_POSITIVE
240479.jpg,2,,,
240109.jpg,0,0.8470302224159241,True,VALID
240109.jpg,1,0.8051827549934387,True,VALID
210022.jpg,0,0.8618188500404358,True,VALID
230450.jpg,0,0.8259245157241821,True,VALID
230450.jpg,1,0.7683316469192505,True,VALID
190371.jpg,0,0.8273015022277832,True,VALID
190589.jpg,0,0.8599858283996582,True,VALID
190589.jpg,1,0.8403588533401489,True,VALID
230297.jpg,0,0.8046024441719055,True,VALID
230297.jpg,1,0.5328066349029541,True,VALID
190641.jpg,0,0.8732296228408813,True,VALID
190641.jpg,1,0.8265557289123535,True,VALID
240467.jpg,0,0.8474637269973755,True,VALID
240467.jpg,1,0.7988979816436768,True,VALID
240467.jpg,2,0.7487469911575317,True,VALID
210245.jpg,0,0.8498759865760803,True,VALID
210245.jpg,1,0.8096738457679749,True,VALID
230135.jpg,0,0.8533006906509399,True,VALID
230135.jpg,1,0.8295409679412842,True,VALID
230135.jpg,2,0.8216370940208435,True,VALID
230135.jpg,3,0.720707356929779,True,VALID
210286.jpg,0,0.8562264442443848,True,VALID
220116.jpg,0,0.8100482225418091,True,VALID
190153.jpg,0,0.8794254660606384,True,VALID
190153.jpg,1,0.8746589422225952,True,VALID
230146.jpg,0,0.8531394600868225,True,VALID
230146.jpg,1,0.838900089263916,True,VALID
220320.jpg,0,0.8530724048614502,True,VALID
220320.jpg,1,0.8170104026794434,True,VALID
220320.jpg,2,0.7914953231811523,True,VALID
220320.jpg,3,0.7635757327079773,False,VALID
220320.jpg,4,0.5860306024551392,True,VALID
220320.jpg,5,,,
220071.jpg,0,0.845084011554718,True,VALID
220071.jpg,1,0.7040995359420776,True,VALID
210318.jpg,0,0.84615558385849,True,VALID
210318.jpg,1,0.830765962600708,True,VALID
210318.jpg,2,0.8235491514205933,True,VALID
210318.jpg,3,0.7785985469818115,True,VALID
210318.jpg,4,0.4953620731830597,True,UNCERTAIN
240005.jpg,0,0.7996267676353455,True,VALID
220297.jpg,0,0.8361862301826477,True,VALID
220297.jpg,1,0.7399592995643616,True,VALID
220297.jpg,2,,,
190081.jpg,0,0.8626108765602112,True,VALID
260300.jpg,0,0.8873386979103088,True,VALID
260300.jpg,1,0.8543599843978882,True,VALID
190275.jpg,0,0.8703065514564514,True,VALID
190275.jpg,1,0.864048957824707,True,VALID
190313.jpg,0,0.851756751537323,True,VALID
240145.jpg,0,0.6339059472084045,True,VALID
240145.jpg,1,0.44127923250198364,True,VALID
210366.jpg,0,0.7962889075279236,True,VALID
210366.jpg,1,0.7940041422843933,True,VALID
190544.jpg,0,0.8634839057922363,True,VALID
190544.jpg,1,0.8196468949317932,True,VALID
260307.jpg,0,0.8653780817985535,True,VALID
260307.jpg,1,0.8368352651596069,True,VALID
190362.jpg,0,0.8591992259025574,True,VALID
190362.jpg,1,0.8514602780342102,True,VALID
220166.jpg,0,0.7193436026573181,True,VALID
200055.jpg,0,0.816672146320343,True,VALID
200141.jpg,0,0.8532975912094116,True,VALID
200141.jpg,1,0.6465020775794983,True,VALID
230229.jpg,0,0.775313675403595,True,VALID
230229.jpg,1,,,
210271.jpg,0,0.8279134631156921,True,VALID
200219.jpg,0,0.8565568327903748,True,VALID
200219.jpg,1,0.8331460952758789,True,VALID
230277.jpg,0,0.8432521224021912,True,VALID
260015.jpg,0,0.8654340505599976,True,VALID
190400.jpg,0,0.8789758682250977,True,VALID
190400.jpg,1,,,
200146.jpg,0,0.8664151430130005,True,VALID
200146.jpg,1,0.6792263388633728,True,VALID
210062.jpg,0,0.8314141631126404,True,VALID
210062.jpg,1,0.8289374113082886,True,VALID
210062.jpg,2,0.3352499008178711,True,VALID
210062.jpg,3,,,
210412.jpg,0,0.8713657855987549,True,VALID
210412.jpg,1,,,
190279.jpg,0,0.8300087451934814,True,VALID
190430.jpg,0,0.8513568639755249,True,VALID
190591.jpg,0,0.8265824913978577,True,VALID
210081.jpg,0,0.8330376148223877,True,VALID
210081.jpg,1,0.8064730763435364,True,VALID
210081.jpg,2,0.37234026193618774,True,UNCERTAIN
190795.jpg,0,0.8752313852310181,True,VALID
190795.jpg,1,0.8591755628585815,True,VALID
190795.jpg,2,0.8578349351882935,True,VALID
190795.jpg,3,0.8545275330543518,True,VALID
190795.jpg,4,0.8354621529579163,True,VALID
200033.jpg,0,0.8499952554702759,True,VALID
190205.jpg,0,0.8598794937133789,True,VALID
190205.jpg,1,0.8575775027275085,True,VALID
190205.jpg,2,0.8527534604072571,True,VALID
190205.jpg,3,0.8265977501869202,True,VALID
190205.jpg,4,0.7914807200431824,True,VALID
190205.jpg,5,0.5229678153991699,True,VALID
190205.jpg,6,,,
190033.jpg,0,0.8513703942298889,True,VALID
190033.jpg,1,0.8453742265701294,True,VALID
190033.jpg,2,0.8269045948982239,True,VALID
190033.jpg,3,0.7724305987358093,True,VALID
220338.jpg,0,0.8397677540779114,True,VALID
220338.jpg,1,0.8073865175247192,True,VALID
220338.jpg,2,0.7939464449882507,True,VALID
220338.jpg,3,0.7745615839958191,True,VALID
220338.jpg,4,0.7412652373313904,True,VALID
190084.jpg,0,0.8702297806739807,True,VALID
190084.jpg,1,0.858184814453125,True,VALID
190084.jpg,2,0.642340898513794,True,VALID
190783.jpg,0,0.8037045001983643,True,VALID
190783.jpg,1,,,
220146.jpg,0,0.8454017639160156,True,VALID
220146.jpg,1,0.7964165210723877,True,VALID
220146.jpg,2,0.7919736504554749,True,VALID
220146.jpg,3,0.5870251059532166,True,VALID
220146.jpg,4,0.354269415140152,False,FALSE_POSITIVE
220146.jpg,5,,,
220308.jpg,0,0.7842020988464355,True,VALID
260370.jpg,0,0.8697036504745483,True,VALID
260370.jpg,1,0.8589140176773071,True,VALID
190497.jpg,0,0.8649422526359558,True,VALID
190497.jpg,1,0.8581843376159668,True,VALID
190497.jpg,2,0.8488869071006775,True,VALID
190497.jpg,3,0.8298121094703674,True,VALID
190497.jpg,4,0.8044421076774597,True,VALID
190497.jpg,5,0.7152628302574158,True,VALID
190497.jpg,6,0.6844671368598938,True,VALID
260235.jpg,0,0.8715988993644714,True,VALID
190325.jpg,0,0.8713021874427795,True,VALID
190325.jpg,1,0.8658258318901062,True,VALID
190325.jpg,2,0.8566102981567383,True,VALID
190325.jpg,3,0.8494088649749756,True,VALID
190325.jpg,4,0.7341844439506531,True,VALID
260263.jpg,0,0.8575533032417297,True,VALID
260263.jpg,1,0.8545162081718445,True,VALID
260263.jpg,2,0.8364428281784058,True,VALID
260263.jpg,3,0.7719383835792542,True,VALID
260263.jpg,4,0.7398859858512878,True,VALID
260136.jpg,0,0.8831230401992798,True,VALID
260136.jpg,1,0.8755584359169006,True,VALID
260136.jpg,2,0.8658244013786316,True,VALID
260270.jpg,0,0.862975537776947,True,VALID
190644.jpg,0,0.8774374127388,True,VALID
190644.jpg,1,0.7209325432777405,True,VALID
220034.jpg,0,0.8366490602493286,True,VALID
260316.jpg,0,0.8417267203330994,True,VALID
260316.jpg,1,0.8332690596580505,True,VALID
260316.jpg,2,0.7294173836708069,True,FALSE_POSITIVE
190079.jpg,0,0.8476633429527283,True,VALID
190079.jpg,1,0.6814411282539368,True,VALID
210285.jpg,0,0.8039021492004395,True,VALID
240490.jpg,0,0.8446783423423767,True,VALID
240490.jpg,1,0.7937101125717163,True,VALID
240490.jpg,2,0.7889605164527893,True,VALID
220172.jpg,0,0.8336130380630493,True,VALID
220172.jpg,1,0.5288131237030029,True,VALID
230370.jpg,0,0.740106463432312,True,FALSE_POSITIVE
210236.jpg,0,0.8782878518104553,True,VALID
210236.jpg,1,0.7226651906967163,True,VALID
210393.jpg,0,0.8598505258560181,True,VALID
210393.jpg,1,0.8259410858154297,True,VALID
190790.jpg,0,0.7572778463363647,True,VALID
240164.jpg,0,,,
210212.jpg,0,0.8469192385673523,True,VALID
210212.jpg,1,0.5371492505073547,True,VALID
240036.jpg,0,0.7404312491416931,True,VALID
240036.jpg,1,,,
230069.jpg,0,0.8315411806106567,True,VALID
230069.jpg,1,0.731499195098877,True,VALID
190311.jpg,0,0.8169124126434326,True,VALID
190311.jpg,1,0.7871533036231995,True,VALID
190311.jpg,2,0.7853142023086548,True,VALID
190311.jpg,3,0.7761738896369934,True,VALID
190311.jpg,4,0.7317326664924622,True,VALID
190311.jpg,5,0.7006208300590515,True,VALID
190311.jpg,6,0.6171204447746277,False,VALID
190311.jpg,7,0.2927374541759491,True,UNCERTAIN
190311.jpg,8,0.2891107499599457,True,UNCERTAIN
190311.jpg,9,,,
190311.jpg,10,,,
190311.jpg,11,,,
220197.jpg,0,0.8465484976768494,True,VALID
220197.jpg,1,0.7971083521842957,True,VALID
260302.jpg,0,0.8323838710784912,True,VALID
260302.jpg,1,0.8257338404655457,True,VALID
260302.jpg,2,0.6637047529220581,True,VALID
190269.jpg,0,0.8744499683380127,True,VALID
190269.jpg,1,0.8720090985298157,True,VALID
190269.jpg,2,0.864671528339386,True,VALID
190269.jpg,3,0.32188764214515686,False,FALSE_POSITIVE
190819.jpg,0,0.8594797849655151,True,VALID
190819.jpg,1,0.5662523508071899,True,VALID
200192.jpg,0,0.8014564514160156,True,VALID
200192.jpg,1,0.7470790147781372,True,VALID
230126.jpg,0,0.8605620861053467,True,VALID
230126.jpg,1,0.6749382615089417,True,VALID
230293.jpg,0,0.8422902822494507,True,VALID
260337.jpg,0,0.8930123448371887,True,VALID
260337.jpg,1,0.8054024577140808,True,VALID
210384.jpg,0,0.8738975524902344,True,VALID
240283.jpg,0,0.8628000617027283,True,VALID
230409.jpg,0,0.7615331411361694,True,VALID
230409.jpg,1,0.42324814200401306,False,VALID
260014.jpg,0,0.753923237323761,True,VALID
260014.jpg,1,0.6963623762130737,True,VALID
240312.jpg,0,0.8244515061378479,True,VALID
260006.jpg,0,0.7764183878898621,True,FALSE_POSITIVE
190138.jpg,0,0.8819491267204285,True,VALID
190138.jpg,1,0.8449796438217163,True,VALID
240323.jpg,0,0.7862668037414551,True,VALID
240323.jpg,1,0.76747065782547,True,VALID
240323.jpg,2,0.5828201174736023,True,VALID
260195.jpg,0,0.8536519408226013,True,VALID
260195.jpg,1,0.531184196472168,True,UNCERTAIN
260195.jpg,2,0.29783281683921814,True,FALSE_POSITIVE
190701.jpg,0,0.8236566781997681,True,VALID
190701.jpg,1,0.8211854696273804,True,VALID
260409.jpg,0,0.856231689453125,True,VALID
260409.jpg,1,0.460908979177475,False,FALSE_POSITIVE
260409.jpg,2,,,
190590.jpg,0,0.8287985324859619,True,VALID
190590.jpg,1,0.8166021108627319,True,VALID
210270.jpg,0,0.7953172326087952,True,VALID
210270.jpg,1,0.7478998303413391,True,VALID
190678.jpg,0,0.809800922870636,True,VALID
200301.jpg,0,,,
210430.jpg,0,0.8357819318771362,True,VALID
210430.jpg,1,0.7915870547294617,True,VALID
210430.jpg,2,0.7037674188613892,True,VALID
210430.jpg,3,,,
220322.jpg,0,0.7902901768684387,True,VALID
190090.jpg,0,0.855294406414032,True,VALID
240413.jpg,0,0.8146345615386963,True,VALID
240413.jpg,1,0.4138154089450836,True,UNCERTAIN
260088.jpg,0,0.8637712597846985,True,VALID
260088.jpg,1,0.8402159810066223,True,VALID
260088.jpg,2,,,
200161.jpg,0,0.8548728823661804,True,VALID
190118.jpg,0,0.8654312491416931,True,VALID
190118.jpg,1,0.6216896176338196,True,VALID
190118.jpg,2,0.5958082675933838,True,VALID
190640.jpg,0,0.8792917728424072,True,VALID
200293.jpg,0,0.8191124200820923,True,VALID
200293.jpg,1,0.7955206632614136,True,VALID
240430.jpg,0,0.7569153308868408,True,VALID
240430.jpg,1,,,
210422.jpg,0,0.8342425227165222,True,VALID
210422.jpg,1,0.29450181126594543,False,FALSE_POSITIVE
230184.jpg,0,0.8424748778343201,True,VALID
230367.jpg,0,0.8494619727134705,True,VALID
190241.jpg,0,0.7266454100608826,True,VALID
240399.jpg,0,0.8358907103538513,True,VALID
260009.jpg,0,0.8396996855735779,True,VALID
220260.jpg,0,0.8531636595726013,True,VALID
260410.jpg,0,0.7791571021080017,True,UNCERTAIN
260410.jpg,1,0.6678165793418884,False,FALSE_POSITIVE
260410.jpg,2,,,
190381.jpg,0,0.833702027797699,True,VALID
190381.jpg,1,0.8179180026054382,True,VALID
190619.jpg,0,0.8595044612884521,True,VALID
190619.jpg,1,0.8529052734375,True,VALID
190619.jpg,2,0.850614607334137,True,VALID
190619.jpg,3,0.8155925869941711,True,VALID
190619.jpg,4,0.7351533770561218,True,VALID
190619.jpg,5,0.2964206039905548,True,FALSE_POSITIVE
190619.jpg,6,,,
200189.jpg,0,0.8436480164527893,True,VALID
200189.jpg,1,0.8333399295806885,True,VALID
230307.jpg,0,0.8446030020713806,True,FALSE_POSITIVE
260471.jpg,0,0.827902615070343,True,VALID
260471.jpg,1,0.8167316317558289,True,VALID
260471.jpg,2,0.7069905996322632,True,VALID
190367.jpg,0,0.8658496141433716,True,VALID
190367.jpg,1,0.8624906539916992,True,VALID
190367.jpg,2,0.8530067205429077,True,VALID
210076.jpg,0,0.8383321762084961,True,VALID
210076.jpg,1,0.8383225798606873,True,VALID
210118.jpg,0,0.8395364880561829,True,VALID
210118.jpg,1,0.8030785322189331,True,VALID
210118.jpg,2,0.7372644543647766,True,VALID
210118.jpg,3,0.7101061940193176,True,VALID
190728.jpg,0,0.8174246549606323,True,VALID
190728.jpg,1,0.7824242115020752,True,UNCERTAIN
210372.jpg,0,0.8343027830123901,True,VALID
260208.jpg,0,0.8529602289199829,True,VALID
260208.jpg,1,0.5041376948356628,True,VALID
260208.jpg,2,0.4932473301887512,True,VALID
220048.jpg,0,0.8224806189537048,True,VALID
220048.jpg,1,0.802432656288147,True,VALID
210029.jpg,0,0.572644829750061,True,VALID
210029.jpg,1,0.45012813806533813,True,VALID
210029.jpg,2,0.4356791377067566,True,FALSE_POSITIVE
260247.jpg,0,0.7911171913146973,True,VALID
190610.jpg,0,0.8617583513259888,True,VALID
190610.jpg,1,0.8350657820701599,True,VALID
260488.jpg,0,0.8519400358200073,True,VALID
260488.jpg,1,0.8516884446144104,True,VALID
200304.jpg,0,0.8405048251152039,True,VALID
200304.jpg,1,0.6580296754837036,True,VALID
190702.jpg,0,0.87091463804245,True,VALID
190702.jpg,1,0.841111421585083,True,VALID
240116.jpg,0,0.8351152539253235,True,VALID
240116.jpg,1,0.5539436340332031,True,VALID
240116.jpg,2,0.3576655685901642,True,VALID
240116.jpg,3,,,
240116.jpg,4,,,
260311.jpg,0,0.8610376119613647,True,VALID
260239.jpg,0,0.8703662157058716,True,VALID
210205.jpg,0,0.7880734801292419,True,VALID
210205.jpg,1,0.6036800146102905,True,VALID
210205.jpg,2,0.5643306374549866,True,VALID
240483.jpg,0,,,
240129.jpg,0,0.7973280549049377,True,VALID
260175.jpg,0,0.8330428004264832,True,VALID
260175.jpg,1,0.34148329496383667,True,VALID
240061.jpg,0,0.8089237213134766,True,VALID
240061.jpg,1,0.6914810538291931,True,VALID
230071.jpg,0,0.7553737759590149,True,VALID
230071.jpg,1,0.70840984582901,True,VALID
260374.jpg,0,0.851269006729126,True,VALID
260374.jpg,1,0.8302888870239258,True,VALID
220277.jpg,0,0.4003318250179291,True,VALID
210217.jpg,0,0.8079897165298462,True,VALID
240011.jpg,0,0.7744361758232117,True,VALID
240011.jpg,1,0.7690497636795044,True,VALID
240011.jpg,2,0.723671555519104,True,VALID
240011.jpg,3,0.6778901815414429,True,VALID
230304.jpg,0,0.5064090490341187,True,VALID
220213.jpg,0,0.8528683185577393,True,VALID
220213.jpg,1,0.742847740650177,True,VALID
220213.jpg,2,0.6024712920188904,True,VALID
220213.jpg,3,,,
220213.jpg,4,,,
240068.jpg,0,0.7810230255126953,True,VALID
240328.jpg,0,0.8440145254135132,True,VALID
210330.jpg,0,0.8536883592605591,True,VALID
210330.jpg,1,0.8258142471313477,True,VALID
210330.jpg,2,0.8240069150924683,True,VALID
210330.jpg,3,0.7228339314460754,True,VALID
210330.jpg,4,0.6718829870223999,True,VALID
210330.jpg,5,,,
190087.jpg,0,0.8805356621742249,True,VALID
190087.jpg,1,0.8715145587921143,True,VALID
190087.jpg,2,0.8592276573181152,True,VALID
200097.jpg,0,0.8596193790435791,True,VALID
210276.jpg,0,0.8824705481529236,True,VALID
210367.jpg,0,0.7634173035621643,True,VALID
210367.jpg,1,0.6298902034759521,True,VALID
210367.jpg,2,,,
230462.jpg,0,0.8522266149520874,True,VALID
220212.jpg,0,0.8517755270004272,True,VALID
220212.jpg,1,0.7194789052009583,True,VALID
190388.jpg,0,0.8685988187789917,True,VALID
190388.jpg,1,0.8464799523353577,True,VALID
190388.jpg,2,0.8217597603797913,True,VALID
260378.jpg,0,0.8520524501800537,True,VALID
260378.jpg,1,,,
190577.jpg,0,0.860792338848114,True,VALID
190326.jpg,0,0.8521753549575806,True,VALID
200130.jpg,0,0.8736167550086975,True,VALID
230376.jpg,0,0.8366281986236572,True,VALID
230376.jpg,1,0.8098360300064087,True,VALID
260253.jpg,0,0.4711275100708008,True,FALSE_POSITIVE
260095.jpg,0,0.8395798802375793,True,VALID
260095.jpg,1,0.8097349405288696,True,VALID
230268.jpg,0,0.8339788317680359,True,VALID
230268.jpg,1,0.7076780200004578,True,VALID
210339.jpg,0,0.8257657289505005,True,VALID
210339.jpg,1,0.7258901000022888,True,VALID
210339.jpg,2,0.4491107761859894,True,VALID
210339.jpg,3,0.3548104465007782,False,VALID
190463.jpg,0,0.8654561042785645,True,VALID
190463.jpg,1,0.8368145227432251,True,VALID
190463.jpg,2,0.8306194543838501,True,VALID
190463.jpg,3,0.8220330476760864,True,VALID
190463.jpg,4,0.8043389916419983,True,VALID
190463.jpg,5,0.3286943733692169,False,FALSE_POSITIVE
240315.jpg,0,0.8401920199394226,True,VALID
240315.jpg,1,0.7375798225402832,True,VALID
260198.jpg,0,0.8670188188552856,True,VALID
260198.jpg,1,0.8649848103523254,True,VALID
260052.jpg,0,0.8759301900863647,True,VALID
260052.jpg,1,0.870124340057373,True,VALID
190218.jpg,0,0.8760125637054443,True,VALID
190218.jpg,1,0.8717034459114075,True,VALID
190403.jpg,0,0.868397057056427,True,VALID
190403.jpg,1,0.8216833472251892,True,VALID
190403.jpg,2,0.8174659013748169,True,VALID
190403.jpg,3,0.6158861517906189,True,FALSE_POSITIVE
210066.jpg,0,0.8711451888084412,True,VALID
230368.jpg,0,0.872493326663971,True,VALID
230368.jpg,1,0.6971498131752014,True,VALID
230368.jpg,2,0.47993987798690796,True,VALID
220192.jpg,0,0.8503151535987854,True,VALID
200277.jpg,0,0.864721417427063,True,VALID
230134.jpg,0,0.859845757484436,True,VALID
230134.jpg,1,0.45564576983451843,True,FALSE_POSITIVE
230279.jpg,0,0.8307269215583801,True,VALID
230279.jpg,1,0.7978866100311279,True,VALID
260444.jpg,0,0.8053185343742371,True,VALID
260444.jpg,1,0.46670329570770264,True,VALID
210264.jpg,0,0.8304134011268616,True,VALID
210264.jpg,1,0.8060789108276367,True,VALID
230081.jpg,0,0.7189527750015259,True,VALID
190553.jpg,0,0.8643592000007629,True,VALID
190553.jpg,1,0.8336511254310608,True,VALID
190691.jpg,0,0.8228789567947388,True,VALID
190691.jpg,1,0.7883936166763306,True,VALID
190691.jpg,2,0.7838174104690552,True,VALID
190691.jpg,3,0.7270249128341675,True,VALID
190691.jpg,4,0.7077993154525757,True,VALID
190691.jpg,5,0.7024507522583008,True,VALID
240448.jpg,0,0.8533389568328857,True,VALID
260107.jpg,0,0.8518781661987305,True,VALID
240226.jpg,0,0.8690261840820312,True,VALID
240226.jpg,1,,,
230425.jpg,0,0.8525742888450623,True,VALID
260057.jpg,0,0.8450419306755066,True,VALID
260057.jpg,1,0.6530612111091614,True,VALID
230276.jpg,0,0.8438037037849426,True,VALID
240232.jpg,0,0.8480525612831116,True,VALID
240232.jpg,1,,,
190705.jpg,0,0.8326799869537354,True,VALID
240211.jpg,0,0.8235412240028381,True,VALID
240211.jpg,1,,,
260091.jpg,0,0.8194480538368225,True,VALID
260091.jpg,1,0.8173083662986755,True,VALID
260091.jpg,2,0.8018594980239868,True,VALID
210001.jpg,0,0.7360246181488037,True,FALSE_POSITIVE
210192.jpg,0,0.8353686928749084,True,VALID
210192.jpg,1,0.7908551096916199,True,VALID
210192.jpg,2,0.7606521844863892,True,VALID
210192.jpg,3,0.6723623871803284,True,VALID
210192.jpg,4,0.654395580291748,True,VALID
210192.jpg,5,0.3568461239337921,True,FALSE_POSITIVE
190273.jpg,0,0.844498872756958,True,VALID
210401.jpg,0,0.7902628183364868,True,VALID
210401.jpg,1,0.7150238156318665,True,VALID
190405.jpg,0,0.8787968158721924,True,VALID
190405.jpg,1,0.835788369178772,True,VALID
190405.jpg,2,0.8198568224906921,True,VALID
190405.jpg,3,0.36834514141082764,True,FALSE_POSITIVE
260535.jpg,0,0.8442195057868958,True,VALID
260535.jpg,1,0.8401330709457397,True,VALID
260535.jpg,2,0.6861926913261414,True,VALID
240460.jpg,0,0.7373316287994385,True,FALSE_POSITIVE
210246.jpg,0,0.8237749338150024,True,VALID
210246.jpg,1,0.8174662590026855,True,VALID
240094.jpg,0,0.8478460907936096,True,VALID
240094.jpg,1,0.7720586061477661,True,VALID
240094.jpg,2,0.633187472820282,True,VALID
240094.jpg,3,0.5948959589004517,True,VALID
240094.jpg,4,,,
200305.jpg,0,0.8302550315856934,True,VALID
200305.jpg,1,0.81626296043396,True,VALID
200305.jpg,2,0.29821285605430603,True,FALSE_POSITIVE
260055.jpg,0,0.6817114353179932,True,VALID
260028.jpg,0,0.8348345756530762,True,FALSE_POSITIVE
190177.jpg,0,0.868992805480957,True,VALID
190177.jpg,1,0.8647894263267517,True,VALID
190039.jpg,0,0.8088102340698242,True,VALID
190039.jpg,1,0.7952181696891785,True,VALID
190039.jpg,2,0.7090222835540771,True,VALID
190189.jpg,0,0.8691115379333496,True,VALID
190189.jpg,1,0.8273689150810242,True,VALID
190189.jpg,2,0.7487578392028809,True,VALID
190780.jpg,0,0.8808662295341492,True,VALID
190780.jpg,1,0.8697376251220703,True,VALID
190780.jpg,2,0.8390493392944336,True,VALID
200198.jpg,0,0.8408589363098145,True,VALID
200198.jpg,1,0.7917214035987854,True,VALID
190724.jpg,0,0.8807567358016968,True,VALID
190724.jpg,1,0.8688076734542847,True,VALID
190724.jpg,2,0.845779538154602,True,VALID
190724.jpg,3,0.7604926228523254,True,VALID
200068.jpg,0,0.8463523983955383,True,VALID
200254.jpg,0,0.854840874671936,True,VALID
200254.jpg,1,0.8067433834075928,True,VALID
200254.jpg,2,0.7116515040397644,True,VALID
200270.jpg,0,0.8535873293876648,True,VALID
200270.jpg,1,0.6596263647079468,True,VALID
210101.jpg,0,0.8571426868438721,True,VALID
210101.jpg,1,0.8348654508590698,True,VALID
210101.jpg,2,0.7738151550292969,True,VALID
210101.jpg,3,0.3151434063911438,True,VALID
210101.jpg,4,,,
240365.jpg,0,0.8103966116905212,True,VALID
240365.jpg,1,0.7286295294761658,True,VALID
230281.jpg,0,0.8555474877357483,True,VALID
230281.jpg,1,0.8123419284820557,True,UNCERTAIN
200184.jpg,0,0.821662187576294,True,VALID
200184.jpg,1,0.3122917413711548,True,VALID
190441.jpg,0,0.8604827523231506,True,VALID
230188.jpg,0,0.8512241244316101,True,VALID
190818.jpg,0,0.8187302947044373,True,VALID
190818.jpg,1,0.8151834607124329,True,VALID
190818.jpg,2,0.7207121849060059,True,VALID
190818.jpg,3,0.6898088455200195,True,VALID
190818.jpg,4,0.29370540380477905,True,FALSE_POSITIVE
190818.jpg,5,,,
230334.jpg,0,0.8432234525680542,True,VALID
230334.jpg,1,0.841784656047821,True,VALID
230334.jpg,2,0.8276497721672058,True,VALID
230334.jpg,3,0.8245681524276733,True,VALID
230334.jpg,4,0.8098881840705872,True,VALID
190043.jpg,0,0.8647293448448181,True,VALID
240035.jpg,0,0.8324622511863708,True,VALID
240035.jpg,1,0.8191701769828796,True,VALID
240473.jpg,0,0.8478227853775024,True,VALID
190683.jpg,0,0.8623890280723572,True,VALID
190683.jpg,1,0.8512272834777832,True,VALID
190683.jpg,2,0.84331214427948,True,VALID
190683.jpg,3,0.6387734413146973,True,FALSE_POSITIVE
190683.jpg,4,,,
190012.jpg,0,0.8461675643920898,True,VALID
190012.jpg,1,0.8422254920005798,True,VALID
190012.jpg,2,0.7639764547348022,True,VALID
230099.jpg,0,0.8618997931480408,True,VALID
240096.jpg,0,0.8430361151695251,True,VALID
240096.jpg,1,0.3473436236381531,True,VALID
260349.jpg,0,0.8652052879333496,True,VALID
260349.jpg,1,0.8595731854438782,True,VALID
260497.jpg,0,0.8600776195526123,True,VALID
220357.jpg,0,0.8631206154823303,True,VALID
220357.jpg,1,0.8536232113838196,True,VALID
190338.jpg,0,0.8420759439468384,True,VALID
260329.jpg,0,0.8604122400283813,True,VALID
260329.jpg,1,0.6183216571807861,True,VALID
230455.jpg,0,0.856386661529541,True,VALID
230455.jpg,1,0.8325155377388,True,VALID
230455.jpg,2,0.8110717535018921,True,VALID
230455.jpg,3,0.6763385534286499,True,VALID
240366.jpg,0,0.834720253944397,True,VALID
240366.jpg,1,0.8284459114074707,True,VALID
240366.jpg,2,0.711081326007843,True,VALID
240486.jpg,0,0.8358113169670105,True,VALID
210405.jpg,0,0.8165264129638672,True,VALID
200246.jpg,0,0.8558741807937622,True,VALID
190582.jpg,0,0.844330906867981,True,VALID
230328.jpg,0,0.8545612096786499,True,VALID
220274.jpg,0,0.8262667655944824,True,VALID
260140.jpg,0,0.8316357731819153,True,VALID
260140.jpg,1,0.8310059905052185,True,VALID
260140.jpg,2,0.8091054558753967,True,VALID
240106.jpg,0,0.8144219517707825,True,VALID
200065.jpg,0,0.8569062948226929,True,VALID
200065.jpg,1,0.8479430079460144,True,VALID
210165.jpg,0,0.8662044405937195,True,VALID
210165.jpg,1,0.8244579434394836,True,VALID
210165.jpg,2,0.8049092292785645,True,VALID
210165.jpg,3,0.7116125226020813,True,VALID
210165.jpg,4,0.3086799681186676,False,UNCERTAIN
220242.jpg,0,0.7752018570899963,True,VALID
190504.jpg,0,0.8666540384292603,True,VALID
190504.jpg,1,0.8385570049285889,True,VALID
190504.jpg,2,0.7905929088592529,True,VALID
190504.jpg,3,0.7771071195602417,True,VALID
190504.jpg,4,0.6939246654510498,True,VALID
190734.jpg,0,0.8697398900985718,True,VALID
200001.jpg,0,0.8098018169403076,True,VALID
200001.jpg,1,0.7294544577598572,True,VALID
200001.jpg,2,0.4333113431930542,True,FALSE_POSITIVE
220340.jpg,0,0.7241570949554443,True,VALID
190368.jpg,0,0.8600866198539734,True,VALID
230203.jpg,0,0.8425432443618774,True,VALID
190284.jpg,0,0.8254141211509705,True,VALID
260049.jpg,0,0.8532590270042419,True,VALID
260049.jpg,1,0.8513667583465576,True,VALID
260049.jpg,2,0.845430314540863,True,VALID
260049.jpg,3,0.8085542321205139,True,VALID
260182.jpg,0,0.744735598564148,True,VALID
260182.jpg,1,0.7010666728019714,True,VALID
210037.jpg,0,0.8563864827156067,True,VALID
210037.jpg,1,0.8239411115646362,True,VALID
190389.jpg,0,0.8173613548278809,True,VALID
190015.jpg,0,0.8414977192878723,True,VALID
190015.jpg,1,0.8401060700416565,True,VALID
190015.jpg,2,0.7985022664070129,True,VALID
190015.jpg,3,0.33979883790016174,True,FALSE_POSITIVE
190015.jpg,4,,,
190805.jpg,0,0.8208220601081848,True,VALID
240017.jpg,0,0.827704668045044,True,VALID
240017.jpg,1,0.7452184557914734,True,FALSE_POSITIVE
260392.jpg,0,0.8510276079177856,True,VALID
210350.jpg,0,0.8563233017921448,True,VALID
210039.jpg,0,0.8295467495918274,True,VALID
210039.jpg,1,0.6176669001579285,True,VALID
230380.jpg,0,0.7421925663948059,True,VALID
240195.jpg,0,0.7744548320770264,True,VALID
240195.jpg,1,0.693111002445221,True,VALID
240195.jpg,2,0.6417070031166077,True,FALSE_POSITIVE
190242.jpg,0,0.8467515110969543,True,VALID
240066.jpg,0,0.8245046734809875,True,VALID
240066.jpg,1,0.7866553664207458,True,VALID
240066.jpg,2,0.3990095555782318,False,FALSE_POSITIVE
240066.jpg,3,,,
240067.jpg,0,0.8510291576385498,True,VALID
240067.jpg,1,0.7236311435699463,True,VALID
240067.jpg,2,,,
210162.jpg,0,0.8104953169822693,True,VALID
210162.jpg,1,0.7857047915458679,True,VALID
210162.jpg,2,0.7649125456809998,True,VALID
210162.jpg,3,0.7520444393157959,True,VALID
210162.jpg,4,0.5878562331199646,False,VALID
210162.jpg,5,,,
210162.jpg,6,,,
210162.jpg,7,,,
220063.jpg,0,0.8350055813789368,True,VALID
220063.jpg,1,0.8144552707672119,True,VALID
220063.jpg,2,0.6866540908813477,True,VALID
220063.jpg,3,0.6250700950622559,True,VALID
220063.jpg,4,,,
220206.jpg,0,0.8233093619346619,True,VALID
220206.jpg,1,0.7784465551376343,True,VALID
190426.jpg,0,0.7838655710220337,True,VALID
190426.jpg,1,0.7246280908584595,True,VALID
230383.jpg,0,0.8591295480728149,True,VALID
230383.jpg,1,0.8425606489181519,True,VALID
230383.jpg,2,0.7608231902122498,True,VALID
260026.jpg,0,0.8308947682380676,True,VALID
240173.jpg,0,0.8231320381164551,True,VALID
240173.jpg,1,0.5414921641349792,False,FALSE_POSITIVE
240169.jpg,0,0.8422869443893433,True,VALID
240169.jpg,1,0.33680346608161926,False,FALSE_POSITIVE
240169.jpg,2,,,
190098.jpg,0,0.8516191840171814,True,VALID
190098.jpg,1,0.7908084392547607,True,VALID
190098.jpg,2,0.3902939558029175,True,VALID
240351.jpg,0,0.8130331039428711,True,VALID
240351.jpg,1,0.7998395562171936,True,VALID
240351.jpg,2,0.3911060094833374,False,UNCERTAIN
230138.jpg,0,0.7915491461753845,True,VALID
210095.jpg,0,0.8009383082389832,True,VALID
190002.jpg,0,0.8754420280456543,True,VALID
260505.jpg,0,0.8612664937973022,True,VALID
200224.jpg,0,0.8509647250175476,True,VALID
200224.jpg,1,0.8100076913833618,True,VALID
200224.jpg,2,0.8063836693763733,True,VALID
200224.jpg,3,0.7450173497200012,True,VALID
210049.jpg,0,0.7912977337837219,True,VALID
210158.jpg,0,0.6374095678329468,True,VALID
220351.jpg,0,0.681796133518219,True,VALID
220351.jpg,1,0.5704992413520813,True,VALID
220351.jpg,2,0.3063327670097351,False,FALSE_POSITIVE
190772.jpg,0,0.8507359623908997,True,VALID
190772.jpg,1,0.7076202034950256,True,VALID
210357.jpg,0,0.8633253574371338,True,VALID
210357.jpg,1,0.7524142861366272,True,VALID
210357.jpg,2,0.3559056222438812,True,VALID
220276.jpg,0,0.8182007670402527,True,VALID
220276.jpg,1,0.588186502456665,False,VALID
190636.jpg,0,0.8696978688240051,True,VALID
190636.jpg,1,0.8532742857933044,True,VALID
190473.jpg,0,0.8929647207260132,True,VALID
190473.jpg,1,0.8597878813743591,True,VALID
190473.jpg,2,0.6871057748794556,True,VALID
190473.jpg,3,0.437203049659729,True,VALID
210289.jpg,0,0.8563845753669739,True,VALID
260532.jpg,0,0.8243260979652405,True,VALID
240385.jpg,0,0.8373318314552307,True,VALID
240385.jpg,1,0.8190598487854004,True,VALID
220091.jpg,0,0.8450629115104675,True,VALID
220091.jpg,1,0.8400024175643921,True,VALID
220091.jpg,2,0.7342808246612549,True,VALID
240217.jpg,0,0.6542785167694092,True,VALID
240217.jpg,1,0.44224101305007935,True,VALID
230128.jpg,0,0.8548048138618469,True,VALID
260037.jpg,0,0.8484581112861633,True,VALID
210067.jpg,0,0.8744750022888184,True,VALID
210067.jpg,1,,,
190307.jpg,0,0.8696616291999817,True,VALID
190307.jpg,1,0.8682505488395691,True,VALID
190307.jpg,2,0.861831784248352,True,VALID
190307.jpg,3,0.8301242589950562,True,VALID
190307.jpg,4,0.8023108839988708,True,VALID
190307.jpg,5,0.7940922379493713,True,VALID
190307.jpg,6,0.4552190899848938,False,FALSE_POSITIVE
200271.jpg,0,0.7402099370956421,True,VALID
200271.jpg,1,0.6951667070388794,True,VALID
200271.jpg,2,,,
190576.jpg,0,0.8618111610412598,True,VALID
190576.jpg,1,0.8277514576911926,True,VALID
190576.jpg,2,0.8142527937889099,True,VALID
190576.jpg,3,0.7884872555732727,True,VALID
190576.jpg,4,0.6934739947319031,True,VALID
190576.jpg,5,0.6805532574653625,True,VALID
190576.jpg,6,,,
200181.jpg,0,0.8554276823997498,True,VALID
200181.jpg,1,0.8291119337081909,True,VALID
230233.jpg,0,0.8213629722595215,True,VALID
230233.jpg,1,0.8114363551139832,True,VALID
200298.jpg,0,0.8581752181053162,True,VALID
230055.jpg,0,0.7257784605026245,True,VALID
230055.jpg,1,0.6501803398132324,False,VALID
230055.jpg,2,0.5820181369781494,True,VALID
230055.jpg,3,0.5115354061126709,True,VALID
230055.jpg,4,0.4002893567085266,True,FALSE_POSITIVE
230371.jpg,0,0.7950645089149475,True,VALID
230371.jpg,1,0.6868194341659546,True,VALID
230371.jpg,2,0.5665114521980286,True,VALID
230371.jpg,3,0.5560702681541443,True,VALID
230371.jpg,4,0.4576723575592041,True,VALID
240002.jpg,0,0.8540173172950745,True,VALID
190182.jpg,0,0.8660323023796082,True,VALID
190182.jpg,1,0.862905740737915,True,VALID
190182.jpg,2,0.8606405854225159,True,VALID
190182.jpg,3,0.8288659453392029,True,VALID
190182.jpg,4,0.8101404309272766,True,VALID
190182.jpg,5,0.37691906094551086,False,UNCERTAIN
190642.jpg,0,0.8231332898139954,True,VALID
190642.jpg,1,0.29213282465934753,True,FALSE_POSITIVE
190396.jpg,0,0.8752166032791138,True,VALID
190396.jpg,1,0.8417872786521912,True,VALID
190396.jpg,2,0.8144725561141968,True,FALSE_POSITIVE
240440.jpg,0,0.5945834517478943,True,VALID
200248.jpg,0,,,
190520.jpg,0,0.8849171996116638,True,VALID
190520.jpg,1,0.8599850535392761,True,VALID
190520.jpg,2,0.8491860628128052,True,FALSE_POSITIVE
190520.jpg,3,0.8479645252227783,True,FALSE_POSITIVE
190520.jpg,4,0.8473351001739502,True,FALSE_POSITIVE
190520.jpg,5,,,
230172.jpg,0,0.8319867849349976,True,VALID
230172.jpg,1,0.8071334958076477,True,VALID
230172.jpg,2,0.7387570738792419,True,VALID
230172.jpg,3,,,
190735.jpg,0,0.8322725892066956,True,VALID
190735.jpg,1,0.8141066431999207,True,VALID
190735.jpg,2,0.7858460545539856,True,VALID
190735.jpg,3,0.7748892903327942,True,VALID
190735.jpg,4,0.734741747379303,True,VALID
190735.jpg,5,0.6613494157791138,True,VALID
190735.jpg,6,0.6307007074356079,True,VALID
190682.jpg,0,0.8331612348556519,True,VALID
190682.jpg,1,0.8222362399101257,True,VALID
190682.jpg,2,0.8056710362434387,True,VALID
190682.jpg,3,0.7998260259628296,True,VALID
190682.jpg,4,0.7305358648300171,True,VALID
190682.jpg,5,0.6131874322891235,True,VALID
190682.jpg,6,0.526337742805481,True,VALID
190035.jpg,0,0.8707823753356934,True,VALID
190035.jpg,1,0.8573020696640015,True,VALID
190035.jpg,2,0.8464624285697937,True,VALID
190035.jpg,3,0.8166002631187439,True,VALID
190035.jpg,4,0.8075171113014221,True,VALID
190035.jpg,5,0.7892212867736816,True,VALID
190035.jpg,6,0.33998221158981323,False,FALSE_POSITIVE
220244.jpg,0,0.8426371812820435,True,VALID
220244.jpg,1,0.8251043558120728,True,VALID
220244.jpg,2,0.7171492576599121,True,VALID
220244.jpg,3,,,
220342.jpg,0,0.7326661944389343,True,VALID
220342.jpg,1,0.6246323585510254,True,VALID
230355.jpg,0,0.8178330659866333,True,VALID
230387.jpg,0,0.8368363380432129,True,VALID
230387.jpg,1,0.7433692812919617,True,VALID
190209.jpg,0,0.873617947101593,True,VALID
190209.jpg,1,0.8198886513710022,True,VALID
200288.jpg,0,0.8486192226409912,True,VALID
240285.jpg,0,0.7484361529350281,True,VALID
220101.jpg,0,0.8247376680374146,True,VALID
220101.jpg,1,0.8198306560516357,True,VALID
220101.jpg,2,0.7289838790893555,True,VALID
220101.jpg,3,,,
230166.jpg,0,0.7620652914047241,True,VALID
230166.jpg,1,0.660116970539093,True,VALID
190665.jpg,0,0.29071807861328125,True,VALID
210153.jpg,0,0.8290457129478455,True,VALID
210153.jpg,1,0.4660175144672394,True,FALSE_POSITIVE
190525.jpg,0,0.8799914121627808,True,VALID
190525.jpg,1,0.8758612275123596,True,VALID
190719.jpg,0,0.849963366985321,True,VALID
190719.jpg,1,0.845060408115387,True,VALID
190719.jpg,2,0.7878491282463074,True,VALID
190719.jpg,3,0.6981054544448853,False,VALID
220304.jpg,0,0.8034538626670837,True,VALID
210159.jpg,0,0.836632251739502,True,VALID
240322.jpg,0,0.8241180181503296,True,VALID
210116.jpg,0,0.8313512206077576,True,VALID
210116.jpg,1,0.7121426463127136,True,VALID
260038.jpg,0,0.7748740315437317,True,VALID
230086.jpg,0,0.8297258615493774,True,VALID
230086.jpg,1,0.8286545872688293,True,VALID
230086.jpg,2,0.8205609917640686,True,VALID
230086.jpg,3,0.6994194388389587,True,VALID
230086.jpg,4,0.5222142934799194,True,VALID
260197.jpg,0,0.8171544075012207,True,VALID
210429.jpg,0,0.8572502136230469,True,VALID
210429.jpg,1,0.8503414392471313,True,VALID
210429.jpg,2,0.8315397500991821,True,VALID
210429.jpg,3,0.7587782740592957,True,VALID
190487.jpg,0,0.8674254417419434,True,VALID
190487.jpg,1,0.8633559942245483,True,VALID
190487.jpg,2,0.8577864170074463,True,VALID
190487.jpg,3,0.5230088829994202,True,FALSE_POSITIVE
190637.jpg,0,0.867729663848877,True,VALID
200200.jpg,0,0.8639070987701416,True,VALID
200200.jpg,1,0.8443161249160767,True,VALID
240050.jpg,0,0.8381137251853943,True,VALID
240131.jpg,0,0.8415886163711548,True,VALID
260137.jpg,0,0.8553956151008606,True,VALID
260137.jpg,1,0.8498502373695374,True,VALID
260137.jpg,2,0.8371269702911377,True,VALID
260137.jpg,3,0.8337957262992859,True,VALID
260137.jpg,4,0.8143641352653503,True,VALID
260137.jpg,5,0.7399497628211975,True,VALID
260217.jpg,0,0.8499294519424438,True,VALID
190490.jpg,0,0.863200843334198,True,VALID
190490.jpg,1,0.8594865202903748,True,VALID
190490.jpg,2,0.840646505355835,True,VALID
220081.jpg,0,0.8314891457557678,True,VALID
240115.jpg,0,0.8364896178245544,True,VALID
220157.jpg,0,0.8687021136283875,True,VALID
260190.jpg,0,0.7681062817573547,True,VALID
260190.jpg,1,0.47648343443870544,True,VALID
200164.jpg,0,0.8753703236579895,True,VALID
240203.jpg,0,0.8497794270515442,True,VALID
220154.jpg,0,0.8533111214637756,True,VALID
220154.jpg,1,,,
240083.jpg,0,0.8660419583320618,True,VALID
230299.jpg,0,0.821815013885498,True,VALID
190454.jpg,0,0.8539592027664185,True,VALID
190454.jpg,1,0.7841617465019226,True,VALID
190226.jpg,0,0.8352426290512085,True,VALID
190226.jpg,1,0.8216391801834106,True,VALID
190226.jpg,2,0.8188426494598389,True,VALID
190226.jpg,3,0.8015586733818054,True,VALID
190226.jpg,4,0.7618957757949829,True,VALID
190557.jpg,0,0.8754463195800781,True,VALID
190336.jpg,0,0.871692955493927,True,VALID
190336.jpg,1,0.7941927313804626,True,VALID
190336.jpg,2,0.7751179933547974,True,VALID
190336.jpg,3,0.7707720994949341,True,VALID
190336.jpg,4,0.7162088751792908,True,VALID
190336.jpg,5,0.7102932333946228,True,VALID
190336.jpg,6,0.42450180649757385,True,FALSE_POSITIVE
190653.jpg,0,0.873214066028595,True,VALID
210114.jpg,0,0.8507124781608582,True,VALID
260226.jpg,0,0.8660702109336853,True,VALID
240475.jpg,0,0.8554794192314148,True,VALID
190546.jpg,0,0.8549467325210571,True,VALID
190546.jpg,1,0.8177591562271118,True,VALID
190546.jpg,2,0.7765766382217407,True,VALID
190546.jpg,3,0.7335424423217773,True,VALID
190546.jpg,4,0.6441337466239929,True,VALID
190546.jpg,5,0.5489329099655151,True,VALID
240039.jpg,0,0.5222433805465698,True,VALID
240039.jpg,1,0.4439881443977356,False,FALSE_POSITIVE
240039.jpg,2,,,
260243.jpg,0,0.8382058143615723,True,VALID
210336.jpg,0,0.8506084084510803,True,VALID
210336.jpg,1,0.8460496664047241,True,VALID
210336.jpg,2,0.8282023072242737,True,VALID
210336.jpg,3,0.8207507729530334,True,VALID
210336.jpg,4,,,
210336.jpg,5,,,
200137.jpg,0,0.8490738272666931,True,VALID
200137.jpg,1,0.836269199848175,True,VALID
190459.jpg,0,0.8558425903320312,True,VALID
190459.jpg,1,0.8521986603736877,True,VALID
190459.jpg,2,0.8376719951629639,True,VALID
190459.jpg,3,0.7625147700309753,True,VALID
190459.jpg,4,0.7268620729446411,True,VALID
230142.jpg,0,0.865294873714447,True,VALID
240021.jpg,0,0.8685644865036011,True,VALID
240495.jpg,0,0.8394670486450195,True,VALID
240495.jpg,1,0.5916522145271301,True,VALID
240495.jpg,2,0.5742219686508179,True,VALID
220082.jpg,0,0.8111441135406494,True,VALID
240153.jpg,0,0.8460502624511719,True,VALID
240153.jpg,1,0.6934642195701599,True,VALID
240153.jpg,2,0.45597517490386963,True,VALID
240306.jpg,0,0.7658362984657288,True,VALID
260047.jpg,0,0.8196225166320801,True,VALID
260047.jpg,1,0.7844187021255493,True,VALID
230410.jpg,0,0.8765395283699036,True,VALID
230410.jpg,1,0.8700373768806458,True,VALID
230410.jpg,2,0.849325954914093,True,VALID
230029.jpg,0,0.7520513534545898,True,VALID
230029.jpg,1,0.6906508207321167,True,VALID
240305.jpg,0,0.8543926477432251,True,VALID
240305.jpg,1,0.8357991576194763,True,VALID
260230.jpg,0,0.8496345281600952,True,VALID
260230.jpg,1,0.8371421694755554,True,VALID
260230.jpg,2,0.8363024592399597,True,VALID
260230.jpg,3,0.8103359937667847,True,VALID
260230.jpg,4,0.796168327331543,True,VALID
260230.jpg,5,0.7882180213928223,True,VALID
260230.jpg,6,0.7175077795982361,True,VALID
240456.jpg,0,0.6786637902259827,True,VALID
240456.jpg,1,0.38400736451148987,True,VALID
190432.jpg,0,0.8764874339103699,True,VALID
200136.jpg,0,0.8351056575775146,True,VALID
200136.jpg,1,0.7587683796882629,True,VALID
230315.jpg,0,0.8380202651023865,True,VALID
230315.jpg,1,0.8324784636497498,True,VALID
230315.jpg,2,0.7983176112174988,True,VALID
230315.jpg,3,,,
260331.jpg,0,0.8567783236503601,True,VALID
260331.jpg,1,0.8072293400764465,True,VALID
190044.jpg,0,0.861356794834137,True,VALID
190044.jpg,1,,,
240362.jpg,0,0.8083451390266418,True,VALID
240362.jpg,1,0.7064592838287354,True,VALID
240362.jpg,2,0.37364915013313293,True,FALSE_POSITIVE
210358.jpg,0,0.84541255235672,True,VALID
210358.jpg,1,0.8282536268234253,True,VALID
210358.jpg,2,0.8204621076583862,True,VALID
260414.jpg,0,0.7909961342811584,True,VALID
260414.jpg,1,0.7563477158546448,True,VALID
190618.jpg,0,0.8661841750144958,True,VALID
190618.jpg,1,0.8512201905250549,True,VALID
190618.jpg,2,0.8205721974372864,True,VALID
200310.jpg,0,0.8060692548751831,True,VALID
200310.jpg,1,0.6191182732582092,True,VALID
230270.jpg,0,0.8312662839889526,True,VALID
230270.jpg,1,0.7774748206138611,True,VALID
230270.jpg,2,0.777179479598999,True,VALID
190657.jpg,0,0.8719255924224854,True,VALID
190657.jpg,1,0.8529541492462158,True,VALID
190657.jpg,2,0.806710958480835,True,VALID
190657.jpg,3,0.792938768863678,True,VALID
210097.jpg,0,0.7921324372291565,True,VALID
210097.jpg,1,,,
260287.jpg,0,0.861977756023407,True,VALID
260287.jpg,1,0.6808409094810486,True,VALID
190196.jpg,0,0.8740613460540771,True,VALID
190196.jpg,1,0.8412864804267883,True,VALID
190196.jpg,2,0.7274261116981506,True,VALID
260261.jpg,0,0.6013979911804199,True,VALID
220005.jpg,0,0.690410315990448,True,VALID
200191.jpg,0,0.8442936539649963,True,VALID
210200.jpg,0,0.8587043285369873,True,VALID
210200.jpg,1,0.8480355143547058,True,VALID
210200.jpg,2,0.8402696251869202,True,VALID
210200.jpg,3,0.7963225245475769,True,VALID
210200.jpg,4,0.3056846857070923,True,VALID
190828.jpg,0,0.8515233993530273,True,VALID
190828.jpg,1,0.7561582326889038,True,VALID
190828.jpg,2,0.5699200630187988,True,VALID
220362.jpg,0,0.8415577411651611,True,VALID
220362.jpg,1,0.8285163640975952,True,VALID
260067.jpg,0,0.8603378534317017,True,VALID
260067.jpg,1,0.4444637596607208,False,FALSE_POSITIVE
190091.jpg,0,0.8572627305984497,True,VALID
190091.jpg,1,0.8224269151687622,True,VALID
240092.jpg,0,0.8157628178596497,True,VALID
240092.jpg,1,0.7245913743972778,True,VALID
240092.jpg,2,0.5865066647529602,True,VALID
240092.jpg,3,,,
240016.jpg,0,0.8016321063041687,True,VALID
190566.jpg,0,0.8663990497589111,True,VALID
240208.jpg,0,0.7486759424209595,True,VALID
240208.jpg,1,0.37552371621131897,False,FALSE_POSITIVE
240208.jpg,2,0.30671632289886475,False,UNCERTAIN
240208.jpg,3,,,
240208.jpg,4,,,
240010.jpg,0,0.7791324853897095,True,VALID
220052.jpg,0,0.8621135354042053,True,VALID
190616.jpg,0,0.8668249249458313,True,VALID
190616.jpg,1,0.8455333113670349,True,VALID
190616.jpg,2,0.8232206106185913,True,VALID
190616.jpg,3,0.8224902153015137,True,VALID
190616.jpg,4,0.8219889998435974,True,VALID
190616.jpg,5,0.8061847686767578,True,VALID
190616.jpg,6,0.7948766350746155,True,VALID
190616.jpg,7,0.5682441592216492,True,VALID
240205.jpg,0,0.655342698097229,True,VALID
240488.jpg,0,0.8530327677726746,True,VALID
200060.jpg,0,0.8346421718597412,True,VALID
230272.jpg,0,0.8170875310897827,True,VALID
230272.jpg,1,0.7708408832550049,True,VALID
230272.jpg,2,0.7687596082687378,True,VALID
230272.jpg,3,,,
210092.jpg,0,0.7908892035484314,True,VALID
210092.jpg,1,0.628105640411377,True,VALID
210092.jpg,2,,,
240183.jpg,0,0.8226236701011658,True,VALID
240183.jpg,1,,,
230459.jpg,0,0.8394690155982971,True,VALID
230459.jpg,1,0.8256745934486389,True,VALID
230459.jpg,2,0.7359468340873718,True,VALID
200135.jpg,0,0.8396601676940918,True,VALID
200135.jpg,1,0.8324165344238281,True,VALID
240170.jpg,0,0.5869923830032349,True,VALID
260031.jpg,0,0.8532763123512268,True,VALID
260031.jpg,1,0.7474833130836487,True,VALID
260031.jpg,2,0.5019726753234863,False,FALSE_POSITIVE
220044.jpg,0,0.7070670127868652,True,VALID
210127.jpg,0,0.7985829710960388,True,VALID
210127.jpg,1,0.7875187993049622,True,VALID
210127.jpg,2,0.5498636960983276,True,VALID
240282.jpg,0,0.8291110396385193,True,VALID
200237.jpg,0,0.8121446371078491,True,VALID
200237.jpg,1,0.5055296421051025,True,VALID
200237.jpg,2,0.46266165375709534,False,FALSE_POSITIVE
200237.jpg,3,0.4268210530281067,True,UNCERTAIN
200056.jpg,0,0.8089584112167358,True,VALID
200056.jpg,1,0.7414034605026245,True,VALID
200056.jpg,2,0.6653583645820618,True,VALID
200056.jpg,3,0.6590319275856018,False,FALSE_POSITIVE
200056.jpg,4,0.5075387358665466,False,VALID
220072.jpg,0,0.7834985852241516,True,VALID
220072.jpg,1,0.6450773477554321,True,VALID
220072.jpg,2,0.5562464594841003,False,VALID
220361.jpg,0,0.812458872795105,True,VALID
220361.jpg,1,0.8088124394416809,False,VALID
220361.jpg,2,,,
220361.jpg,3,,,
220361.jpg,4,,,
230044.jpg,0,0.8431872129440308,True,VALID
230044.jpg,1,0.8349530696868896,True,VALID
230044.jpg,2,0.7658007144927979,True,VALID
220284.jpg,0,0.8676138520240784,True,VALID
220284.jpg,1,,,
220380.jpg,0,0.8176615238189697,True,VALID
240260.jpg,0,0.5502769351005554,False,FALSE_POSITIVE
240260.jpg,1,0.37691715359687805,True,FALSE_POSITIVE
190007.jpg,0,0.810645580291748,True,VALID
190007.jpg,1,0.7801957726478577,True,VALID
190007.jpg,2,0.7627743482589722,True,VALID
190007.jpg,3,0.7508952021598816,True,VALID
190007.jpg,4,0.6856198310852051,True,VALID
230215.jpg,0,0.8561698794364929,True,VALID
230215.jpg,1,0.7259998917579651,True,VALID
230215.jpg,2,0.7215903401374817,True,VALID
220077.jpg,0,0.7360550165176392,True,VALID
220077.jpg,1,0.500386118888855,False,VALID
220077.jpg,2,,,
240273.jpg,0,0.719972550868988,True,VALID
240273.jpg,1,0.33124300837516785,True,FALSE_POSITIVE
200269.jpg,0,0.753601610660553,True,VALID
200269.jpg,1,0.7498044371604919,True,VALID
210104.jpg,0,0.8373005986213684,True,VALID
210104.jpg,1,0.8312859535217285,True,VALID
210104.jpg,2,0.8004144430160522,True,VALID
210104.jpg,3,0.7836741805076599,True,VALID
210104.jpg,4,0.6915850043296814,True,VALID
210104.jpg,5,0.5298932194709778,False,VALID
190018.jpg,0,0.8400457501411438,True,VALID
190018.jpg,1,0.7642268538475037,True,FALSE_POSITIVE
190018.jpg,2,0.7119919061660767,True,FALSE_POSITIVE
210219.jpg,0,0.8284781575202942,True,VALID
210219.jpg,1,0.7970111966133118,True,VALID
210219.jpg,2,0.627070963382721,True,VALID
240181.jpg,0,0.8255769610404968,True,VALID
240181.jpg,1,0.8070555329322815,True,VALID
210004.jpg,0,0.8384602665901184,True,VALID
210004.jpg,1,0.7866572737693787,True,VALID
230332.jpg,0,0.8526989221572876,True,VALID
230332.jpg,1,0.6999782919883728,True,VALID
230332.jpg,2,0.5481989979743958,True,VALID
210258.jpg,0,0.8580498695373535,True,VALID
210258.jpg,1,0.7348023056983948,True,VALID
210258.jpg,2,0.6653972268104553,True,VALID
210258.jpg,3,0.3199811279773712,False,FALSE_POSITIVE
220180.jpg,0,0.8056734204292297,True,VALID
190373.jpg,0,0.8744210600852966,True,VALID
190373.jpg,1,0.8674493432044983,True,VALID
190373.jpg,2,0.8478113412857056,True,VALID
190373.jpg,3,0.7986771464347839,True,VALID
230130.jpg,0,0.8332669734954834,True,VALID
200225.jpg,0,0.8543083071708679,True,VALID
200225.jpg,1,0.8441388010978699,True,VALID
200225.jpg,2,0.8276298642158508,True,VALID
200225.jpg,3,0.7389510273933411,True,VALID
200225.jpg,4,0.6842026114463806,True,VALID
200176.jpg,0,0.834425151348114,True,VALID
200176.jpg,1,0.8099693655967712,True,VALID
200176.jpg,2,0.7934836149215698,True,VALID
200176.jpg,3,0.37216824293136597,True,FALSE_POSITIVE
220049.jpg,0,0.845058798789978,True,VALID
220049.jpg,1,0.8321546912193298,True,VALID
260516.jpg,0,0.8543894290924072,True,VALID
240187.jpg,0,0.6420211791992188,True,FALSE_POSITIVE
240187.jpg,1,0.580045223236084,True,VALID
200251.jpg,0,0.7456968426704407,True,VALID
200251.jpg,1,0.5281407237052917,True,VALID
260044.jpg,0,0.8604711890220642,True,VALID
260044.jpg,1,0.8456218838691711,True,VALID
260044.jpg,2,0.8417363166809082,True,VALID
220224.jpg,0,0.8194965720176697,True,VALID
220224.jpg,1,0.8132059574127197,True,VALID
230222.jpg,0,0.8610700964927673,True,VALID
190200.jpg,0,0.8486247658729553,True,VALID
190200.jpg,1,0.8387621641159058,True,VALID
190200.jpg,2,0.8275973796844482,True,VALID
190355.jpg,0,0.8407506346702576,True,VALID
190355.jpg,1,0.3798549771308899,True,VALID
220070.jpg,0,0.8168092370033264,True,VALID
220070.jpg,1,0.7035930156707764,True,VALID
220070.jpg,2,0.4734892249107361,False,VALID
200021.jpg,0,0.8222416639328003,True,VALID
210167.jpg,0,0.8350662589073181,True,VALID
210167.jpg,1,0.792526364326477,True,VALID
210167.jpg,2,0.7887234091758728,True,VALID
210167.jpg,3,0.7206245064735413,True,VALID
190136.jpg,0,0.8728591203689575,True,VALID
190136.jpg,1,0.8676693439483643,True,VALID
190136.jpg,2,0.8049899339675903,True,VALID
240043.jpg,0,0.8476712703704834,True,VALID
240111.jpg,0,0.8517444729804993,True,VALID
240111.jpg,1,0.8010289072990417,True,VALID
240111.jpg,2,0.764279305934906,True,FALSE_POSITIVE
240111.jpg,3,0.3778957426548004,False,FALSE_POSITIVE
240359.jpg,0,0.8515432476997375,True,VALID
240359.jpg,1,0.8350406289100647,True,VALID
240359.jpg,2,0.7608962655067444,True,VALID
260477.jpg,0,0.8418720960617065,True,VALID
260477.jpg,1,0.8353232741355896,True,VALID
260477.jpg,2,0.819320023059845,True,VALID
190395.jpg,0,0.8429785966873169,True,VALID
190395.jpg,1,0.8381139636039734,True,VALID
190377.jpg,0,0.8684329390525818,True,VALID
190377.jpg,1,0.823342502117157,True,VALID
190377.jpg,2,0.6461033821105957,True,VALID
260450.jpg,0,0.8354495167732239,True,VALID
260450.jpg,1,0.7320444583892822,True,UNCERTAIN
220323.jpg,0,0.8269540071487427,True,VALID
220323.jpg,1,0.6065869927406311,True,VALID
220323.jpg,2,,,
190696.jpg,0,0.867613673210144,True,VALID
190696.jpg,1,0.8587640523910522,True,VALID
190696.jpg,2,0.8580108880996704,True,VALID
190696.jpg,3,0.8119523525238037,True,VALID
190696.jpg,4,0.8082278966903687,True,VALID
190696.jpg,5,0.8036226630210876,True,VALID
190696.jpg,6,0.7589027285575867,False,FALSE_POSITIVE
190696.jpg,7,0.38607335090637207,True,FALSE_POSITIVE
220279.jpg,0,0.8054412603378296,True,VALID
220279.jpg,1,0.6913052797317505,True,VALID
220279.jpg,2,0.5393639206886292,False,VALID
220279.jpg,3,,,
220279.jpg,4,,,
210290.jpg,0,0.8586537837982178,True,VALID
210290.jpg,1,0.7907805442810059,True,VALID
210290.jpg,2,0.747226357460022,True,VALID
210290.jpg,3,0.7269462943077087,False,VALID
210290.jpg,4,0.2974667549133301,True,UNCERTAIN
210290.jpg,5,,,
230298.jpg,0,0.8584349155426025,True,VALID
230298.jpg,1,0.7630869746208191,True,VALID
240286.jpg,0,0.6967439651489258,True,VALID
240286.jpg,1,0.4641738831996918,False,FALSE_POSITIVE
240286.jpg,2,0.4608514904975891,True,VALID
260262.jpg,0,0.8699949383735657,True,VALID
190299.jpg,0,0.8606671094894409,True,VALID
190299.jpg,1,,,
240254.jpg,0,0.7395286560058594,True,VALID
190315.jpg,0,0.8548437356948853,True,VALID
190315.jpg,1,0.8327484130859375,True,VALID
190315.jpg,2,0.8213205337524414,True,VALID
190315.jpg,3,0.8178426027297974,True,VALID
190315.jpg,4,0.7717911005020142,True,VALID
190315.jpg,5,0.758126974105835,True,VALID
190315.jpg,6,0.6069176197052002,False,VALID
190315.jpg,7,,,
230173.jpg,0,0.8610101342201233,True,VALID
230173.jpg,1,0.8185927867889404,True,VALID
210232.jpg,0,0.6799736618995667,True,VALID
210232.jpg,1,0.635164737701416,True,VALID
260312.jpg,0,0.3580407500267029,True,FALSE_POSITIVE
260312.jpg,1,,,
260312.jpg,2,,,
200217.jpg,0,0.8022826313972473,True,VALID
200217.jpg,1,0.7470681667327881,True,VALID
200217.jpg,2,0.3406813442707062,True,VALID
210120.jpg,0,0.7752083539962769,True,VALID
210120.jpg,1,0.7025187015533447,True,VALID
210120.jpg,2,0.4230421185493469,True,FALSE_POSITIVE
190646.jpg,0,0.8804537653923035,True,VALID
190646.jpg,1,0.8660932779312134,True,VALID
190646.jpg,2,0.816325306892395,True,VALID
190646.jpg,3,0.6763540506362915,True,VALID
190646.jpg,4,0.5062626004219055,False,FALSE_POSITIVE
190646.jpg,5,0.3063952922821045,False,FALSE_POSITIVE
240364.jpg,0,0.6492961049079895,True,VALID
190603.jpg,0,0.8676223754882812,True,VALID
220298.jpg,0,0.3095304071903229,True,UNCERTAIN
240225.jpg,0,0.4919549822807312,True,VALID
200295.jpg,0,0.8338303565979004,True,VALID
200295.jpg,1,0.8136349320411682,True,VALID
240339.jpg,0,0.7468076348304749,True,VALID
240339.jpg,1,0.6005449891090393,True,FALSE_POSITIVE
240339.jpg,2,,,
210148.jpg,0,0.8112260699272156,True,VALID
210148.jpg,1,0.3823185861110687,True,VALID
190648.jpg,0,0.8618302941322327,True,VALID
190648.jpg,1,0.8603360056877136,True,VALID
190648.jpg,2,0.8538265228271484,True,VALID
190648.jpg,3,0.8404546976089478,True,VALID
190648.jpg,4,0.8394546508789062,True,VALID
190648.jpg,5,0.832160234451294,True,VALID
190648.jpg,6,0.8294597864151001,True,VALID
190648.jpg,7,0.7829481959342957,True,VALID
190648.jpg,8,0.7791876196861267,True,VALID
190648.jpg,9,0.7716565132141113,True,VALID
190145.jpg,0,0.8579893112182617,True,VALID
190145.jpg,1,0.8562224507331848,True,VALID
190145.jpg,2,0.8418688178062439,True,VALID
190145.jpg,3,0.8230366110801697,True,VALID
190145.jpg,4,0.7606080770492554,True,VALID
190145.jpg,5,0.6815831661224365,True,FALSE_POSITIVE
240160.jpg,0,0.8444151282310486,True,VALID
200263.jpg,0,0.8598394989967346,True,VALID
220293.jpg,0,0.785864531993866,True,VALID
220293.jpg,1,0.7717161774635315,True,VALID
260232.jpg,0,0.7942534685134888,True,VALID
260232.jpg,1,0.35419732332229614,True,FALSE_POSITIVE
210180.jpg,0,0.8576128482818604,True,VALID
210180.jpg,1,0.8485783934593201,True,VALID
210180.jpg,2,0.8346476554870605,True,VALID
210180.jpg,3,0.8050657510757446,True,VALID
210180.jpg,4,0.7948811650276184,True,VALID
210180.jpg,5,0.6584702134132385,False,VALID
210180.jpg,6,,,
260184.jpg,0,0.8219801783561707,True,VALID
240403.jpg,0,0.783740758895874,True,VALID
230150.jpg,0,0.845714807510376,True,VALID
230150.jpg,1,0.8264904618263245,True,VALID
230150.jpg,2,0.7210909724235535,True,VALID
230155.jpg,0,0.8462559580802917,True,VALID
230155.jpg,1,0.8327795267105103,True,VALID
230155.jpg,2,,,
220162.jpg,0,0.8245348930358887,True,VALID
220162.jpg,1,0.7978978157043457,True,VALID
260233.jpg,0,0.7182444334030151,True,VALID
260233.jpg,1,0.6273318529129028,True,VALID
260233.jpg,2,0.5697232484817505,True,VALID
190152.jpg,0,0.8708894848823547,True,VALID
190152.jpg,1,0.8634238243103027,True,VALID
190152.jpg,2,0.8450830578804016,True,VALID
190822.jpg,0,0.8899065256118774,True,VALID
190822.jpg,1,0.8545693159103394,True,VALID
190822.jpg,2,0.849671483039856,True,VALID
190822.jpg,3,0.8409789800643921,True,VALID
190822.jpg,4,0.7284990549087524,True,VALID
190822.jpg,5,,,
230064.jpg,0,0.8814615607261658,True,VALID
230064.jpg,1,0.8187280297279358,True,VALID
230064.jpg,2,0.6932152509689331,True,VALID
230064.jpg,3,,,
260248.jpg,0,0.8050218820571899,True,VALID
190213.jpg,0,0.877739667892456,True,VALID
190213.jpg,1,0.8680435419082642,True,VALID
190213.jpg,2,0.8555495142936707,True,VALID
190213.jpg,3,0.6267957091331482,True,VALID
190483.jpg,0,0.8690652251243591,True,VALID
190483.jpg,1,0.7223172187805176,False,VALID
190788.jpg,0,0.8813745379447937,True,VALID
220219.jpg,0,0.7522537112236023,True,VALID
220219.jpg,1,0.7184966206550598,True,FALSE_POSITIVE
220219.jpg,2,,,
200078.jpg,0,0.8098724484443665,True,VALID
200078.jpg,1,0.7500578761100769,True,VALID
190158.jpg,0,0.8491363525390625,True,VALID
190158.jpg,1,0.8185296654701233,True,VALID
190158.jpg,2,,,
230390.jpg,0,0.8253898620605469,True,VALID
230390.jpg,1,0.7358689308166504,True,VALID
200244.jpg,0,0.8575236201286316,True,VALID
220127.jpg,0,0.8023136258125305,True,VALID
220127.jpg,1,0.6711367964744568,True,VALID
220127.jpg,2,0.6277288198471069,True,VALID
210310.jpg,0,0.8538193702697754,True,VALID
210310.jpg,1,0.8319465517997742,True,VALID
210310.jpg,2,0.8308888077735901,True,VALID
210310.jpg,3,0.8227894902229309,True,VALID
260446.jpg,0,0.7991139888763428,True,VALID
220085.jpg,0,0.8361961841583252,True,VALID
220085.jpg,1,0.8114675879478455,True,VALID
220085.jpg,2,0.8022688627243042,True,VALID
220085.jpg,3,0.682116687297821,True,VALID
240320.jpg,0,0.8564876317977905,True,VALID
230362.jpg,0,0.810573399066925,True,VALID
230362.jpg,1,0.8048473000526428,True,VALID
230362.jpg,2,0.7332323789596558,True,VALID
240008.jpg,0,0.7792850732803345,True,VALID
240008.jpg,1,0.6838620901107788,True,FALSE_POSITIVE
240431.jpg,0,0.8099719882011414,True,VALID
240431.jpg,1,0.7982351779937744,True,VALID
190131.jpg,0,0.8614287972450256,True,VALID
190131.jpg,1,0.8471342325210571,True,VALID
190131.jpg,2,0.8371160626411438,True,VALID
190131.jpg,3,0.5547687411308289,True,VALID
190131.jpg,4,0.5107756853103638,True,FALSE_POSITIVE
210342.jpg,0,0.8562014698982239,True,VALID
210342.jpg,1,0.7524528503417969,True,VALID
210342.jpg,2,0.7482175230979919,True,VALID
210342.jpg,3,0.7273061871528625,True,VALID
210342.jpg,4,0.6867969036102295,True,VALID
210342.jpg,5,0.6827704310417175,True,VALID
210342.jpg,6,0.3153408169746399,False,VALID
210369.jpg,0,0.8413520455360413,True,VALID
190250.jpg,0,0.8722510933876038,True,VALID
240001.jpg,0,0.8588972687721252,True,VALID
240001.jpg,1,0.8427026867866516,True,VALID
240001.jpg,2,,,
190784.jpg,0,0.8428418040275574,True,VALID
190784.jpg,1,0.8090238571166992,True,VALID
190784.jpg,2,0.7675697803497314,True,VALID
190784.jpg,3,0.7157629132270813,True,VALID
190784.jpg,4,0.6951456665992737,True,VALID
190784.jpg,5,0.6849565505981445,True,VALID
190784.jpg,6,0.6828311681747437,True,VALID
190784.jpg,7,,,
230341.jpg,0,0.8552613854408264,True,VALID
230341.jpg,1,0.714029848575592,True,VALID
230341.jpg,2,,,
190561.jpg,0,0.8853070139884949,True,VALID
190561.jpg,1,0.8623204827308655,True,VALID
190561.jpg,2,0.8618707656860352,True,VALID
190561.jpg,3,0.8523820638656616,True,VALID
190561.jpg,4,0.8216601014137268,True,VALID
220143.jpg,0,0.8460661768913269,True,VALID
220143.jpg,1,0.7834559679031372,True,VALID
240180.jpg,0,0.8102864027023315,True,VALID
230005.jpg,0,0.7661330103874207,True,VALID
230005.jpg,1,0.7221810221672058,True,VALID
230005.jpg,2,0.7039026021957397,True,VALID
230005.jpg,3,0.6503332257270813,True,VALID
220232.jpg,0,0.8157408833503723,True,VALID
190585.jpg,0,0.8775878548622131,True,VALID
190585.jpg,1,0.834603488445282,True,VALID
190645.jpg,0,0.8640275001525879,True,VALID
190645.jpg,1,0.8591140508651733,True,VALID
190645.jpg,2,0.8503860235214233,True,VALID
190645.jpg,3,0.7533210515975952,True,VALID
240055.jpg,0,0.8096274137496948,True,VALID
230335.jpg,0,0.8379534482955933,True,VALID
230335.jpg,1,0.7520862221717834,True,VALID
200287.jpg,0,0.8553438782691956,True,VALID
200287.jpg,1,0.6714051365852356,True,VALID
220156.jpg,0,0.8165597915649414,True,VALID
220156.jpg,1,0.6337074041366577,True,VALID
220156.jpg,2,0.5068858861923218,True,VALID
240335.jpg,0,0.8594395518302917,True,VALID
240335.jpg,1,0.7916087508201599,True,VALID
240335.jpg,2,0.7829200029373169,True,VALID
260364.jpg,0,0.801399827003479,True,VALID
260364.jpg,1,0.6559145450592041,True,VALID
230038.jpg,0,0.8358389735221863,True,VALID
230038.jpg,1,0.7909669876098633,True,VALID
230038.jpg,2,0.7719321250915527,True,VALID
230038.jpg,3,0.7553310394287109,True,VALID
230038.jpg,4,0.6938111782073975,True,VALID
230038.jpg,5,0.3436530530452728,True,FALSE_POSITIVE
210119.jpg,0,0.8336649537086487,True,VALID
200209.jpg,0,0.6595368981361389,True,VALID
200209.jpg,1,0.5754764080047607,True,VALID
200209.jpg,2,,,
190768.jpg,0,0.8554951548576355,True,VALID
190768.jpg,1,0.8477143049240112,True,VALID
230461.jpg,0,0.8379194736480713,True,VALID
230461.jpg,1,0.8339808583259583,True,VALID
230461.jpg,2,0.8200850486755371,True,VALID
230461.jpg,3,,,
190008.jpg,0,0.8760219216346741,True,VALID
190008.jpg,1,0.681708812713623,True,VALID
190008.jpg,2,0.5247455835342407,True,VALID
210177.jpg,0,0.7978373765945435,True,VALID
210177.jpg,1,0.7954015135765076,True,FALSE_POSITIVE
190491.jpg,0,0.845497727394104,True,VALID
240124.jpg,0,0.8041613698005676,True,VALID
240124.jpg,1,0.6500415205955505,True,VALID
210340.jpg,0,0.851119875907898,True,VALID
200204.jpg,0,0.8507239818572998,True,VALID
200204.jpg,1,0.6878403425216675,True,VALID
190583.jpg,0,0.8315097689628601,True,VALID
200114.jpg,0,0.8585601449012756,True,VALID
200114.jpg,1,0.8479726910591125,True,VALID
200114.jpg,2,0.7931378483772278,True,VALID
260412.jpg,0,0.8367904424667358,True,VALID
260412.jpg,1,0.78823322057724,True,VALID
260412.jpg,2,0.34726521372795105,True,VALID
240447.jpg,0,0.8332504630088806,True,VALID
240447.jpg,1,,,
190742.jpg,0,0.8807873129844666,True,VALID
190742.jpg,1,0.8670587539672852,True,VALID
190742.jpg,2,0.8590990900993347,True,VALID
190742.jpg,3,,,
240041.jpg,0,0.853005051612854,True,VALID
260408.jpg,0,0.8625125288963318,True,VALID
190165.jpg,0,0.8510971665382385,True,VALID
190165.jpg,1,0.8214329481124878,True,VALID
190165.jpg,2,0.8162481188774109,True,VALID
190303.jpg,0,0.8609001040458679,True,VALID
190303.jpg,1,0.8521500825881958,True,VALID
190303.jpg,2,0.8502740263938904,True,VALID
190303.jpg,3,0.8367085456848145,True,VALID
190303.jpg,4,0.8014474511146545,True,VALID
190303.jpg,5,0.5609979033470154,True,FALSE_POSITIVE
220132.jpg,0,0.8742604851722717,True,VALID
220132.jpg,1,0.8401426076889038,True,VALID
220132.jpg,2,0.8303801417350769,True,VALID
240310.jpg,0,0.7864941358566284,True,VALID
230200.jpg,0,0.8579663634300232,True,VALID
230200.jpg,1,0.8190010190010071,True,VALID
190789.jpg,0,0.8747093677520752,True,VALID
190308.jpg,0,0.870441734790802,True,VALID
190308.jpg,1,0.8509997725486755,True,VALID
190308.jpg,2,0.5170256495475769,True,VALID
240378.jpg,0,0.8518980741500854,True,VALID
210100.jpg,0,0.7011856436729431,True,FALSE_POSITIVE
190110.jpg,0,0.8788637518882751,True,VALID
190110.jpg,1,0.8601919412612915,True,VALID
190110.jpg,2,0.8540188670158386,True,VALID
190110.jpg,3,0.7785999774932861,True,VALID
190110.jpg,4,,,
190751.jpg,0,0.8643763065338135,True,VALID
190751.jpg,1,0.8419344425201416,True,VALID
190751.jpg,2,0.8159340620040894,True,VALID
190751.jpg,3,0.7505989670753479,True,VALID
190751.jpg,4,0.3943125307559967,False,FALSE_POSITIVE
200211.jpg,0,0.8620880246162415,True,VALID
200211.jpg,1,0.8010239005088806,True,VALID
200211.jpg,2,0.8000970482826233,True,VALID
230231.jpg,0,0.856327474117279,True,VALID
230231.jpg,1,0.8560050129890442,True,VALID
230231.jpg,2,0.8545148968696594,True,VALID
230231.jpg,3,0.7183449864387512,True,VALID
240069.jpg,0,0.794451892375946,True,VALID
240069.jpg,1,0.4668636620044708,True,VALID
190757.jpg,0,0.8218154311180115,True,VALID
190029.jpg,0,0.8656774163246155,True,VALID
190029.jpg,1,0.7338284850120544,True,VALID
190029.jpg,2,0.4426223933696747,True,FALSE_POSITIVE
190029.jpg,3,,,
260513.jpg,0,0.8677070140838623,True,VALID
260513.jpg,1,0.8565351366996765,True,VALID
260042.jpg,0,0.8600738048553467,True,VALID
260042.jpg,1,0.8410520553588867,True,VALID
260042.jpg,2,0.8301849365234375,True,VALID
190829.jpg,0,0.8607815504074097,True,VALID
190829.jpg,1,0.7944865226745605,True,VALID
190830.jpg,0,0.8646404147148132,True,VALID
240167.jpg,0,0.8562867641448975,True,VALID
240167.jpg,1,0.7504188418388367,True,VALID
220315.jpg,0,0.8595300912857056,True,VALID
220315.jpg,1,0.8308811783790588,True,VALID
220315.jpg,2,0.8285970687866211,True,VALID
220315.jpg,3,0.8270566463470459,True,VALID
220315.jpg,4,0.7413961887359619,True,VALID
220315.jpg,5,0.6553682684898376,True,VALID
220315.jpg,6,,,
190710.jpg,0,0.8759282231330872,True,VALID
190710.jpg,1,0.8616993427276611,True,VALID
190710.jpg,2,0.8296951651573181,True,VALID
190710.jpg,3,0.7772987484931946,True,VALID
190710.jpg,4,0.35602203011512756,True,VALID
190710.jpg,5,,,
210059.jpg,0,0.8547110557556152,True,VALID
210059.jpg,1,0.7578778266906738,True,VALID
210059.jpg,2,0.7440945506095886,True,VALID
210059.jpg,3,0.29849666357040405,False,FALSE_POSITIVE
260010.jpg,0,0.8696006536483765,True,VALID
190216.jpg,0,0.8126939535140991,True,VALID
190216.jpg,1,0.8037726879119873,True,VALID
190216.jpg,2,0.8035954236984253,True,VALID
190216.jpg,3,0.5843049883842468,True,VALID
190216.jpg,4,0.5098845958709717,False,VALID
190216.jpg,5,,,
210045.jpg,0,0.8436890840530396,True,VALID
260083.jpg,0,0.8478836417198181,True,VALID
260083.jpg,1,0.5231620073318481,True,VALID
260083.jpg,2,,,
220270.jpg,0,0.7633693814277649,True,VALID
220270.jpg,1,0.5489783883094788,False,VALID
220270.jpg,2,0.3993908762931824,False,FALSE_POSITIVE
220024.jpg,0,0.7916457653045654,True,VALID
220024.jpg,1,0.7842341661453247,True,VALID
220024.jpg,2,0.5389891266822815,True,VALID
230074.jpg,0,0.8328505158424377,True,VALID
190609.jpg,0,0.8882317543029785,True,VALID
190609.jpg,1,0.877752423286438,True,VALID
190609.jpg,2,0.8773565888404846,True,VALID
220121.jpg,0,0.7908731698989868,True,VALID
240079.jpg,0,0.6732199788093567,True,VALID
240079.jpg,1,0.6085063219070435,True,VALID
240079.jpg,2,,,
260075.jpg,0,0.8615058064460754,True,VALID
260075.jpg,1,0.8508267402648926,True,VALID
220111.jpg,0,0.853674590587616,True,VALID
220111.jpg,1,0.8467503190040588,True,VALID
220111.jpg,2,0.8076204061508179,True,VALID
220111.jpg,3,0.780052125453949,True,VALID
220111.jpg,4,,,
190812.jpg,0,0.8283362984657288,True,VALID
240022.jpg,0,0.48855769634246826,True,VALID
240022.jpg,1,,,
190424.jpg,0,0.8336292505264282,True,VALID
190424.jpg,1,0.7605356574058533,True,VALID
230213.jpg,0,0.8328363299369812,True,VALID
230213.jpg,1,0.8142331838607788,True,VALID
230213.jpg,2,,,
190059.jpg,0,0.8687919974327087,True,VALID
190059.jpg,1,0.8490374684333801,True,VALID
190047.jpg,0,0.8865772485733032,True,VALID
190047.jpg,1,0.8600250482559204,True,VALID
190047.jpg,2,0.8444620966911316,True,VALID
190047.jpg,3,0.8354902863502502,True,VALID
230120.jpg,0,0.8467684984207153,True,VALID
230120.jpg,1,0.8394349813461304,True,VALID
230120.jpg,2,0.8287041783332825,True,VALID
230120.jpg,3,0.8040832281112671,True,VALID
260101.jpg,0,0.8702216744422913,True,VALID
260101.jpg,1,0.8641929030418396,True,VALID
260101.jpg,2,0.609165608882904,True,VALID
260224.jpg,0,0.8378704190254211,True,VALID
260224.jpg,1,0.8272864818572998,True,VALID
220275.jpg,0,0.8712012767791748,True,VALID
190361.jpg,0,0.8538782000541687,True,VALID
230447.jpg,0,0.8183637857437134,True,VALID
230447.jpg,1,0.8038225173950195,True,VALID
230447.jpg,2,0.39001426100730896,True,VALID
210176.jpg,0,,,
220050.jpg,0,0.8169523477554321,True,VALID
220050.jpg,1,0.8164825439453125,True,VALID
220326.jpg,0,0.8269057273864746,True,VALID
240350.jpg,0,0.4232063293457031,True,VALID
220188.jpg,0,0.8431333899497986,True,VALID
260407.jpg,0,0.8336068987846375,True,VALID
260407.jpg,1,0.7738213539123535,True,VALID
260407.jpg,2,0.6525602340698242,True,FALSE_POSITIVE
220092.jpg,0,0.8231624364852905,True,VALID
220092.jpg,1,0.8105391263961792,True,VALID
260013.jpg,0,0.8679718971252441,True,VALID
260013.jpg,1,0.8112508654594421,True,VALID
260013.jpg,2,0.7028323411941528,True,VALID
260013.jpg,3,0.5612379312515259,True,VALID
230426.jpg,0,0.8674136996269226,True,VALID
230426.jpg,1,0.8444797992706299,True,VALID
230426.jpg,2,0.8414732217788696,True,VALID
230426.jpg,3,0.823157012462616,True,VALID
200089.jpg,0,0.7431614398956299,True,VALID
200089.jpg,1,,,
260132.jpg,0,0.8423972725868225,True,VALID
260132.jpg,1,0.8152793049812317,True,VALID
260132.jpg,2,0.28966987133026123,True,VALID
260132.jpg,3,,,
190302.jpg,0,0.8755793571472168,True,VALID
190302.jpg,1,0.860565185546875,True,VALID
190302.jpg,2,0.8331661224365234,True,VALID
190302.jpg,3,0.8189104795455933,True,VALID
190302.jpg,4,0.8181715607643127,True,VALID
190302.jpg,5,0.7530114650726318,True,VALID
200003.jpg,0,0.8692595958709717,True,VALID
200003.jpg,1,0.7793743014335632,True,VALID
190756.jpg,0,0.851089358329773,True,VALID
190756.jpg,1,0.39282700419425964,False,VALID
210235.jpg,0,0.8749136328697205,True,VALID
210235.jpg,1,0.8234936594963074,True,VALID
210235.jpg,2,0.809385359287262,True,VALID
210235.jpg,3,,,
190225.jpg,0,0.8847354650497437,True,VALID
190225.jpg,1,0.8623195886611938,True,VALID
260385.jpg,0,0.8353221416473389,True,VALID
260385.jpg,1,0.8067899942398071,True,VALID
260385.jpg,2,0.7345150709152222,True,VALID
260385.jpg,3,0.7327715158462524,True,VALID
240233.jpg,0,0.781889796257019,True,VALID
240233.jpg,1,0.7759387493133545,True,VALID
240233.jpg,2,0.7581687569618225,True,VALID
240233.jpg,3,0.34508153796195984,False,FALSE_POSITIVE
260176.jpg,0,0.8672794699668884,True,VALID
260176.jpg,1,0.8431607484817505,True,VALID
260176.jpg,2,0.8219285607337952,True,VALID
190606.jpg,0,0.869696855545044,True,VALID
230061.jpg,0,0.7317494750022888,True,FALSE_POSITIVE
230061.jpg,1,0.7071681022644043,True,FALSE_POSITIVE
240073.jpg,0,0.8321288824081421,True,VALID
200286.jpg,0,0.8262043595314026,True,VALID
230344.jpg,0,0.8592212796211243,True,VALID
210226.jpg,0,0.8231404423713684,True,VALID
190595.jpg,0,0.8678070306777954,True,VALID
190595.jpg,1,0.8340665102005005,True,VALID
190595.jpg,2,0.7954325675964355,True,VALID
190595.jpg,3,0.7942221760749817,True,VALID
260018.jpg,0,0.8134797215461731,True,VALID
260018.jpg,1,0.6033775806427002,True,FALSE_POSITIVE
240175.jpg,0,0.8320063352584839,True,VALID
240175.jpg,1,0.8061026334762573,True,VALID
240175.jpg,2,,,
230147.jpg,0,0.825506329536438,True,VALID
230147.jpg,1,0.8093921542167664,True,VALID
230147.jpg,2,0.7940610647201538,True,VALID
230436.jpg,0,0.8556037545204163,True,FALSE_POSITIVE
240451.jpg,0,0.8395802974700928,True,VALID
240451.jpg,1,0.7643166184425354,True,VALID
240451.jpg,2,0.3439961075782776,False,VALID
240451.jpg,3,,,
240451.jpg,4,,,
200086.jpg,0,0.7683241963386536,True,VALID
200086.jpg,1,0.7547926902770996,True,VALID
200086.jpg,2,0.7024758458137512,True,VALID
200086.jpg,3,0.4730440676212311,False,VALID
200086.jpg,4,,,
220378.jpg,0,0.8196396231651306,True,VALID
220378.jpg,1,,,
260435.jpg,0,0.8469283580780029,True,VALID
260435.jpg,1,0.5382793545722961,True,VALID
190552.jpg,0,0.8712514638900757,True,VALID
190552.jpg,1,0.8622961044311523,True,VALID
190552.jpg,2,0.8555092811584473,True,VALID
190732.jpg,0,0.8670406341552734,True,VALID
190732.jpg,1,0.8378148674964905,True,VALID
190732.jpg,2,0.8024594187736511,True,VALID
190732.jpg,3,0.644212007522583,True,FALSE_POSITIVE
210347.jpg,0,0.8472557663917542,True,VALID
260520.jpg,0,0.8752922415733337,True,VALID
260520.jpg,1,0.7805840969085693,True,VALID
240441.jpg,0,0.8603415489196777,True,VALID
240441.jpg,1,0.5883358120918274,True,FALSE_POSITIVE
240459.jpg,0,0.6961679458618164,True,VALID
240459.jpg,1,0.6003413200378418,True,UNCERTAIN
200262.jpg,0,0.8539243936538696,True,VALID
200262.jpg,1,0.7800244688987732,True,VALID
200262.jpg,2,0.6519759297370911,True,VALID
210356.jpg,0,0.44577905535697937,False,VALID
210356.jpg,1,,,
190647.jpg,0,0.8664336800575256,True,VALID
190647.jpg,1,0.8658952713012695,True,VALID
190647.jpg,2,0.8535633683204651,True,VALID
190647.jpg,3,0.8528238534927368,True,VALID
210156.jpg,0,0.7766402363777161,True,VALID
210156.jpg,1,0.3217599391937256,True,FALSE_POSITIVE
260333.jpg,0,0.8514840602874756,True,VALID
260333.jpg,1,0.8251095414161682,True,VALID
200102.jpg,0,0.7407727241516113,True,VALID
220356.jpg,0,0.7587133646011353,True,VALID
220356.jpg,1,0.7358513474464417,True,VALID
220350.jpg,0,0.8318549394607544,True,VALID
210190.jpg,0,0.8348941206932068,True,VALID
210190.jpg,1,,,
190041.jpg,0,0.8801046013832092,True,VALID
190041.jpg,1,0.8800692558288574,True,VALID
190041.jpg,2,0.7337409257888794,True,VALID
190041.jpg,3,0.6315834522247314,True,VALID
220306.jpg,0,0.8584688901901245,True,VALID
220306.jpg,1,0.836243212223053,True,VALID
220306.jpg,2,0.5974990129470825,True,VALID
240063.jpg,0,0.7782894968986511,True,VALID
240485.jpg,0,0.7951821684837341,True,VALID
230441.jpg,0,0.8625677227973938,True,VALID
230441.jpg,1,0.38982731103897095,False,FALSE_POSITIVE
230445.jpg,0,0.822993814945221,True,VALID
230445.jpg,1,0.8192042112350464,True,VALID
230445.jpg,2,0.6668398976325989,True,VALID
230445.jpg,3,0.42645931243896484,False,VALID
230027.jpg,0,0.8502441048622131,True,VALID
230027.jpg,1,0.8378250598907471,True,VALID
260322.jpg,0,0.8697158098220825,True,VALID
260322.jpg,1,0.8417008519172668,True,VALID
260322.jpg,2,,,
230273.jpg,0,0.7842579483985901,True,VALID
230273.jpg,1,0.625425398349762,True,VALID
230234.jpg,0,0.8332104086875916,True,VALID
230234.jpg,1,0.6446473002433777,False,VALID
230234.jpg,2,,,
210216.jpg,0,0.8232247829437256,True,VALID
210216.jpg,1,0.8021948933601379,True,VALID
210216.jpg,2,0.7822971343994141,True,VALID
210216.jpg,3,0.7607459425926208,True,VALID
210216.jpg,4,0.5726683139801025,True,VALID
210216.jpg,5,0.48203086853027344,False,FALSE_POSITIVE
210216.jpg,6,0.4222317337989807,True,VALID
210216.jpg,7,,,
210216.jpg,8,,,
230020.jpg,0,0.8261491656303406,True,VALID
230020.jpg,1,0.6891407370567322,True,VALID
210053.jpg,0,0.7873093485832214,True,VALID
230429.jpg,0,0.7548156380653381,True,VALID
210363.jpg,0,0.8395684957504272,True,VALID
210363.jpg,1,0.8102589249610901,True,VALID
210363.jpg,2,0.8097221255302429,True,VALID
210363.jpg,3,0.7167664170265198,True,VALID
190510.jpg,0,0.8505515456199646,True,VALID
190510.jpg,1,0.8187311291694641,True,VALID
190510.jpg,2,0.6919431686401367,True,VALID
190510.jpg,3,0.567914605140686,True,VALID
220235.jpg,0,0.8627284169197083,True,VALID
220235.jpg,1,0.731269121170044,True,VALID
220235.jpg,2,0.3422917425632477,True,VALID
240428.jpg,0,0.8641612529754639,True,VALID
210292.jpg,0,0.8142565488815308,True,VALID
210292.jpg,1,0.8117611408233643,True,VALID
210292.jpg,2,0.791364848613739,True,VALID
210292.jpg,3,0.7728537321090698,True,VALID
210292.jpg,4,0.36052653193473816,True,UNCERTAIN
210292.jpg,5,0.2923578917980194,True,UNCERTAIN
240423.jpg,0,0.785180389881134,True,VALID
200179.jpg,0,0.6559496521949768,True,VALID
190261.jpg,0,0.8737329840660095,True,VALID
190261.jpg,1,0.8625824451446533,True,VALID
200206.jpg,0,0.8423621654510498,True,VALID
190558.jpg,0,0.865143895149231,True,VALID
190558.jpg,1,0.8513786792755127,True,VALID
260104.jpg,0,0.8364461660385132,True,VALID
260104.jpg,1,0.8211960792541504,True,VALID
210308.jpg,0,0.8454209566116333,True,VALID
240179.jpg,0,0.8057494163513184,True,VALID
240179.jpg,1,0.6900445222854614,True,VALID
190527.jpg,0,0.8925102949142456,True,VALID
190143.jpg,0,0.8139891028404236,True,VALID
190143.jpg,1,0.409631609916687,True,VALID
190567.jpg,0,0.8806487321853638,True,VALID
210378.jpg,0,0.8445582985877991,True,VALID
210378.jpg,1,0.7223305702209473,False,VALID
210378.jpg,2,,,
210378.jpg,3,,,
260090.jpg,0,0.8371187448501587,True,VALID
260465.jpg,0,0.8373035192489624,True,VALID
260465.jpg,1,0.6898235082626343,True,VALID
190115.jpg,0,0.8750808238983154,True,VALID
240332.jpg,0,0.8303676247596741,True,VALID
240332.jpg,1,0.7612245678901672,False,FALSE_POSITIVE
240332.jpg,2,0.6600084900856018,True,VALID
240332.jpg,3,,,
260449.jpg,0,0.842434823513031,True,VALID
260449.jpg,1,0.5478799939155579,True,VALID
240338.jpg,0,0.8046485781669617,True,VALID
240338.jpg,1,0.676516592502594,True,VALID
240338.jpg,2,0.4825405180454254,True,VALID
260108.jpg,0,0.8344887495040894,True,VALID
260108.jpg,1,0.8103976249694824,True,VALID
190586.jpg,0,0.8672977685928345,True,VALID
190465.jpg,0,0.8397232890129089,True,VALID
210141.jpg,0,0.8312709927558899,True,VALID
210141.jpg,1,0.8020409345626831,True,VALID
260491.jpg,0,0.8165631294250488,True,VALID
190236.jpg,0,0.8761036396026611,True,VALID
190236.jpg,1,0.8189509510993958,True,VALID
190080.jpg,0,0.8717929720878601,True,VALID
190080.jpg,1,0.8695421814918518,True,VALID
190080.jpg,2,0.8421571850776672,True,VALID
190080.jpg,3,0.35515862703323364,True,FALSE_POSITIVE
210435.jpg,0,0.8510552048683167,True,VALID
210435.jpg,1,0.7909183502197266,True,VALID
220374.jpg,0,0.841477632522583,True,VALID
260512.jpg,0,0.840928316116333,True,VALID
260073.jpg,0,0.8512027263641357,True,VALID
260073.jpg,1,,,
260086.jpg,0,0.8323490023612976,True,VALID
260086.jpg,1,0.8128445744514465,True,VALID
260086.jpg,2,0.8071511387825012,True,VALID
200308.jpg,0,0.8548005819320679,True,VALID
200308.jpg,1,0.8207088708877563,True,VALID
210323.jpg,0,0.8437830805778503,True,VALID
210323.jpg,1,0.7434967756271362,True,VALID
210323.jpg,2,0.720576286315918,True,VALID
230382.jpg,0,0.8133608102798462,True,VALID
230382.jpg,1,0.8027570247650146,True,VALID
230382.jpg,2,0.7544893026351929,True,VALID
230382.jpg,3,0.4700455665588379,False,VALID
230382.jpg,4,0.3336333632469177,False,FALSE_POSITIVE
230382.jpg,5,0.32718461751937866,False,FALSE_POSITIVE
210110.jpg,0,0.8366856575012207,True,VALID
210110.jpg,1,0.8364800810813904,True,VALID
210110.jpg,2,0.7974482178688049,True,VALID
210110.jpg,3,0.7101531028747559,True,VALID
210110.jpg,4,0.6946361660957336,True,VALID
210110.jpg,5,0.5407675504684448,True,UNCERTAIN
210110.jpg,6,0.47062888741493225,True,UNCERTAIN
200280.jpg,0,0.792792797088623,True,VALID
190009.jpg,0,0.8698768019676208,True,VALID
190009.jpg,1,0.8574420809745789,True,VALID
190009.jpg,2,0.85018390417099,True,VALID
190009.jpg,3,0.8425332307815552,True,VALID
190009.jpg,4,0.8259932398796082,True,VALID
190009.jpg,5,0.7933025360107422,True,VALID
190009.jpg,6,0.7875739932060242,True,VALID
190009.jpg,7,0.7701340317726135,True,VALID
190009.jpg,8,0.7700727581977844,True,VALID
190009.jpg,9,0.703042209148407,True,VALID
190009.jpg,10,0.6750847101211548,True,VALID
240357.jpg,0,0.8186803460121155,True,VALID
230413.jpg,0,0.8426135182380676,True,VALID
240420.jpg,0,0.8565265536308289,True,VALID
240420.jpg,1,0.8241811394691467,True,VALID
190509.jpg,0,0.8413515090942383,True,VALID
190509.jpg,1,0.820828378200531,True,VALID
190509.jpg,2,0.780269205570221,True,VALID
190509.jpg,3,0.7736781239509583,True,VALID
190509.jpg,4,0.5439890027046204,True,VALID
220094.jpg,0,0.7185768485069275,False,VALID
220094.jpg,1,0.6613590717315674,True,VALID
220094.jpg,2,0.636577308177948,False,VALID
220094.jpg,3,0.5055326223373413,True,VALID
220094.jpg,4,,,
220094.jpg,5,,,
220094.jpg,6,,,
220094.jpg,7,,,
210396.jpg,0,0.8369020223617554,True,VALID
210396.jpg,1,0.8217887878417969,True,VALID
210396.jpg,2,0.7530845403671265,True,VALID
210396.jpg,3,0.7103400826454163,True,VALID
210396.jpg,4,0.5514940023422241,True,VALID
210396.jpg,5,,,
240311.jpg,0,0.8396667838096619,True,VALID
240311.jpg,1,,,
190779.jpg,0,0.8876211047172546,True,VALID
190779.jpg,1,0.8818842172622681,True,VALID
200216.jpg,0,0.8451803922653198,True,VALID
200216.jpg,1,0.5147719383239746,True,VALID
190448.jpg,0,0.8600610494613647,True,VALID
190448.jpg,1,0.8469560742378235,True,VALID
190217.jpg,0,0.8656672239303589,True,VALID
190217.jpg,1,0.8393319845199585,True,VALID
190217.jpg,2,0.6037006974220276,True,VALID
190274.jpg,0,0.8562487363815308,True,VALID
190745.jpg,0,0.8474755883216858,True,VALID
190745.jpg,1,0.789431631565094,True,VALID
190745.jpg,2,0.7866370677947998,True,VALID
190745.jpg,3,0.765946090221405,True,VALID
190745.jpg,4,0.7358120679855347,True,VALID
260064.jpg,0,0.866364598274231,True,VALID
260064.jpg,1,0.8581148386001587,True,VALID
260064.jpg,2,0.7714878916740417,True,VALID
260064.jpg,3,0.6454447507858276,True,VALID
200266.jpg,0,0.8285333514213562,True,VALID
240104.jpg,0,0.3945641815662384,True,VALID
190777.jpg,0,0.872110903263092,True,VALID
190777.jpg,1,0.8148752450942993,True,VALID
190777.jpg,2,0.7987242937088013,True,VALID
190777.jpg,3,0.798307478427887,True,VALID
190777.jpg,4,0.683326005935669,True,VALID
190777.jpg,5,0.438762903213501,True,FALSE_POSITIVE
190777.jpg,6,0.32783880829811096,True,FALSE_POSITIVE
190777.jpg,7,,,
240279.jpg,0,0.8406475782394409,True,VALID
240279.jpg,1,0.7645593881607056,True,VALID
240279.jpg,2,,,
210046.jpg,0,0.8396548628807068,True,VALID
230430.jpg,0,0.7659368515014648,True,VALID
230243.jpg,0,0.8592963218688965,True,VALID
230243.jpg,1,0.8097549676895142,True,VALID
230011.jpg,0,0.8267697095870972,True,VALID
230112.jpg,0,0.8023676872253418,True,VALID
230112.jpg,1,0.6117595434188843,True,VALID
230182.jpg,0,0.8667974472045898,True,VALID
260397.jpg,0,0.8100215792655945,True,VALID
260397.jpg,1,0.807780385017395,True,VALID
260397.jpg,2,0.7028110027313232,True,VALID
190155.jpg,0,0.8717405796051025,True,VALID
190155.jpg,1,0.8604726791381836,True,VALID
190155.jpg,2,,,
260207.jpg,0,0.6605768799781799,True,VALID
260207.jpg,1,0.56526780128479,True,VALID
240289.jpg,0,0.8558414578437805,True,VALID
210248.jpg,0,0.83176189661026,True,VALID
210248.jpg,1,0.8309481739997864,True,VALID
190827.jpg,0,0.8670492768287659,True,VALID
240135.jpg,0,0.8228490352630615,True,VALID
260469.jpg,0,0.8753316402435303,True,VALID
260469.jpg,1,0.6473857760429382,True,VALID
240157.jpg,0,0.508530855178833,True,FALSE_POSITIVE
240157.jpg,1,,,
240157.jpg,2,,,
210291.jpg,0,0.8605698943138123,True,VALID
210291.jpg,1,0.8380510807037354,True,VALID
210291.jpg,2,0.8353817462921143,True,VALID
210291.jpg,3,0.7854333519935608,True,VALID
210291.jpg,4,0.4167806804180145,True,UNCERTAIN
190676.jpg,0,0.8563706874847412,True,VALID
190676.jpg,1,0.8476491570472717,True,VALID
190676.jpg,2,0.7417224645614624,True,VALID
190676.jpg,3,0.7378886938095093,True,VALID
190676.jpg,4,0.4452321231365204,True,UNCERTAIN
190676.jpg,5,0.39612749218940735,True,UNCERTAIN
190676.jpg,6,0.3408326208591461,True,FALSE_POSITIVE
190676.jpg,7,,,
240046.jpg,0,0.8602254390716553,True,VALID
260234.jpg,0,0.8728154301643372,True,VALID
260234.jpg,1,0.8296951651573181,True,VALID
260234.jpg,2,0.6312196254730225,True,VALID
240368.jpg,0,0.8529722094535828,True,VALID
240368.jpg,1,0.7870708107948303,True,VALID
240368.jpg,2,0.7849019765853882,True,VALID
240368.jpg,3,0.739334225654602,True,VALID
230010.jpg,0,0.8291162252426147,True,VALID
230010.jpg,1,0.740045428276062,True,VALID
230010.jpg,2,0.7217313051223755,True,VALID
230010.jpg,3,0.708269476890564,True,VALID
230010.jpg,4,0.6327904462814331,True,VALID
200222.jpg,0,0.8336107730865479,True,VALID
200222.jpg,1,0.8301988244056702,True,VALID
200222.jpg,2,0.8152512907981873,True,VALID
200222.jpg,3,0.6732097268104553,True,VALID
230117.jpg,0,0.8620386123657227,True,VALID
200175.jpg,0,0.8457277417182922,True,VALID
220152.jpg,0,0.8584765791893005,True,VALID
220152.jpg,1,0.8562871813774109,True,VALID
200128.jpg,0,0.8380378484725952,True,VALID
260114.jpg,0,0.872887134552002,True,VALID
260114.jpg,1,0.8520419001579285,True,VALID
260114.jpg,2,0.8431782722473145,True,VALID
240150.jpg,0,0.8545447587966919,True,VALID
240150.jpg,1,0.7502197623252869,True,VALID
240150.jpg,2,0.6910420656204224,True,VALID
240150.jpg,3,0.44447413086891174,True,UNCERTAIN
260194.jpg,0,0.8813191652297974,True,VALID
190232.jpg,0,0.8753897547721863,True,VALID
190232.jpg,1,0.8668429255485535,True,VALID
190232.jpg,2,0.8630427122116089,True,VALID
190232.jpg,3,0.6715463399887085,True,VALID
190499.jpg,0,0.8628824353218079,True,VALID
190499.jpg,1,0.8474446535110474,True,VALID
220144.jpg,0,0.8440619707107544,True,VALID
240062.jpg,0,0.769955575466156,True,VALID
260070.jpg,0,0.8708219528198242,True,VALID
260070.jpg,1,0.7800257802009583,True,VALID
260070.jpg,2,0.7014511227607727,False,VALID
210408.jpg,0,0.7952100038528442,True,VALID
210408.jpg,1,0.6758678555488586,True,FALSE_POSITIVE
210113.jpg,0,0.8467420935630798,True,VALID
210113.jpg,1,0.8227506279945374,True,VALID
210113.jpg,2,0.8166903257369995,True,VALID
210113.jpg,3,0.7538395524024963,True,VALID
190055.jpg,0,0.8683016300201416,True,VALID
190055.jpg,1,0.7566553354263306,True,VALID
260436.jpg,0,0.8687357306480408,True,VALID
260066.jpg,0,0.875323474407196,True,VALID
260066.jpg,1,0.8435856103897095,True,VALID
220296.jpg,0,0.8164716958999634,True,VALID
190477.jpg,0,0.8712306022644043,True,VALID
210071.jpg,0,0.8247938752174377,True,VALID
210071.jpg,1,0.7662403583526611,True,VALID
210071.jpg,2,0.762442409992218,True,VALID
210071.jpg,3,0.7437809705734253,True,VALID
210071.jpg,4,0.5039704442024231,True,VALID
210071.jpg,5,,,
200182.jpg,0,0.8547797799110413,True,VALID
190268.jpg,0,0.5607218146324158,True,VALID
190285.jpg,0,0.8397122621536255,True,VALID
220155.jpg,0,0.865309476852417,True,VALID
190545.jpg,0,0.8772778511047363,True,VALID
190545.jpg,1,0.7970119118690491,True,VALID
190693.jpg,0,0.8667857050895691,True,VALID
190711.jpg,0,0.8740881085395813,True,VALID
190711.jpg,1,0.86659175157547,True,VALID
240411.jpg,0,0.761313259601593,True,VALID
190146.jpg,0,0.8639493584632874,True,VALID
190146.jpg,1,0.8590269684791565,True,VALID
190146.jpg,2,0.8158019781112671,True,VALID
190146.jpg,3,0.775132417678833,True,VALID
190146.jpg,4,0.6571112275123596,True,VALID
190146.jpg,5,,,
220087.jpg,0,0.8201967477798462,True,VALID
220087.jpg,1,0.7385287880897522,True,VALID
220087.jpg,2,0.7082250118255615,True,VALID
220087.jpg,3,,,
260155.jpg,0,0.5737287998199463,True,VALID
190293.jpg,0,0.821186900138855,True,VALID
190293.jpg,1,0.6429913640022278,True,VALID
190293.jpg,2,0.637232780456543,True,VALID
190293.jpg,3,0.5393639206886292,False,VALID
190293.jpg,4,,,
190480.jpg,0,0.8696342706680298,True,VALID
190480.jpg,1,0.8678913116455078,True,VALID
190480.jpg,2,,,
190531.jpg,0,0.8707686066627502,True,VALID
190531.jpg,1,0.8611937761306763,True,VALID
190531.jpg,2,0.855490505695343,True,VALID
220046.jpg,0,0.8318687081336975,True,VALID
220046.jpg,1,0.783008337020874,True,VALID
220046.jpg,2,0.7810156345367432,True,VALID
230275.jpg,0,0.8412295579910278,True,VALID
230275.jpg,1,0.7555214762687683,True,VALID
230275.jpg,2,0.7106310725212097,True,VALID
230275.jpg,3,0.6329238414764404,True,VALID
190416.jpg,0,0.841021716594696,True,VALID
190416.jpg,1,0.7375954985618591,True,VALID
190416.jpg,2,0.5121978521347046,True,VALID
240337.jpg,0,0.7734785079956055,True,VALID
260072.jpg,0,0.8697801828384399,True,VALID
230226.jpg,0,0.6512482762336731,True,VALID
190157.jpg,0,0.8799995183944702,True,VALID
190157.jpg,1,0.7918680310249329,True,VALID
190157.jpg,2,0.6970499753952026,True,VALID
200113.jpg,0,0.700922429561615,True,VALID
210346.jpg,0,0.5960355401039124,True,VALID
220194.jpg,0,0.842225968837738,True,VALID
220194.jpg,1,0.8331632018089294,True,VALID
220194.jpg,2,0.8225361704826355,True,VALID
220194.jpg,3,0.6893883347511292,True,VALID
220194.jpg,4,0.4265909790992737,False,VALID
200196.jpg,0,0.8016473650932312,True,VALID
200196.jpg,1,0.7728797197341919,True,VALID
200108.jpg,0,0.8385982513427734,True,VALID
200108.jpg,1,0.8266128897666931,True,VALID
200108.jpg,2,0.6718390583992004,False,UNCERTAIN
200108.jpg,3,,,
260279.jpg,0,0.8583567142486572,True,VALID
260279.jpg,1,0.84904944896698,True,VALID
260279.jpg,2,0.8473649621009827,True,VALID
190128.jpg,0,0.8824517726898193,True,VALID
190128.jpg,1,0.8548291921615601,True,VALID
190128.jpg,2,0.8436105847358704,True,VALID
190128.jpg,3,0.7845137119293213,True,VALID
190128.jpg,4,0.783104419708252,True,VALID
190128.jpg,5,0.7829164266586304,True,VALID
190128.jpg,6,0.7482985854148865,True,VALID
220317.jpg,0,0.8166049718856812,True,VALID
220317.jpg,1,0.7959672212600708,True,VALID
220317.jpg,2,0.7825883030891418,True,VALID
220317.jpg,3,,,
210223.jpg,0,0.781011700630188,True,VALID
210223.jpg,1,0.7659067511558533,True,VALID
210223.jpg,2,0.7379438281059265,True,VALID
220346.jpg,0,0.8252560496330261,True,VALID
220346.jpg,1,0.8070843815803528,True,VALID
220346.jpg,2,0.7820051312446594,True,VALID
210048.jpg,0,0.854201078414917,True,VALID
210048.jpg,1,0.6094638705253601,True,FALSE_POSITIVE
190025.jpg,0,0.844080924987793,True,VALID
240248.jpg,0,0.5810511112213135,True,FALSE_POSITIVE
240248.jpg,1,0.5642266273498535,True,FALSE_POSITIVE
220367.jpg,0,0.8051674962043762,True,VALID
220367.jpg,1,0.7442340850830078,True,VALID
220367.jpg,2,0.4483388364315033,False,VALID
220367.jpg,3,,,
190761.jpg,0,0.8230667114257812,True,VALID
190126.jpg,0,0.8670483827590942,True,VALID
190126.jpg,1,0.8575066924095154,True,VALID
190126.jpg,2,0.8469200730323792,True,VALID
210281.jpg,0,0.8350624442100525,True,VALID
210281.jpg,1,0.8317911028862,True,VALID
210281.jpg,2,0.8195862770080566,True,VALID
210281.jpg,3,0.8135191202163696,True,VALID
210281.jpg,4,0.6851881742477417,True,VALID
210281.jpg,5,0.3633756935596466,True,FALSE_POSITIVE
220102.jpg,0,0.8557491898536682,True,VALID
220102.jpg,1,0.8488580584526062,True,VALID
220102.jpg,2,0.7301722764968872,True,VALID
220102.jpg,3,,,
190282.jpg,0,0.7645841240882874,True,VALID
260341.jpg,0,0.864979088306427,True,VALID
260341.jpg,1,0.8479715585708618,True,VALID
260341.jpg,2,0.694141149520874,True,VALID
200221.jpg,0,0.8370891213417053,True,VALID
200221.jpg,1,0.6134122610092163,True,FALSE_POSITIVE
230237.jpg,0,0.847636878490448,True,VALID
190470.jpg,0,0.8616933226585388,True,VALID
190470.jpg,1,0.8605888485908508,True,VALID
190470.jpg,2,0.8271765112876892,True,VALID
190470.jpg,3,0.8184261918067932,True,VALID
190470.jpg,4,,,
220336.jpg,0,0.8707417845726013,True,VALID
210105.jpg,0,0.8501996397972107,True,VALID
210105.jpg,1,0.7678054571151733,True,VALID
210105.jpg,2,0.7519293427467346,True,VALID
260062.jpg,0,0.7502694129943848,True,VALID
260062.jpg,1,0.6607104539871216,True,VALID
210406.jpg,0,0.6585453152656555,True,VALID
210406.jpg,1,0.6158398985862732,True,VALID
220251.jpg,0,0.8191621899604797,True,VALID
200112.jpg,0,0.8222706913948059,True,VALID
240171.jpg,0,0.8486106395721436,True,VALID
230026.jpg,0,0.8457136750221252,True,VALID
230026.jpg,1,0.7416568994522095,True,VALID
230067.jpg,0,0.8488277196884155,True,VALID
230067.jpg,1,0.8350257873535156,True,VALID
230067.jpg,2,0.8166859745979309,True,VALID
230067.jpg,3,0.7445725202560425,True,VALID
230067.jpg,4,0.7204460501670837,True,VALID
210086.jpg,0,0.8030396103858948,True,VALID
210086.jpg,1,0.7635466456413269,True,VALID
260053.jpg,0,0.8512306213378906,True,VALID
190199.jpg,0,0.8435283899307251,True,VALID
190077.jpg,0,0.8772555589675903,True,VALID
190077.jpg,1,0.8316611647605896,True,VALID
190077.jpg,2,0.40456444025039673,True,VALID
200147.jpg,0,0.8475620150566101,True,VALID
260290.jpg,0,0.8638944029808044,True,VALID
230451.jpg,0,0.7612648010253906,True,VALID
230274.jpg,0,0.8538618087768555,True,VALID
240304.jpg,0,0.5370741486549377,True,FALSE_POSITIVE
240291.jpg,0,0.7793326377868652,True,VALID
260227.jpg,0,0.8661247491836548,True,VALID
260227.jpg,1,0.8653436303138733,True,VALID
220015.jpg,0,0.691973865032196,True,VALID
240090.jpg,0,0.8401166796684265,True,VALID
240090.jpg,1,0.8390024304389954,True,VALID
240090.jpg,2,0.8079854249954224,True,VALID
240090.jpg,3,,,
200043.jpg,0,0.8588069081306458,True,VALID
210431.jpg,0,0.8268578052520752,True,VALID
260500.jpg,0,0.8779613375663757,True,VALID
260500.jpg,1,0.8417685031890869,True,VALID
260500.jpg,2,0.40902289748191833,False,UNCERTAIN
260500.jpg,3,0.3915407955646515,True,UNCERTAIN
260500.jpg,4,,,
190626.jpg,0,0.821220338344574,True,VALID
190626.jpg,1,0.7797826528549194,True,VALID
190626.jpg,2,0.6559361219406128,True,VALID
190467.jpg,0,0.8309178352355957,True,VALID
190467.jpg,1,0.6826471090316772,True,VALID
210249.jpg,0,0.8459112048149109,True,VALID
210249.jpg,1,0.8458718061447144,True,VALID
210249.jpg,2,0.8354682326316833,True,VALID
210249.jpg,3,0.7589725852012634,True,VALID
210249.jpg,4,,,
190099.jpg,0,0.6963381767272949,True,VALID
200285.jpg,0,0.8123953938484192,True,VALID
200285.jpg,1,0.7960310578346252,True,VALID
220053.jpg,0,0.8400360941886902,True,VALID
190378.jpg,0,0.8814053535461426,True,VALID
190378.jpg,1,0.8710445165634155,True,VALID
190378.jpg,2,0.8603243231773376,True,VALID
190750.jpg,0,0.8277410268783569,True,VALID
190750.jpg,1,0.8102179169654846,True,VALID
190750.jpg,2,0.7793400287628174,True,VALID
190750.jpg,3,0.6633261442184448,True,VALID
190750.jpg,4,0.5474668145179749,False,VALID
190750.jpg,5,,,
230236.jpg,0,0.8664747476577759,True,VALID
230236.jpg,1,0.8580570816993713,True,VALID
230236.jpg,2,0.7945803999900818,True,VALID
230236.jpg,3,0.72976154088974,True,VALID
240206.jpg,0,0.7914743423461914,True,VALID
240206.jpg,1,0.6241628527641296,True,VALID
260245.jpg,0,0.8394044041633606,True,VALID
260245.jpg,1,0.8026558756828308,True,VALID
240040.jpg,0,0.8028574585914612,True,VALID
240040.jpg,1,0.775140106678009,True,VALID
230094.jpg,0,0.8200878500938416,True,VALID
230094.jpg,1,0.8188365697860718,True,VALID
230094.jpg,2,0.7629501819610596,True,VALID
230094.jpg,3,0.4870036244392395,True,FALSE_POSITIVE
230286.jpg,0,0.8276818990707397,True,VALID
230286.jpg,1,0.8273269534111023,True,VALID
230286.jpg,2,0.7782614827156067,True,VALID
230286.jpg,3,0.7595768570899963,True,VALID
230286.jpg,4,0.7529103755950928,True,VALID
210169.jpg,0,0.8723487257957458,True,VALID
190364.jpg,0,0.8248614072799683,True,VALID
190364.jpg,1,,,
230219.jpg,0,0.7879785299301147,True,VALID
230219.jpg,1,0.7407894134521484,True,VALID
230219.jpg,2,0.7218753695487976,True,VALID
230219.jpg,3,,,
260411.jpg,0,0.8514647483825684,True,VALID
230075.jpg,0,0.8524592518806458,True,FALSE_POSITIVE
230075.jpg,1,0.8186076879501343,True,VALID
230075.jpg,2,0.7228342294692993,True,VALID
230075.jpg,3,0.5582184791564941,False,FALSE_POSITIVE
230463.jpg,0,0.8389309048652649,True,VALID
190365.jpg,0,0.8783243298530579,True,VALID
190365.jpg,1,0.8174746036529541,True,VALID
190365.jpg,2,0.7860339879989624,True,VALID
190365.jpg,3,0.7383902668952942,True,VALID
190365.jpg,4,0.7224698066711426,True,VALID
190365.jpg,5,0.7222720980644226,True,VALID
210295.jpg,0,0.8070259094238281,True,VALID
260159.jpg,0,0.870641827583313,True,VALID
190194.jpg,0,0.8790758848190308,True,VALID
190194.jpg,1,0.8241328001022339,True,VALID
190194.jpg,2,0.8205049633979797,True,VALID
210068.jpg,0,0.7859092950820923,True,VALID
210068.jpg,1,0.7673931121826172,True,VALID
260336.jpg,0,0.6853765845298767,True,VALID
260336.jpg,1,0.6251965761184692,True,VALID
190030.jpg,0,0.8680381774902344,True,VALID
210220.jpg,0,0.8507419228553772,True,VALID
210220.jpg,1,0.8455833792686462,True,VALID
210220.jpg,2,0.8356849551200867,True,VALID
260119.jpg,0,0.8527968525886536,True,VALID
230435.jpg,0,0.8483819961547852,True,VALID
230435.jpg,1,0.8335687518119812,True,VALID
210209.jpg,0,0.8492127656936646,True,VALID
210209.jpg,1,0.8367992043495178,True,VALID
210209.jpg,2,0.8333986401557922,True,VALID
210209.jpg,3,0.8212332129478455,True,VALID
210209.jpg,4,0.7551361918449402,True,VALID
210209.jpg,5,0.7477238774299622,True,VALID
200240.jpg,0,0.7486045360565186,True,VALID
200240.jpg,1,0.6874703764915466,True,VALID
260360.jpg,0,0.8398994207382202,True,VALID
190547.jpg,0,0.8620431423187256,True,VALID
190547.jpg,1,0.8187175393104553,True,VALID
190547.jpg,2,0.8070025444030762,True,VALID
190547.jpg,3,0.784244179725647,True,VALID
190547.jpg,4,0.7808932662010193,True,VALID
190547.jpg,5,0.6560708284378052,True,VALID
230301.jpg,0,0.7625175714492798,True,VALID
240256.jpg,0,0.8139475584030151,True,VALID
260043.jpg,0,0.8243181109428406,True,VALID
260043.jpg,1,0.6504601240158081,False,FALSE_POSITIVE
260043.jpg,2,,,
190249.jpg,0,0.8653881549835205,True,VALID
190249.jpg,1,0.8500728607177734,True,VALID
190249.jpg,2,0.4187513589859009,False,FALSE_POSITIVE
190599.jpg,0,0.8646405935287476,True,VALID
190599.jpg,1,0.8237627148628235,True,VALID
230036.jpg,0,0.8319892287254333,True,VALID
230036.jpg,1,0.8093931674957275,True,VALID
230036.jpg,2,0.8076907992362976,True,VALID
230036.jpg,3,0.8069987893104553,True,VALID
230036.jpg,4,0.7649401426315308,True,VALID
220123.jpg,0,0.7287443280220032,True,VALID
200154.jpg,0,0.8535881638526917,True,VALID
200154.jpg,1,0.8437302112579346,True,VALID
200154.jpg,2,0.8341647982597351,True,VALID
190709.jpg,0,0.8743392825126648,True,VALID
190709.jpg,1,0.853978157043457,True,VALID
190709.jpg,2,0.8477592468261719,True,VALID
190709.jpg,3,0.8290168046951294,True,VALID
190709.jpg,4,0.7781067490577698,True,VALID
230212.jpg,0,0.8272559642791748,True,VALID
230212.jpg,1,0.8112275004386902,True,VALID
230212.jpg,2,0.7180923223495483,True,VALID
240034.jpg,0,0.7959461808204651,True,VALID
210010.jpg,0,0.7651363611221313,True,VALID
210010.jpg,1,0.5141943693161011,True,VALID
210259.jpg,0,0.8317086696624756,True,VALID
210259.jpg,1,0.8201972246170044,True,VALID
210259.jpg,2,0.7612941861152649,True,VALID
210259.jpg,3,0.3935006260871887,True,VALID
210259.jpg,4,0.37871575355529785,True,VALID
210259.jpg,5,0.28390488028526306,True,VALID
240497.jpg,0,0.8506805896759033,True,VALID
240497.jpg,1,0.8365799188613892,True,VALID
240497.jpg,2,0.5193483829498291,True,VALID
220134.jpg,0,0.7312216758728027,True,VALID
220134.jpg,1,0.41456863284111023,True,VALID
240147.jpg,0,0.7676728367805481,True,VALID
210351.jpg,0,0.8354979157447815,True,VALID
210351.jpg,1,0.817002534866333,True,VALID
210351.jpg,2,0.8122504353523254,True,VALID
190571.jpg,0,0.8748866319656372,True,VALID
190571.jpg,1,0.8628096580505371,True,VALID
210373.jpg,0,0.8663073182106018,True,VALID
210373.jpg,1,0.8387433886528015,True,VALID
210373.jpg,2,0.8332229852676392,True,VALID
210373.jpg,3,0.8058173060417175,True,VALID
230287.jpg,0,0.8455943465232849,True,VALID
230287.jpg,1,0.6994320750236511,True,VALID
230300.jpg,0,0.8272796869277954,True,VALID
220259.jpg,0,0.8714028000831604,True,VALID
220259.jpg,1,0.8005770444869995,False,VALID
220259.jpg,2,0.7755963206291199,True,VALID
220259.jpg,3,,,
220259.jpg,4,,,
220288.jpg,0,0.7935961484909058,True,VALID
220288.jpg,1,0.5174953937530518,True,VALID
240345.jpg,0,0.7877627015113831,True,VALID
240345.jpg,1,0.7756369709968567,True,VALID
190359.jpg,0,0.8654823303222656,True,FALSE_POSITIVE
190013.jpg,0,0.8225526809692383,True,FALSE_POSITIVE
190013.jpg,1,0.7461501359939575,True,VALID
190672.jpg,0,0.8720412850379944,True,VALID
190672.jpg,1,0.8648415207862854,True,VALID
190672.jpg,2,0.8389019966125488,True,VALID
190672.jpg,3,0.7610581517219543,True,VALID
190672.jpg,4,0.3423997163772583,True,FALSE_POSITIVE
220159.jpg,0,0.8122789859771729,True,VALID
190181.jpg,0,0.8688003420829773,True,VALID
190181.jpg,1,0.8472886085510254,True,VALID
190181.jpg,2,0.833659827709198,True,VALID
190181.jpg,3,0.8084913492202759,True,VALID
190181.jpg,4,0.7919459939002991,True,VALID
190181.jpg,5,0.738764226436615,True,VALID
190181.jpg,6,,,
190747.jpg,0,0.8492344617843628,True,VALID
190747.jpg,1,0.7744876146316528,True,VALID
190747.jpg,2,0.6346213817596436,True,VALID
210213.jpg,0,0.8403096795082092,True,VALID
210213.jpg,1,0.8232801556587219,True,VALID
210213.jpg,2,0.8119596838951111,True,VALID
210213.jpg,3,0.3081631064414978,True,VALID
190265.jpg,0,0.8739118576049805,True,VALID
190802.jpg,0,0.8301067352294922,True,VALID
190802.jpg,1,0.8052448034286499,True,VALID
190802.jpg,2,0.727651834487915,True,VALID
240266.jpg,0,0.8396393060684204,True,VALID
260008.jpg,0,0.8790939450263977,True,VALID
260008.jpg,1,0.8651124835014343,True,VALID
260008.jpg,2,0.8134674429893494,True,VALID
260008.jpg,3,0.7415637969970703,True,VALID
230356.jpg,0,0.8345791697502136,True,VALID
210061.jpg,0,0.5611869692802429,True,UNCERTAIN
210061.jpg,1,0.5020186901092529,True,UNCERTAIN
210061.jpg,2,0.4545740783214569,True,UNCERTAIN
210061.jpg,3,0.4422767758369446,True,UNCERTAIN
220161.jpg,0,0.8458797335624695,True,VALID
220161.jpg,1,0.6380466818809509,False,FALSE_POSITIVE
240033.jpg,0,0.8552847504615784,True,VALID
240033.jpg,1,0.8361591696739197,True,VALID
240033.jpg,2,,,
260048.jpg,0,0.8679940700531006,True,VALID
260048.jpg,1,0.8052793741226196,True,VALID
260048.jpg,2,0.7841601371765137,True,VALID
260048.jpg,3,0.6979305148124695,True,VALID
200041.jpg,0,0.8331158757209778,True,VALID
200041.jpg,1,0.7944597005844116,True,VALID
200041.jpg,2,,,
190541.jpg,0,0.8746824860572815,True,VALID
190541.jpg,1,0.8534820675849915,True,VALID
190541.jpg,2,0.8029982447624207,True,VALID
190541.jpg,3,0.7594291567802429,True,VALID
190541.jpg,4,0.7292505502700806,True,VALID
190541.jpg,5,0.6988922953605652,True,VALID
190541.jpg,6,0.6790363788604736,True,VALID
240318.jpg,0,0.8443349599838257,True,VALID
240318.jpg,1,0.8358395099639893,True,VALID
240318.jpg,2,0.5048223733901978,True,VALID
260121.jpg,0,0.7216867208480835,True,VALID
260121.jpg,1,0.6797706484794617,True,VALID
260478.jpg,0,0.8558045029640198,True,VALID
240360.jpg,0,0.7797577977180481,True,VALID
240360.jpg,1,0.7576261758804321,True,VALID
260327.jpg,0,0.8416937589645386,True,VALID
260327.jpg,1,0.83302241563797,True,VALID
240030.jpg,0,0.7443929314613342,True,VALID
190457.jpg,0,0.8589098453521729,True,VALID
190457.jpg,1,0.8545472025871277,True,VALID
200118.jpg,0,0.36531856656074524,True,VALID
230361.jpg,0,0.8219248652458191,True,VALID
190184.jpg,0,0.8665017485618591,True,FALSE_POSITIVE
240108.jpg,0,0.8587061166763306,True,VALID
190670.jpg,0,0.798920214176178,True,VALID
190670.jpg,1,0.479245662689209,True,UNCERTAIN
240288.jpg,0,0.826832115650177,True,VALID
220065.jpg,0,0.8720397353172302,True,VALID
220065.jpg,1,0.8600211143493652,True,VALID
220065.jpg,2,0.8269065618515015,True,VALID
220065.jpg,3,0.7416307330131531,True,VALID
220065.jpg,4,,,
260079.jpg,0,0.8631811141967773,True,VALID
260079.jpg,1,0.8303043246269226,True,VALID
200028.jpg,0,0.8395519852638245,True,VALID
260335.jpg,0,0.8460609316825867,True,VALID
260335.jpg,1,0.8153904676437378,True,VALID
260335.jpg,2,0.7670076489448547,True,VALID
260335.jpg,3,0.7540413737297058,True,VALID
190700.jpg,0,0.8655084371566772,True,VALID
190700.jpg,1,0.8337908387184143,True,VALID
190700.jpg,2,0.8234337568283081,True,VALID
190444.jpg,0,0.8714237213134766,True,VALID
190444.jpg,1,0.8542155623435974,True,VALID
260077.jpg,0,0.8069608807563782,True,VALID
260266.jpg,0,0.8482178449630737,True,VALID
260266.jpg,1,,,
260362.jpg,0,0.8478599190711975,True,VALID
260362.jpg,1,0.8373229503631592,True,VALID
260362.jpg,2,0.8276523351669312,True,VALID
240178.jpg,0,0.8130260705947876,True,VALID
240178.jpg,1,0.8083019852638245,True,VALID
240178.jpg,2,0.2970397174358368,False,VALID
230296.jpg,0,0.8326267004013062,True,VALID
200101.jpg,0,0.8381929993629456,True,VALID
220151.jpg,0,0.7114610075950623,True,VALID
240398.jpg,0,0.8224062323570251,True,VALID
240398.jpg,1,,,
190560.jpg,0,0.8779271245002747,True,VALID
190560.jpg,1,0.49538782238960266,True,FALSE_POSITIVE
190379.jpg,0,0.8485473990440369,True,VALID
220299.jpg,0,0.7877472639083862,True,VALID
200252.jpg,0,0.8625194430351257,True,VALID
200252.jpg,1,0.8371409773826599,True,VALID
210003.jpg,0,0.8554646968841553,True,VALID
210003.jpg,1,0.847152829170227,True,VALID
210003.jpg,2,0.8065251111984253,True,VALID
210003.jpg,3,0.7228727340698242,True,VALID
210003.jpg,4,,,
240028.jpg,0,0.8318892121315002,True,FALSE_POSITIVE
240028.jpg,1,0.7164897322654724,True,VALID
240204.jpg,0,0.7219863533973694,True,VALID
240204.jpg,1,0.3295770287513733,True,FALSE_POSITIVE
240204.jpg,2,,,
230437.jpg,0,0.846443235874176,True,VALID
230437.jpg,1,0.823756217956543,True,VALID
230437.jpg,2,0.7962409853935242,True,VALID
230437.jpg,3,0.5538663268089294,True,VALID
220189.jpg,0,0.7787346243858337,True,VALID
220189.jpg,1,0.7312012314796448,True,VALID
230082.jpg,0,0.8593085408210754,True,VALID
230104.jpg,0,0.7805218696594238,True,VALID
230104.jpg,1,0.7802512049674988,True,VALID
260236.jpg,0,0.866388738155365,True,VALID
240048.jpg,0,0.8376274108886719,True,VALID
240048.jpg,1,0.836189329624176,True,VALID
240048.jpg,2,0.8057658076286316,True,VALID
260241.jpg,0,0.7898962497711182,True,VALID
220195.jpg,0,0.7782788276672363,True,VALID
220195.jpg,1,0.7090442776679993,True,VALID
190679.jpg,0,0.8593758940696716,True,VALID
210034.jpg,0,0.7068600058555603,True,VALID
210034.jpg,1,0.6805040240287781,True,VALID
210034.jpg,2,0.5820286273956299,True,VALID
210421.jpg,0,0.8305315375328064,True,VALID
210421.jpg,1,0.8246719241142273,True,VALID
210421.jpg,2,0.7640923857688904,True,VALID
210421.jpg,3,0.5063652992248535,True,VALID
230205.jpg,0,0.8266153335571289,True,VALID
240329.jpg,0,0.8261465430259705,True,VALID
240243.jpg,0,0.8466841578483582,True,VALID
240468.jpg,0,0.8515846729278564,True,VALID
260149.jpg,0,0.8730856776237488,True,VALID
260149.jpg,1,0.8017714023590088,True,VALID
260295.jpg,0,0.8828620314598083,True,VALID
260295.jpg,1,0.8655381798744202,True,VALID
240340.jpg,0,0.8264387845993042,True,VALID
240340.jpg,1,0.7958673238754272,True,VALID
210221.jpg,0,0.8783737421035767,True,VALID
210225.jpg,0,0.843552827835083,True,VALID
210225.jpg,1,0.8224464654922485,True,VALID
210225.jpg,2,0.8188512921333313,True,VALID
210225.jpg,3,0.8086032867431641,True,VALID
210225.jpg,4,0.7661674618721008,True,VALID
210172.jpg,0,0.870749831199646,True,VALID
190690.jpg,0,0.8614209890365601,True,VALID
190690.jpg,1,0.8385850787162781,True,VALID
190690.jpg,2,0.2874164879322052,False,FALSE_POSITIVE
200085.jpg,0,0.8651015758514404,True,VALID
230196.jpg,0,0.8458179831504822,True,VALID
260352.jpg,0,0.8421940207481384,True,FALSE_POSITIVE
240202.jpg,0,0.8453238010406494,True,VALID
230322.jpg,0,0.8734749555587769,True,VALID
220158.jpg,0,0.8307003378868103,True,VALID
220158.jpg,1,0.7274130582809448,True,VALID
220372.jpg,0,0.8243213891983032,True,VALID
220372.jpg,1,0.8200913667678833,True,VALID
220372.jpg,2,0.8062410950660706,True,VALID
220372.jpg,3,0.8061054348945618,True,VALID
220372.jpg,4,0.6578611135482788,False,VALID
220372.jpg,5,,,
220372.jpg,6,,,
190031.jpg,0,0.8328115940093994,True,VALID
190031.jpg,1,0.7487227916717529,True,VALID
190031.jpg,2,0.6177365183830261,True,VALID
190460.jpg,0,0.8831420540809631,True,VALID
190460.jpg,1,0.7417876720428467,True,VALID
190460.jpg,2,,,
190587.jpg,0,0.87061607837677,True,VALID
190587.jpg,1,0.8646200895309448,True,VALID
190587.jpg,2,0.864126980304718,True,VALID
190587.jpg,3,0.8601910471916199,True,VALID
190587.jpg,4,0.8408949971199036,True,VALID
190587.jpg,5,0.8187298774719238,True,VALID
190587.jpg,6,0.792151153087616,True,VALID
190587.jpg,7,0.5059687495231628,False,FALSE_POSITIVE
190587.jpg,8,,,
240072.jpg,0,0.811055064201355,True,VALID
260061.jpg,0,0.8623223304748535,True,VALID
260215.jpg,0,0.8564577698707581,True,VALID
260423.jpg,0,0.8319556713104248,True,VALID
190295.jpg,0,0.8805046081542969,True,VALID
190295.jpg,1,0.8515818119049072,True,VALID
190295.jpg,2,0.8298613429069519,True,VALID
190295.jpg,3,0.8289521932601929,True,VALID
200203.jpg,0,0.8499950766563416,True,VALID
200203.jpg,1,0.7742331624031067,True,VALID
200203.jpg,2,0.7682476043701172,True,VALID
200226.jpg,0,0.8503565788269043,True,VALID
200226.jpg,1,0.8381443619728088,True,VALID
240098.jpg,0,0.8528305292129517,True,VALID
260161.jpg,0,0.8775778412818909,True,VALID
200223.jpg,0,0.6615029573440552,True,VALID
190026.jpg,0,0.8487243056297302,True,VALID
190026.jpg,1,,,
190501.jpg,0,0.8508704900741577,True,VALID
220030.jpg,0,0.8355092406272888,True,VALID
220030.jpg,1,0.8354911208152771,True,VALID
230230.jpg,0,0.8406168222427368,True,VALID
240127.jpg,0,0.8554815053939819,True,VALID
240442.jpg,0,0.8466587066650391,True,VALID
240442.jpg,1,0.7473417520523071,True,VALID
260142.jpg,0,0.8427162170410156,True,VALID
200132.jpg,0,0.8642021417617798,True,VALID
260189.jpg,0,0.8100492358207703,True,VALID
260485.jpg,0,0.7817243337631226,True,VALID
260485.jpg,1,0.7135217189788818,True,VALID
220145.jpg,0,0.7189739942550659,True,VALID
220145.jpg,1,0.681704044342041,True,VALID
220145.jpg,2,0.5819250345230103,False,FALSE_POSITIVE
220145.jpg,3,0.5649979114532471,True,VALID
220145.jpg,4,0.5065751075744629,True,VALID
220058.jpg,0,0.8356868624687195,True,VALID
240421.jpg,0,0.564932644367218,False,VALID
240421.jpg,1,,,
220140.jpg,0,0.7711076140403748,True,VALID
220140.jpg,1,0.7133198976516724,True,VALID
220140.jpg,2,0.6514661908149719,True,VALID
220140.jpg,3,0.6159515976905823,True,VALID
220140.jpg,4,0.6141307353973389,True,VALID
220140.jpg,5,0.5689643621444702,False,VALID
220140.jpg,6,0.4638424217700958,True,VALID
220256.jpg,0,0.8357859253883362,True,VALID
220256.jpg,1,0.7520609498023987,True,VALID
190093.jpg,0,0.8480802178382874,True,VALID
190093.jpg,1,,,
190093.jpg,2,,,
190332.jpg,0,0.8520702123641968,True,VALID
190332.jpg,1,0.8508884310722351,True,VALID
190332.jpg,2,0.830467700958252,True,VALID
190272.jpg,0,0.6962437629699707,True,VALID
200258.jpg,0,0.8262544870376587,True,VALID
200258.jpg,1,0.7920212745666504,True,VALID
200258.jpg,2,0.6057536005973816,True,VALID
200258.jpg,3,0.5780432820320129,False,VALID
200124.jpg,0,0.7786599397659302,True,VALID
230156.jpg,0,0.8563533425331116,True,VALID
230189.jpg,0,0.8604034185409546,True,VALID
230189.jpg,1,0.8339098691940308,True,VALID
240236.jpg,0,0.7413275837898254,True,FALSE_POSITIVE
240236.jpg,1,0.38671380281448364,True,FALSE_POSITIVE
220325.jpg,0,0.6935743093490601,True,VALID
220325.jpg,1,,,
260347.jpg,0,0.7677046656608582,True,VALID
260347.jpg,1,0.6852741837501526,True,VALID
260191.jpg,0,0.8592008948326111,True,VALID
260191.jpg,1,0.8578193783760071,True,VALID
260191.jpg,2,0.824418306350708,True,VALID
260191.jpg,3,0.5114657878875732,True,VALID
260191.jpg,4,,,
260193.jpg,0,0.8881365060806274,True,VALID
260193.jpg,1,0.8050416707992554,True,VALID
240496.jpg,0,0.8587160110473633,True,VALID
190014.jpg,0,0.8285503387451172,True,VALID
190014.jpg,1,0.8180302977561951,True,VALID
190014.jpg,2,0.8138681054115295,True,VALID
190014.jpg,3,0.4706632196903229,True,UNCERTAIN
220239.jpg,0,0.8398376107215881,True,VALID
220239.jpg,1,0.8118355870246887,True,VALID
220239.jpg,2,0.8023862242698669,True,VALID
220239.jpg,3,0.7977829575538635,True,VALID
220239.jpg,4,0.7877712845802307,True,VALID
240230.jpg,0,0.7666217088699341,True,VALID
240159.jpg,0,0.8212420344352722,True,VALID
230070.jpg,0,0.8350681066513062,True,VALID
230070.jpg,1,0.8342020511627197,True,VALID
230070.jpg,2,0.8253254890441895,True,VALID
230070.jpg,3,0.8160753846168518,True,VALID
230070.jpg,4,0.815155029296875,True,VALID
230070.jpg,5,0.7947744131088257,True,VALID
230070.jpg,6,0.7910525798797607,True,VALID
230070.jpg,7,0.6926127076148987,True,VALID
220191.jpg,0,0.8135110139846802,True,VALID
220191.jpg,1,0.8106681108474731,True,VALID
220191.jpg,2,0.6610270142555237,True,VALID
190201.jpg,0,0.865638256072998,True,VALID
190201.jpg,1,0.855981171131134,True,VALID
240074.jpg,0,0.8258309960365295,True,VALID
240074.jpg,1,0.8109114170074463,True,VALID
240074.jpg,2,0.5096104145050049,True,FALSE_POSITIVE
230087.jpg,0,0.8170886635780334,True,VALID
230087.jpg,1,0.8114814758300781,True,VALID
230087.jpg,2,0.7144625186920166,True,VALID
190489.jpg,0,0.8286541104316711,True,VALID
190489.jpg,1,0.37832048535346985,True,UNCERTAIN
190032.jpg,0,0.8815914392471313,True,VALID
190032.jpg,1,0.8630368113517761,True,VALID
190032.jpg,2,0.8502010107040405,True,VALID
190032.jpg,3,0.7527032494544983,True,VALID
240477.jpg,0,0.7697254419326782,True,VALID
210383.jpg,0,0.847543478012085,True,VALID
190397.jpg,0,0.8675596714019775,True,VALID
190397.jpg,1,0.8159069418907166,True,FALSE_POSITIVE
190526.jpg,0,0.8815246820449829,True,VALID
190526.jpg,1,0.8180066347122192,True,VALID
190554.jpg,0,0.8758203983306885,True,VALID
190554.jpg,1,0.8699994087219238,True,VALID
190554.jpg,2,0.8411861062049866,True,VALID
190554.jpg,3,0.7800418138504028,True,VALID
230158.jpg,0,0.7686816453933716,True,VALID
230158.jpg,1,0.6803790330886841,True,VALID
230389.jpg,0,0.8548124432563782,True,VALID
230389.jpg,1,0.8521334528923035,True,VALID
230389.jpg,2,0.8300012946128845,True,VALID
230389.jpg,3,0.8214945793151855,True,VALID
230389.jpg,4,0.526262104511261,False,UNCERTAIN
190549.jpg,0,0.8809276223182678,True,VALID
190549.jpg,1,0.7870652675628662,True,VALID
190549.jpg,2,,,
190328.jpg,0,0.8588370084762573,True,VALID
200267.jpg,0,0.8008664846420288,True,VALID
230102.jpg,0,0.7257441282272339,True,VALID
230192.jpg,0,0.858695924282074,True,FALSE_POSITIVE
260430.jpg,0,0.8463726043701172,True,VALID
200303.jpg,0,0.8432468771934509,True,VALID
200232.jpg,0,0.8656786680221558,True,VALID
200232.jpg,1,0.6149436235427856,True,VALID
230060.jpg,0,0.7990917563438416,True,VALID
200010.jpg,0,0.8594956398010254,True,VALID
260151.jpg,0,0.8324975967407227,True,VALID
260151.jpg,1,0.7751460671424866,True,VALID
260151.jpg,2,0.7376623153686523,True,VALID
260151.jpg,3,0.5493572354316711,True,VALID
260264.jpg,0,0.8522899150848389,True,VALID
260264.jpg,1,0.7006306648254395,True,VALID
190524.jpg,0,0.8809739351272583,True,VALID
230175.jpg,0,0.8547123074531555,True,VALID
190289.jpg,0,0.8741427063941956,True,VALID
190289.jpg,1,0.812070906162262,True,VALID
260210.jpg,0,0.8522105813026428,True,VALID
260210.jpg,1,0.5692768692970276,True,VALID
240058.jpg,0,0.7899137735366821,True,VALID
200187.jpg,0,0.8560882210731506,True,VALID
200187.jpg,1,0.8465573787689209,True,VALID
200187.jpg,2,0.8426328301429749,True,VALID
200235.jpg,0,0.8505312204360962,True,VALID
200235.jpg,1,0.8371237516403198,True,VALID
190160.jpg,0,0.7538030743598938,True,VALID
190288.jpg,0,0.8520287275314331,True,VALID
190288.jpg,1,0.809814989566803,True,VALID
200318.jpg,0,0.7997603416442871,True,VALID
200318.jpg,1,0.7919600009918213,True,VALID
200318.jpg,2,,,
240353.jpg,0,0.8477005362510681,True,VALID
230384.jpg,0,0.7109566926956177,True,VALID
230384.jpg,1,0.7037411332130432,True,VALID
210397.jpg,0,0.7078368067741394,True,VALID
240489.jpg,0,0.6255073547363281,True,VALID
240489.jpg,1,,,
260076.jpg,0,0.8682435750961304,True,VALID
260076.jpg,1,0.864520788192749,True,VALID
230140.jpg,0,0.8700191378593445,True,VALID
230140.jpg,1,0.79179447889328,True,VALID
230140.jpg,2,0.7210687398910522,True,VALID
230349.jpg,0,0.8577529788017273,True,VALID
230349.jpg,1,0.8505461812019348,True,VALID
230349.jpg,2,0.8432556986808777,True,VALID
230349.jpg,3,0.8299105763435364,True,VALID
190037.jpg,0,0.880124568939209,True,VALID
190085.jpg,0,0.8720245957374573,True,VALID
190387.jpg,0,0.8804258108139038,True,VALID
190387.jpg,1,0.857775092124939,True,VALID
190387.jpg,2,0.8390997052192688,True,VALID
190387.jpg,3,0.7629210352897644,True,VALID
190387.jpg,4,0.35448119044303894,True,FALSE_POSITIVE
190164.jpg,0,0.8786112070083618,True,VALID
190164.jpg,1,0.5798430442810059,True,FALSE_POSITIVE
220017.jpg,0,0.8150604367256165,True,VALID
220017.jpg,1,0.6638064384460449,True,FALSE_POSITIVE
260489.jpg,0,0.8702285289764404,True,VALID
260489.jpg,1,0.8638227581977844,True,VALID
260489.jpg,2,0.7429207563400269,True,VALID
240258.jpg,0,0.832207441329956,True,VALID
240258.jpg,1,,,
260011.jpg,0,0.8293153643608093,True,VALID
190019.jpg,0,0.8872296214103699,True,VALID
190375.jpg,0,0.8711150288581848,True,VALID
190375.jpg,1,0.7879320383071899,True,VALID
190712.jpg,0,0.8678462505340576,True,VALID
190712.jpg,1,0.8634251356124878,True,VALID
240417.jpg,0,0.8590326309204102,True,VALID
230350.jpg,0,0.7543251514434814,True,VALID
190017.jpg,0,0.8731797337532043,True,VALID
190017.jpg,1,0.8714218139648438,True,VALID
190017.jpg,2,0.8257322311401367,True,VALID
190017.jpg,3,0.7486366629600525,True,VALID
200139.jpg,0,0.868485689163208,True,VALID
200139.jpg,1,0.8329883813858032,True,VALID
200139.jpg,2,0.8286356925964355,True,VALID
200139.jpg,3,0.8159556984901428,True,VALID
200139.jpg,4,0.7293155789375305,True,VALID
200139.jpg,5,,,
230403.jpg,0,0.8209310173988342,True,VALID
230403.jpg,1,0.6982539296150208,True,VALID
190280.jpg,0,0.8720331788063049,True,VALID
190280.jpg,1,0.8666426539421082,True,VALID
190280.jpg,2,0.8589712977409363,True,VALID
190280.jpg,3,0.8579719662666321,True,VALID
190280.jpg,4,0.8496417999267578,True,VALID
190280.jpg,5,0.8213635683059692,True,VALID
190280.jpg,6,0.8213328719139099,True,VALID
190280.jpg,7,0.8148157000541687,True,VALID
190280.jpg,8,,,
210123.jpg,0,0.8452405333518982,True,VALID
210123.jpg,1,0.7941988706588745,True,VALID
210123.jpg,2,0.722334086894989,True,FALSE_POSITIVE
210123.jpg,3,0.5424887537956238,False,VALID
210123.jpg,4,,,
210123.jpg,5,,,
260257.jpg,0,,,
240401.jpg,0,0.8369573950767517,True,VALID
190376.jpg,0,0.8703170418739319,True,VALID
190376.jpg,1,0.8659875392913818,True,VALID
190376.jpg,2,0.8599840998649597,True,VALID
220265.jpg,0,0.8393487930297852,True,VALID
220265.jpg,1,0.8092933297157288,True,VALID
230264.jpg,0,0.8410621881484985,True,VALID
200045.jpg,0,0.8064225912094116,True,VALID
200045.jpg,1,0.7978530526161194,True,VALID
200045.jpg,2,0.5775928497314453,True,FALSE_POSITIVE
220258.jpg,0,0.8199546337127686,True,VALID
220258.jpg,1,0.6570912003517151,True,VALID
190123.jpg,0,0.8583450317382812,True,VALID
190123.jpg,1,0.8557018041610718,True,VALID
190123.jpg,2,0.8495040535926819,True,VALID
190123.jpg,3,0.8486454486846924,True,VALID
190123.jpg,4,0.8163013458251953,True,VALID
190123.jpg,5,0.37445566058158875,False,FALSE_POSITIVE
190123.jpg,6,0.3732917606830597,False,FALSE_POSITIVE
240257.jpg,0,0.8398619294166565,True,VALID
240257.jpg,1,0.8296152353286743,True,VALID
240257.jpg,2,0.807666540145874,True,VALID
240257.jpg,3,,,
190733.jpg,0,0.8589730262756348,True,VALID
190341.jpg,0,0.7602413296699524,True,VALID
190341.jpg,1,,,
220215.jpg,0,0.8402931690216064,True,VALID
260099.jpg,0,0.8422208428382874,True,VALID
260099.jpg,1,0.5599552989006042,True,VALID
190154.jpg,0,0.8516000509262085,True,VALID
190154.jpg,1,0.8335251808166504,True,VALID
220204.jpg,0,0.8271182775497437,True,VALID
220204.jpg,1,0.6934638619422913,True,VALID
220204.jpg,2,0.6447112560272217,False,VALID
220204.jpg,3,,,
220204.jpg,4,,,
210182.jpg,0,0.8393814563751221,True,VALID
220247.jpg,0,0.8638129830360413,True,VALID
220262.jpg,0,0.8620665073394775,True,VALID
220262.jpg,1,0.7600811719894409,True,VALID
220262.jpg,2,0.7056736946105957,False,VALID
220262.jpg,3,0.3000086545944214,False,FALSE_POSITIVE
220262.jpg,4,,,
220262.jpg,5,,,
220262.jpg,6,,,
260330.jpg,0,0.8693057894706726,True,VALID
260330.jpg,1,0.8458717465400696,True,VALID
200039.jpg,0,0.5972471237182617,True,FALSE_POSITIVE
210051.jpg,0,0.7772833108901978,True,VALID
190235.jpg,0,0.8246225118637085,True,VALID
190235.jpg,1,0.7771256566047668,True,VALID
190235.jpg,2,0.6567115783691406,True,VALID
190342.jpg,0,0.8800652623176575,True,VALID
190342.jpg,1,0.8705388307571411,True,VALID
190342.jpg,2,0.8555005192756653,True,VALID
200106.jpg,0,0.7406811714172363,True,VALID
240221.jpg,0,0.8469932079315186,True,VALID
240221.jpg,1,0.8160848617553711,True,VALID
240221.jpg,2,0.7692634463310242,True,VALID
240221.jpg,3,,,
230008.jpg,0,0.8486098647117615,True,VALID
230008.jpg,1,0.8423203825950623,True,VALID
230008.jpg,2,0.8315185904502869,True,VALID
240271.jpg,0,0.8400428891181946,True,VALID
200138.jpg,0,0.8380184173583984,True,VALID
260115.jpg,0,0.8660106062889099,True,VALID
240141.jpg,0,0.8434674739837646,True,VALID
240141.jpg,1,0.8033148646354675,True,VALID
190574.jpg,0,0.8739511370658875,True,VALID
220283.jpg,0,0.8094699382781982,True,VALID
220283.jpg,1,0.5948652625083923,True,VALID
220283.jpg,2,0.5847930908203125,True,VALID
260509.jpg,0,0.8256834149360657,True,VALID
230343.jpg,0,0.8365597724914551,True,VALID
230343.jpg,1,0.7948195338249207,True,VALID
230381.jpg,0,0.857475757598877,True,VALID
230381.jpg,1,0.5885245203971863,False,UNCERTAIN
210277.jpg,0,0.8161779642105103,True,VALID
220226.jpg,0,0.8145739436149597,True,VALID
220226.jpg,1,0.7517499923706055,True,VALID
220226.jpg,2,0.7106698751449585,True,VALID
220226.jpg,3,0.7041977047920227,True,VALID
220226.jpg,4,,,
190176.jpg,0,0.8583425283432007,True,VALID
190176.jpg,1,0.8282427191734314,True,VALID
190176.jpg,2,,,
260285.jpg,0,0.7748528122901917,True,VALID
260285.jpg,1,0.7196051478385925,True,VALID
260285.jpg,2,0.5034281611442566,True,VALID
260285.jpg,3,,,
210428.jpg,0,0.8141723275184631,True,VALID
210428.jpg,1,0.76688152551651,True,VALID
210428.jpg,2,0.7603461742401123,True,VALID
210428.jpg,3,0.7170265913009644,True,VALID
210428.jpg,4,0.6730180978775024,True,VALID
210428.jpg,5,0.524629533290863,True,UNCERTAIN
210078.jpg,0,0.8221879601478577,True,VALID
210115.jpg,0,0.8418813943862915,True,VALID
210115.jpg,1,0.841099202632904,True,VALID
210115.jpg,2,0.839389443397522,True,VALID
210115.jpg,3,0.8277440071105957,True,VALID
240123.jpg,0,0.6083621978759766,True,VALID
200079.jpg,0,0.8221480250358582,True,VALID
190147.jpg,0,0.8795440196990967,True,VALID
190147.jpg,1,0.8673134446144104,True,VALID
190147.jpg,2,0.8571017384529114,True,VALID
220125.jpg,0,0.8267676830291748,True,VALID
220253.jpg,0,0.8314759731292725,True,VALID
220253.jpg,1,0.6616880893707275,True,VALID
210274.jpg,0,0.8268142938613892,True,VALID
260125.jpg,0,0.8325130343437195,True,VALID
260125.jpg,1,0.8309135437011719,True,VALID
260394.jpg,0,0.8112937808036804,True,VALID
260394.jpg,1,0.41210344433784485,True,VALID
230096.jpg,0,0.8386863470077515,True,VALID
240438.jpg,0,0.7724924087524414,True,VALID
240438.jpg,1,0.6676889657974243,True,VALID
240012.jpg,0,0.8154690861701965,True,VALID
190464.jpg,0,0.8476044535636902,True,VALID
190464.jpg,1,0.8279420733451843,True,VALID
190464.jpg,2,0.8022059202194214,True,VALID
190464.jpg,3,0.6972792744636536,True,VALID
190464.jpg,4,0.6737388372421265,True,VALID
210382.jpg,0,0.6400309801101685,True,FALSE_POSITIVE
230063.jpg,0,0.8163102865219116,True,VALID
230063.jpg,1,0.7596246004104614,True,VALID
230063.jpg,2,0.6598314642906189,True,VALID
260271.jpg,0,0.8657206296920776,True,VALID
260271.jpg,1,0.8558799028396606,True,VALID
260271.jpg,2,0.8551530838012695,True,VALID
260271.jpg,3,0.8318233489990234,True,VALID
260271.jpg,4,0.7369943857192993,True,VALID
200070.jpg,0,0.8553544878959656,True,VALID
200070.jpg,1,0.8455875515937805,True,VALID
200070.jpg,2,0.7998071908950806,True,VALID
200070.jpg,3,0.7859268188476562,True,VALID
260106.jpg,0,0.8409270644187927,True,VALID
200052.jpg,0,0.845420241355896,True,VALID
200052.jpg,1,0.8270343542098999,True,VALID
190281.jpg,0,0.863373339176178,True,VALID
190281.jpg,1,0.8536251783370972,True,VALID
190281.jpg,2,0.8415850400924683,True,VALID
190281.jpg,3,0.619367241859436,True,VALID
190584.jpg,0,0.8665773868560791,True,VALID
190584.jpg,1,0.8588802814483643,True,VALID
210124.jpg,0,0.8451530337333679,True,VALID
190322.jpg,0,0.6944603323936462,True,VALID
200153.jpg,0,0.8579654693603516,True,VALID
200153.jpg,1,0.8557300567626953,True,VALID
200153.jpg,2,0.812464714050293,True,VALID
190449.jpg,0,0.8712697625160217,True,VALID
190449.jpg,1,0.8202179670333862,True,FALSE_POSITIVE
230065.jpg,0,0.8612567186355591,True,VALID
230065.jpg,1,0.8347652554512024,True,VALID
210199.jpg,0,0.8701846599578857,True,VALID
190068.jpg,0,0.8661447763442993,True,VALID
190068.jpg,1,0.498944491147995,True,FALSE_POSITIVE
190502.jpg,0,0.8273897767066956,True,VALID
190502.jpg,1,0.7033431529998779,True,VALID
210174.jpg,0,0.8289363384246826,True,VALID
210174.jpg,1,0.8212705850601196,True,FALSE_POSITIVE
210174.jpg,2,0.7182205319404602,False,VALID
210174.jpg,3,0.2952200770378113,True,VALID
210174.jpg,4,,,
230373.jpg,0,0.8559603095054626,True,VALID
240161.jpg,0,0.7546850442886353,True,VALID
230424.jpg,0,0.8342663049697876,True,VALID
230424.jpg,1,0.7435364723205566,True,VALID
230424.jpg,2,0.7367894053459167,True,VALID
230424.jpg,3,0.43567731976509094,True,VALID
190422.jpg,0,0.8740857839584351,True,VALID
190422.jpg,1,0.8625990152359009,True,VALID
190695.jpg,0,0.8744549751281738,True,VALID
230379.jpg,0,0.8419767618179321,True,VALID
260317.jpg,0,0.8689981698989868,True,VALID
260317.jpg,1,0.8563492298126221,True,VALID
260317.jpg,2,0.8461244106292725,True,VALID
260317.jpg,3,0.8381487131118774,True,VALID
260404.jpg,0,0.7222885489463806,True,VALID
240240.jpg,0,0.4558499753475189,True,FALSE_POSITIVE
240240.jpg,1,,,
260109.jpg,0,0.8737897872924805,True,VALID
240352.jpg,0,0.8438969850540161,True,VALID
240352.jpg,1,0.8185956478118896,True,VALID
240352.jpg,2,0.6265763640403748,True,FALSE_POSITIVE
240352.jpg,3,0.31256598234176636,False,FALSE_POSITIVE
240352.jpg,4,,,
190592.jpg,0,0.7688828706741333,True,VALID
190592.jpg,1,0.7540608644485474,True,VALID
190592.jpg,2,0.6705408096313477,True,VALID
210188.jpg,0,0.841225802898407,True,VALID
210188.jpg,1,0.8249437808990479,True,VALID
210135.jpg,0,0.8483778238296509,True,VALID
210135.jpg,1,0.8446145057678223,True,VALID
210135.jpg,2,0.8254949450492859,True,VALID
210135.jpg,3,0.782361626625061,True,VALID
210135.jpg,4,0.7815501689910889,True,VALID
210135.jpg,5,,,
230174.jpg,0,0.7153377532958984,True,VALID
230174.jpg,1,0.6661774516105652,True,VALID
230174.jpg,2,0.4812840521335602,False,UNCERTAIN
240188.jpg,0,0.7950059771537781,True,VALID
240188.jpg,1,0.3936936557292938,False,FALSE_POSITIVE
240188.jpg,2,,,
230305.jpg,0,0.8154213428497314,True,VALID
220255.jpg,0,0.8363852500915527,True,VALID
220255.jpg,1,0.8038386702537537,True,VALID
220255.jpg,2,0.7912895679473877,True,VALID
220255.jpg,3,0.6549410223960876,True,VALID
240461.jpg,0,0.8132590055465698,True,VALID
200155.jpg,0,0.8533759713172913,True,VALID
200155.jpg,1,0.8261622190475464,True,VALID
200155.jpg,2,0.8151865005493164,True,VALID
200155.jpg,3,0.7221274375915527,True,VALID
220366.jpg,0,0.7687216401100159,True,UNCERTAIN
240182.jpg,0,0.8501430749893188,True,VALID
240182.jpg,1,0.8496025800704956,True,VALID
260472.jpg,0,0.8598904609680176,True,VALID
260472.jpg,1,0.8085541129112244,True,VALID
190755.jpg,0,0.8614009022712708,True,VALID
190755.jpg,1,0.7712835669517517,True,VALID
230252.jpg,0,0.8163533806800842,True,VALID
230093.jpg,0,0.8731435537338257,True,VALID
190602.jpg,0,0.8581324815750122,True,VALID
190602.jpg,1,0.8490688800811768,True,VALID
190602.jpg,2,0.8116445541381836,True,VALID
200236.jpg,0,0.8482071757316589,True,VALID
240154.jpg,0,0.8557524085044861,True,VALID
240154.jpg,1,,,
240089.jpg,0,0.8365358114242554,True,VALID
240089.jpg,1,,,
230098.jpg,0,0.8303530216217041,True,VALID
230098.jpg,1,0.8014492988586426,True,VALID
260280.jpg,0,0.8653899431228638,True,VALID
260280.jpg,1,0.8645730018615723,True,VALID
220045.jpg,0,0.8417208790779114,True,VALID
220045.jpg,1,0.6765666604042053,True,VALID
220045.jpg,2,,,
260452.jpg,0,0.8144955635070801,True,VALID
260452.jpg,1,0.7695778012275696,True,VALID
260452.jpg,2,0.7188001275062561,True,VALID
230109.jpg,0,0.821418046951294,True,VALID
230109.jpg,1,0.7575047016143799,True,VALID
230109.jpg,2,0.7428706288337708,True,VALID
230109.jpg,3,0.7414494156837463,True,VALID
230048.jpg,0,0.8596900701522827,True,VALID
230048.jpg,1,0.7849580645561218,True,VALID
230048.jpg,2,0.7767072916030884,True,VALID
230048.jpg,3,0.409234881401062,True,VALID
230048.jpg,4,,,
230048.jpg,5,,,
230420.jpg,0,0.8455491662025452,True,VALID
230420.jpg,1,0.30158093571662903,False,FALSE_POSITIVE
210183.jpg,0,0.8268353939056396,True,VALID
190374.jpg,0,0.8810495138168335,True,VALID
230290.jpg,0,0.8535555005073547,True,VALID
230290.jpg,1,0.7678908109664917,True,VALID
190551.jpg,0,0.8800527453422546,True,VALID
190551.jpg,1,0.8558474183082581,True,VALID
190551.jpg,2,0.843130350112915,True,VALID
190551.jpg,3,0.8409534096717834,True,VALID
260432.jpg,0,0.8366208076477051,True,FALSE_POSITIVE
200006.jpg,0,0.8535686135292053,True,VALID
190455.jpg,0,0.828763484954834,True,VALID
190260.jpg,0,0.8795719742774963,True,VALID
190260.jpg,1,0.8721122741699219,True,VALID
190045.jpg,0,0.8309376239776611,True,VALID
190045.jpg,1,0.687634289264679,True,VALID
190064.jpg,0,0.8457289934158325,True,VALID
190064.jpg,1,0.8332722783088684,True,VALID
200015.jpg,0,0.8080824613571167,True,VALID
190320.jpg,0,0.8588442206382751,True,VALID
190320.jpg,1,0.8470526337623596,True,VALID
190320.jpg,2,0.8280529975891113,True,VALID
190320.jpg,3,0.8260816335678101,True,VALID
190320.jpg,4,0.8166307210922241,True,VALID
220055.jpg,0,0.8641451001167297,True,VALID
220055.jpg,1,0.8099277019500732,True,VALID
220055.jpg,2,0.615752100944519,True,VALID
220055.jpg,3,,,
260259.jpg,0,0.8497377634048462,True,VALID
190271.jpg,0,0.8758747577667236,True,VALID
190271.jpg,1,0.8079294562339783,True,VALID
240296.jpg,0,0.8432061672210693,True,VALID
240296.jpg,1,0.8286503553390503,True,VALID
230114.jpg,0,0.8662197589874268,True,VALID
230114.jpg,1,0.8485844135284424,True,VALID
230114.jpg,2,0.8477665185928345,True,VALID
230114.jpg,3,0.8277960419654846,True,VALID
190817.jpg,0,0.8769416213035583,True,VALID
190817.jpg,1,0.8606999516487122,True,VALID
190817.jpg,2,0.7351883053779602,True,VALID
190817.jpg,3,0.3358677625656128,True,FALSE_POSITIVE
230254.jpg,0,0.8467987775802612,True,VALID
230254.jpg,1,0.5633657574653625,True,UNCERTAIN
200013.jpg,0,0.8602331280708313,True,VALID
230072.jpg,0,0.8654496669769287,True,VALID
230072.jpg,1,0.8517836928367615,True,VALID
210322.jpg,0,0.8679587841033936,True,VALID
190046.jpg,0,0.8709778189659119,True,VALID
190046.jpg,1,0.8542137742042542,True,VALID
190046.jpg,2,0.837909460067749,True,VALID
190046.jpg,3,0.6654666066169739,True,VALID
210007.jpg,0,0.8509007096290588,True,VALID
210007.jpg,1,0.8356909155845642,True,VALID
210007.jpg,2,0.8045234680175781,True,VALID
210007.jpg,3,0.8029219508171082,True,VALID
210007.jpg,4,0.7782542705535889,True,VALID
210007.jpg,5,0.3175368309020996,True,FALSE_POSITIVE
240379.jpg,0,0.8346772193908691,True,VALID
240379.jpg,1,0.8339372277259827,True,VALID
210327.jpg,0,0.862089216709137,True,VALID
210327.jpg,1,0.8406349420547485,True,VALID
210327.jpg,2,0.8355188965797424,True,VALID
210327.jpg,3,0.7148456573486328,True,VALID
230265.jpg,0,0.8610914349555969,True,VALID
230265.jpg,1,0.8424860239028931,True,VALID
230265.jpg,2,0.7846598625183105,True,VALID
230265.jpg,3,0.7347095608711243,True,VALID
190140.jpg,0,0.8727146983146667,True,VALID
220104.jpg,0,0.7750850319862366,True,VALID
240478.jpg,0,0.77900630235672,True,VALID
240478.jpg,1,,,
220321.jpg,0,0.856703519821167,True,VALID
240414.jpg,0,0.7744888067245483,True,VALID
240414.jpg,1,0.7219491004943848,True,VALID
240414.jpg,2,,,
240326.jpg,0,0.7957055568695068,True,VALID
240326.jpg,1,0.7528979182243347,True,VALID
240326.jpg,2,0.7238601446151733,True,VALID
240326.jpg,3,0.4167874753475189,True,VALID
210130.jpg,0,0.8443325757980347,True,VALID
210130.jpg,1,0.8255584239959717,False,VALID
210130.jpg,2,0.8209835290908813,True,VALID
210130.jpg,3,0.5636338591575623,True,VALID
210130.jpg,4,0.46710672974586487,False,FALSE_POSITIVE
210130.jpg,5,,,
210130.jpg,6,,,
230137.jpg,0,0.8474653959274292,True,VALID
240107.jpg,0,0.8444051742553711,True,VALID
240107.jpg,1,0.47764328122138977,False,VALID
190659.jpg,0,0.8767508268356323,True,VALID
200166.jpg,0,0.8271695971488953,True,VALID
200166.jpg,1,0.8074557781219482,True,VALID
200166.jpg,2,,,
190638.jpg,0,0.8709287643432617,True,VALID
190638.jpg,1,0.8662964701652527,True,VALID
190638.jpg,2,0.8659829497337341,True,VALID
190638.jpg,3,0.7309573292732239,True,VALID
190638.jpg,4,0.6830545663833618,True,VALID
190638.jpg,5,0.6067841649055481,True,VALID
200195.jpg,0,0.7960683703422546,True,VALID
200195.jpg,1,0.7272178530693054,True,VALID
240383.jpg,0,0.8587563037872314,True,VALID
240383.jpg,1,0.7869558930397034,True,VALID
240383.jpg,2,0.6702001094818115,True,VALID
240435.jpg,0,0.8372520208358765,True,VALID
240435.jpg,1,,,
190149.jpg,0,0.8731090426445007,True,VALID
190149.jpg,1,0.8668885827064514,True,VALID
190149.jpg,2,0.8020294308662415,True,VALID
190149.jpg,3,0.7822490334510803,True,VALID
190149.jpg,4,0.7706859707832336,True,VALID
220210.jpg,0,0.7189065217971802,True,VALID
200227.jpg,0,0.8663785457611084,True,VALID
190187.jpg,0,0.8716431260108948,True,VALID
190187.jpg,1,0.8657652139663696,True,VALID
190187.jpg,2,0.8045419454574585,True,VALID
190187.jpg,3,0.7941463589668274,True,VALID
190187.jpg,4,0.6319949626922607,True,VALID
190187.jpg,5,0.5136227011680603,True,FALSE_POSITIVE
190187.jpg,6,0.4246964752674103,True,FALSE_POSITIVE
190318.jpg,0,0.8655335903167725,True,VALID
190318.jpg,1,0.8241739273071289,True,VALID
190318.jpg,2,0.8045899271965027,True,VALID
190318.jpg,3,0.7673563361167908,True,VALID
190318.jpg,4,0.7557679414749146,True,VALID
260391.jpg,0,0.8404756188392639,True,VALID
260391.jpg,1,0.821254551410675,True,VALID
260003.jpg,0,0.8645975589752197,True,VALID
260003.jpg,1,0.8618037104606628,True,VALID
240146.jpg,0,0.8010554909706116,True,VALID
240146.jpg,1,0.7409843802452087,True,VALID
230385.jpg,0,0.8618417978286743,True,VALID
240375.jpg,0,0.6579517126083374,False,VALID
240375.jpg,1,,,
200092.jpg,0,0.8634936213493347,True,VALID
200092.jpg,1,0.5168434977531433,True,FALSE_POSITIVE
200092.jpg,2,,,
200157.jpg,0,0.8527132272720337,True,VALID
200157.jpg,1,0.7906460762023926,True,VALID
200157.jpg,2,0.618741512298584,True,VALID
190071.jpg,0,0.8246774077415466,True,VALID
190071.jpg,1,0.8235124945640564,True,VALID
190071.jpg,2,0.8081591725349426,True,VALID
190071.jpg,3,0.802851676940918,True,VALID
190071.jpg,4,0.7522540092468262,True,VALID
190071.jpg,5,0.7317296862602234,False,VALID
190071.jpg,6,0.5904421806335449,True,VALID
190071.jpg,7,0.5877653956413269,True,VALID
190071.jpg,8,,,
190071.jpg,9,,,
190071.jpg,10,,,
260315.jpg,0,0.8421269655227661,True,VALID
260315.jpg,1,0.6566674709320068,True,VALID
230194.jpg,0,0.8646034002304077,True,VALID
230194.jpg,1,0.8154405355453491,True,VALID
230194.jpg,2,0.8116689324378967,True,VALID
230194.jpg,3,0.7176991105079651,True,VALID
230181.jpg,0,0.8512455821037292,True,VALID
230181.jpg,1,0.7959951162338257,True,VALID
230181.jpg,2,0.7352243065834045,True,VALID
190542.jpg,0,0.860366940498352,True,VALID
190542.jpg,1,0.8251407742500305,True,VALID
210402.jpg,0,0.7970096468925476,True,VALID
210402.jpg,1,0.7809171676635742,True,VALID
210402.jpg,2,0.6636836528778076,True,VALID
210402.jpg,3,0.6325107216835022,True,VALID
210402.jpg,4,,,
210017.jpg,0,0.8568257689476013,True,VALID
210017.jpg,1,0.8490501046180725,True,VALID
220300.jpg,0,0.8453680872917175,True,VALID
220300.jpg,1,0.8158301711082458,False,VALID
220300.jpg,2,,,
220300.jpg,3,,,
210036.jpg,0,0.8284990191459656,True,VALID
210036.jpg,1,0.8249365091323853,True,VALID
260145.jpg,0,0.8363747596740723,True,VALID
260145.jpg,1,,,
260180.jpg,0,0.8179384469985962,False,VALID
260180.jpg,1,0.7637954950332642,True,VALID
260180.jpg,2,0.6418094038963318,True,VALID
260180.jpg,3,,,
260180.jpg,4,,,
260180.jpg,5,,,
260180.jpg,6,,,
260180.jpg,7,,,
220035.jpg,0,0.8582333326339722,True,VALID
220035.jpg,1,0.8011839985847473,True,VALID
260382.jpg,0,0.8421555757522583,True,VALID
190190.jpg,0,0.8685752749443054,True,VALID
190190.jpg,1,0.8225231170654297,True,VALID
190190.jpg,2,0.8208960890769958,True,VALID
190190.jpg,3,0.7815825939178467,True,VALID
190190.jpg,4,0.7653717994689941,True,VALID
190190.jpg,5,0.7643964886665344,True,VALID
190190.jpg,6,0.6481704115867615,True,VALID
190190.jpg,7,,,
260200.jpg,0,0.8713395595550537,True,VALID
260200.jpg,1,0.7381315231323242,True,VALID
210307.jpg,0,0.7772231101989746,True,VALID
210307.jpg,1,0.6599275469779968,True,VALID
190259.jpg,0,0.8736222982406616,True,VALID
190259.jpg,1,0.4084443747997284,True,FALSE_POSITIVE
230395.jpg,0,0.8432747721672058,True,VALID
230395.jpg,1,0.773160994052887,True,VALID
210073.jpg,0,0.8631142973899841,True,VALID
230375.jpg,0,0.8590158224105835,True,VALID
230375.jpg,1,0.8351247310638428,True,VALID
240274.jpg,0,0.8008910417556763,True,VALID
240274.jpg,1,0.7943449020385742,True,VALID
220254.jpg,0,0.8318347334861755,True,VALID
220254.jpg,1,0.7421411275863647,True,VALID
220254.jpg,2,0.6455717086791992,True,VALID
220254.jpg,3,0.6056499481201172,True,VALID
220254.jpg,4,0.47972720861434937,True,VALID
220254.jpg,5,0.33570677042007446,True,VALID
190208.jpg,0,0.879871129989624,True,VALID
190208.jpg,1,0.8324421644210815,True,VALID
190208.jpg,2,0.7920925617218018,True,VALID
190208.jpg,3,0.5200833678245544,True,VALID
200253.jpg,0,0.8636819124221802,True,VALID
200253.jpg,1,0.862632155418396,True,VALID
200253.jpg,2,0.8524761199951172,True,VALID
210409.jpg,0,0.8608384132385254,True,VALID
220160.jpg,0,0.830610990524292,True,VALID
220160.jpg,1,0.8260465264320374,True,VALID
220160.jpg,2,0.8024143576622009,True,VALID
220160.jpg,3,0.7432761192321777,True,VALID
220160.jpg,4,0.5511848330497742,True,VALID
220160.jpg,5,0.3903961777687073,True,VALID
220160.jpg,6,,,
220160.jpg,7,,,
260255.jpg,0,0.841878354549408,True,VALID
260255.jpg,1,0.8115137815475464,True,VALID
190652.jpg,0,0.8797206282615662,True,VALID
190652.jpg,1,,,
230090.jpg,0,0.8255159854888916,True,VALID
190133.jpg,0,0.8659292459487915,True,VALID
190133.jpg,1,0.8460903167724609,True,VALID
190133.jpg,2,0.8296268582344055,True,VALID
190133.jpg,3,0.8289059996604919,True,VALID
200082.jpg,0,0.8216627240180969,True,VALID
200082.jpg,1,0.7918113470077515,True,VALID
190753.jpg,0,0.8701423406600952,True,VALID
230162.jpg,0,0.8626895546913147,True,VALID
230162.jpg,1,0.844963788986206,True,VALID
230162.jpg,2,0.8375478386878967,True,VALID
230162.jpg,3,0.5476305484771729,True,VALID
260521.jpg,0,0.8016715049743652,True,VALID
210300.jpg,0,0.8036640882492065,True,VALID
210300.jpg,1,0.5886320471763611,True,VALID
210300.jpg,2,0.5504120588302612,True,VALID
210300.jpg,3,,,
210143.jpg,0,0.8661141395568848,True,VALID
220375.jpg,0,0.864776074886322,True,VALID
220375.jpg,1,0.8177037239074707,True,VALID
210175.jpg,0,0.8322271704673767,True,VALID
210175.jpg,1,0.29138004779815674,True,VALID
200183.jpg,0,0.8555063605308533,True,VALID
200218.jpg,0,0.8453519344329834,True,VALID
200218.jpg,1,0.7882090210914612,True,VALID
210144.jpg,0,0.7067204713821411,True,VALID
210144.jpg,1,,,
210144.jpg,2,,,
190749.jpg,0,0.865935206413269,True,VALID
190749.jpg,1,0.8158352971076965,True,VALID
190749.jpg,2,0.8063786625862122,True,VALID
190749.jpg,3,0.7578381299972534,True,VALID
260304.jpg,0,0.8348219394683838,True,VALID
260304.jpg,1,0.5378227233886719,False,FALSE_POSITIVE
260304.jpg,2,,,
190661.jpg,0,0.8633773326873779,True,VALID
190661.jpg,1,0.853449821472168,True,VALID
190661.jpg,2,0.8229209780693054,True,VALID
200059.jpg,0,0.8274744153022766,True,VALID
200059.jpg,1,0.8255467414855957,True,VALID
200059.jpg,2,0.8044432401657104,True,VALID
190214.jpg,0,0.8681726455688477,True,VALID
220241.jpg,0,0.8270615339279175,True,VALID
220241.jpg,1,0.7950169444084167,True,VALID
220241.jpg,2,,,
260376.jpg,0,0.8583589196205139,True,VALID
260376.jpg,1,0.8121172189712524,True,VALID
210027.jpg,0,0.7459783554077148,True,VALID
190488.jpg,0,0.8799628019332886,True,VALID
190488.jpg,1,0.8289216160774231,True,VALID
240155.jpg,0,0.8212361931800842,True,VALID
240155.jpg,1,0.7893286943435669,True,VALID
240155.jpg,2,0.7080475687980652,True,VALID
240377.jpg,0,0.8274100422859192,True,VALID
240377.jpg,1,0.450982004404068,True,VALID
240377.jpg,2,0.42384225130081177,True,VALID
220290.jpg,0,0.8128117322921753,True,VALID
220290.jpg,1,0.7565487623214722,True,VALID
220290.jpg,2,,,
190543.jpg,0,0.8843916654586792,True,VALID
190543.jpg,1,0.8627570867538452,True,VALID
190057.jpg,0,0.863760232925415,True,VALID
190057.jpg,1,0.8496938943862915,True,VALID
190316.jpg,0,0.8868981003761292,True,VALID
190442.jpg,0,0.846483051776886,True,VALID
190442.jpg,1,0.8434220552444458,True,VALID
190442.jpg,2,,,
190445.jpg,0,0.8332416415214539,True,VALID
190445.jpg,1,0.8060286641120911,True,VALID
210417.jpg,0,0.8536596894264221,True,VALID
210417.jpg,1,0.8281834721565247,True,VALID
190310.jpg,0,0.8007352352142334,True,VALID
260398.jpg,0,0.825762152671814,True,VALID
240144.jpg,0,0.7974064946174622,True,VALID
240140.jpg,0,0.7857357859611511,True,VALID
240140.jpg,1,0.4007303714752197,False,FALSE_POSITIVE
240140.jpg,2,,,
240140.jpg,3,,,
260112.jpg,0,0.8169898986816406,True,VALID
260112.jpg,1,0.7546619176864624,True,VALID
260112.jpg,2,0.5301511287689209,True,VALID
190069.jpg,0,0.7982445359230042,True,VALID
190069.jpg,1,0.771910548210144,True,VALID
190069.jpg,2,0.7544327974319458,True,VALID
190069.jpg,3,0.7402820587158203,True,VALID
190069.jpg,4,0.6614365577697754,True,VALID
190069.jpg,5,0.6547936201095581,True,VALID
190069.jpg,6,0.6285216212272644,True,VALID
190069.jpg,7,0.5811052918434143,False,VALID
190069.jpg,8,0.5610803365707397,True,VALID
190069.jpg,9,0.38963136076927185,False,VALID
190069.jpg,10,,,
220345.jpg,0,0.8369906544685364,True,VALID
220345.jpg,1,0.6409414410591125,True,UNCERTAIN
220345.jpg,2,0.5688778162002563,True,VALID
200110.jpg,0,0.8629893064498901,True,VALID
210273.jpg,0,0.7873521447181702,True,VALID
210273.jpg,1,0.7158653140068054,True,VALID
230269.jpg,0,0.8563432097434998,True,VALID
190390.jpg,0,0.8705587387084961,True,VALID
190390.jpg,1,0.8615512251853943,True,VALID
190390.jpg,2,0.8371677398681641,True,VALID
240325.jpg,0,0.5212817192077637,True,FALSE_POSITIVE
240386.jpg,0,0.8270502090454102,True,VALID
200283.jpg,0,0.7613620162010193,True,VALID
200283.jpg,1,0.7001327276229858,True,VALID
200099.jpg,0,0.8609491586685181,True,VALID
200099.jpg,1,0.856476366519928,True,VALID
200099.jpg,2,0.854724109172821,True,VALID
190474.jpg,0,0.8764251470565796,True,VALID
190474.jpg,1,0.8381984829902649,True,VALID
190474.jpg,2,0.6422690749168396,True,VALID
190474.jpg,3,0.4618568420410156,True,VALID
260269.jpg,0,0.8529919981956482,True,VALID
230308.jpg,0,0.7540552020072937,True,VALID
230308.jpg,1,0.7264623641967773,True,VALID
230308.jpg,2,0.6965031027793884,False,UNCERTAIN
230308.jpg,3,0.6889492869377136,True,VALID
230308.jpg,4,0.6558089256286621,True,VALID
230308.jpg,5,0.5362612009048462,True,VALID
230308.jpg,6,0.39970555901527405,False,UNCERTAIN
230308.jpg,7,0.33816781640052795,False,UNCERTAIN
230308.jpg,8,,,
190762.jpg,0,0.841448187828064,True,VALID
190762.jpg,1,0.4690598249435425,True,FALSE_POSITIVE
220011.jpg,0,0.7874669432640076,True,VALID
220061.jpg,0,0.8286003470420837,True,VALID
220061.jpg,1,0.7762938737869263,True,VALID
220061.jpg,2,0.750080943107605,True,VALID
220061.jpg,3,0.650249719619751,True,VALID
190185.jpg,0,0.8223920464515686,True,VALID
190185.jpg,1,0.808646559715271,True,VALID
190185.jpg,2,0.6381110548973083,True,VALID
190185.jpg,3,0.615825355052948,True,VALID
190185.jpg,4,0.309624046087265,True,VALID
210315.jpg,0,0.7979760766029358,True,VALID
210315.jpg,1,0.7458639740943909,True,FALSE_POSITIVE
210315.jpg,2,0.7255687117576599,True,VALID
210315.jpg,3,0.6858851313591003,True,VALID
210315.jpg,4,0.6334136128425598,True,VALID
210315.jpg,5,0.5941653251647949,True,VALID
210315.jpg,6,0.45502954721450806,True,VALID
190517.jpg,0,0.8848559856414795,True,VALID
220047.jpg,0,0.8370806574821472,True,VALID
220047.jpg,1,0.566059947013855,True,VALID
260146.jpg,0,0.8644411563873291,True,VALID
260146.jpg,1,0.858884334564209,True,VALID
210389.jpg,0,0.8464555144309998,True,VALID
210389.jpg,1,0.8417925834655762,True,VALID
200149.jpg,0,0.7900794148445129,True,VALID
200149.jpg,1,0.7469847202301025,True,VALID
210385.jpg,0,0.8469056487083435,True,VALID
210385.jpg,1,0.8241239786148071,True,VALID
210385.jpg,2,0.8139399290084839,True,VALID
210385.jpg,3,0.7855223417282104,True,VALID
260377.jpg,0,0.8546084761619568,True,FALSE_POSITIVE
230001.jpg,0,0.8449380993843079,True,VALID
230292.jpg,0,0.8611284494400024,True,VALID
230292.jpg,1,0.795182466506958,True,VALID
230292.jpg,2,0.7609760165214539,True,VALID
230292.jpg,3,0.7453576326370239,True,UNCERTAIN
190188.jpg,0,0.8545316457748413,True,VALID
190188.jpg,1,0.8119423389434814,True,VALID
190188.jpg,2,0.6586332321166992,True,VALID
190296.jpg,0,0.8646619915962219,True,VALID
190797.jpg,0,0.8589268922805786,True,VALID
190797.jpg,1,0.848926842212677,True,VALID
200292.jpg,0,0.8237412571907043,True,VALID
200292.jpg,1,0.792239248752594,True,VALID
190484.jpg,0,0.8274733424186707,True,VALID
190484.jpg,1,0.8159423470497131,True,VALID
210436.jpg,0,0.8458852767944336,True,VALID
210262.jpg,0,0.8450496792793274,True,VALID
210262.jpg,1,0.8305718302726746,True,VALID
190211.jpg,0,0.8554736971855164,True,VALID
190211.jpg,1,0.5679415464401245,True,VALID
220341.jpg,0,0.7657973170280457,True,VALID
220341.jpg,1,0.5936236381530762,True,VALID
220099.jpg,0,0.821570098400116,True,VALID
220099.jpg,1,0.8074943423271179,True,VALID
220099.jpg,2,0.7400407791137695,True,VALID
190352.jpg,0,0.8554741144180298,True,VALID
200312.jpg,0,0.8253271579742432,True,VALID
200312.jpg,1,0.7370274662971497,True,VALID
200312.jpg,2,,,
260196.jpg,0,0.8565648794174194,True,VALID
260196.jpg,1,0.8487808704376221,True,VALID
220217.jpg,0,0.8743085861206055,True,VALID
220217.jpg,1,0.8610226511955261,True,VALID
220163.jpg,0,0.6490424871444702,True,VALID
260345.jpg,0,0.8699789643287659,True,VALID
260345.jpg,1,0.8338684439659119,True,VALID
260345.jpg,2,0.6655729413032532,True,VALID
210128.jpg,0,0.8623161315917969,True,VALID
210128.jpg,1,0.8517893552780151,True,VALID
210128.jpg,2,0.8446348309516907,True,VALID
210128.jpg,3,0.7085208892822266,True,VALID
210128.jpg,4,0.325227290391922,True,FALSE_POSITIVE
220368.jpg,0,,,
240220.jpg,0,0.8439945578575134,True,VALID
240220.jpg,1,0.7135082483291626,True,VALID
240220.jpg,2,0.6536491513252258,True,VALID
240220.jpg,3,,,
240469.jpg,0,0.8590057492256165,True,VALID
240469.jpg,1,0.7774198055267334,True,VALID
240321.jpg,0,0.8233522772789001,True,VALID
190539.jpg,0,0.8654966950416565,True,VALID
190539.jpg,1,0.8531445860862732,True,VALID
190539.jpg,2,0.8389496207237244,True,VALID
190539.jpg,3,0.8188030123710632,True,VALID
190539.jpg,4,0.8179519772529602,True,VALID
190539.jpg,5,0.8171856999397278,True,VALID
190539.jpg,6,0.8139402866363525,True,VALID
190539.jpg,7,0.6165584921836853,True,VALID
200087.jpg,0,0.856147289276123,True,VALID
200087.jpg,1,0.7146960496902466,True,VALID
260020.jpg,0,0.8612572550773621,True,VALID
260020.jpg,1,0.8588150143623352,True,VALID
260020.jpg,2,0.8337829113006592,True,VALID
260020.jpg,3,0.8217759132385254,True,VALID
260020.jpg,4,0.7973490357398987,True,VALID
260020.jpg,5,0.5469779968261719,True,VALID
260020.jpg,6,0.32516616582870483,False,VALID
190597.jpg,0,0.8658716678619385,True,VALID
190350.jpg,0,0.8542929887771606,True,VALID
190350.jpg,1,0.8519178628921509,True,VALID
240319.jpg,0,0.8031960725784302,True,VALID
240319.jpg,1,0.4149245619773865,False,VALID
240319.jpg,2,,,
240319.jpg,3,,,
230195.jpg,0,0.8432496786117554,True,VALID
230195.jpg,1,0.791565477848053,True,VALID
230195.jpg,2,0.7350410223007202,True,VALID
230195.jpg,3,0.5127238035202026,True,UNCERTAIN
260265.jpg,0,0.8691996932029724,True,VALID
260265.jpg,1,0.8239596486091614,True,VALID
230017.jpg,0,0.8370885848999023,True,VALID
210179.jpg,0,0.7918826937675476,True,VALID
230180.jpg,0,0.8448081612586975,True,VALID
230180.jpg,1,0.8251184225082397,True,VALID
230180.jpg,2,0.8108239769935608,True,VALID
230180.jpg,3,0.8013009428977966,True,VALID
200131.jpg,0,0.8303053975105286,True,VALID
200131.jpg,1,0.7496934533119202,True,VALID
200233.jpg,0,0.8338226675987244,True,VALID
220363.jpg,0,0.8611243367195129,True,VALID
260078.jpg,0,0.7681455612182617,True,VALID
260078.jpg,1,0.4757147431373596,True,VALID
190251.jpg,0,0.7687863707542419,True,VALID
210033.jpg,0,0.8575724363327026,True,VALID
210033.jpg,1,0.8517674803733826,True,VALID
210033.jpg,2,0.8503832221031189,True,VALID
200174.jpg,0,0.8486784100532532,True,VALID
190195.jpg,0,0.8503760695457458,True,VALID
240471.jpg,0,0.8517592549324036,True,VALID
260292.jpg,0,0.849966824054718,True,VALID
260292.jpg,1,0.841684877872467,True,VALID
260292.jpg,2,0.755113959312439,True,VALID
210424.jpg,0,0.8382636904716492,True,VALID
210424.jpg,1,0.8310878276824951,True,VALID
210424.jpg,2,0.804242730140686,True,VALID
210424.jpg,3,0.7978604435920715,True,VALID
240439.jpg,0,0.8254454731941223,False,VALID
240439.jpg,1,,,
240189.jpg,0,0.7777556777000427,True,UNCERTAIN
190411.jpg,0,0.8833264112472534,True,VALID
220009.jpg,0,0.8395541906356812,True,VALID
230165.jpg,0,0.8587879538536072,True,VALID
230165.jpg,1,0.7210193872451782,True,VALID
230165.jpg,2,0.44916772842407227,True,FALSE_POSITIVE
240308.jpg,0,0.817812442779541,True,VALID
240308.jpg,1,0.732047975063324,False,FALSE_POSITIVE
240308.jpg,2,,,
240308.jpg,3,,,
190446.jpg,0,0.850908100605011,True,VALID
230051.jpg,0,0.8585113286972046,True,VALID
230051.jpg,1,0.37457776069641113,True,FALSE_POSITIVE
240201.jpg,0,0.8228262066841125,True,VALID
240201.jpg,1,0.7871830463409424,True,VALID
240201.jpg,2,0.6867398619651794,True,VALID
210065.jpg,0,0.8122376203536987,True,VALID
210055.jpg,0,0.8505059480667114,True,VALID
210055.jpg,1,0.8043373823165894,True,VALID
210055.jpg,2,0.7865328192710876,True,VALID
210055.jpg,3,0.3712325692176819,True,VALID
230266.jpg,0,0.8337817192077637,True,VALID
230266.jpg,1,0.6827336549758911,True,VALID
230414.jpg,0,0.8683019876480103,True,VALID
230414.jpg,1,0.8479036688804626,True,VALID
230121.jpg,0,0.7474201321601868,True,VALID
230121.jpg,1,0.7292336225509644,True,VALID
230121.jpg,2,,,
210247.jpg,0,0.8501954078674316,True,VALID
210247.jpg,1,0.7587808966636658,True,VALID
210247.jpg,2,0.6731898188591003,True,VALID
220183.jpg,0,0.8153117299079895,True,VALID
220183.jpg,1,0.7906724214553833,True,VALID
190297.jpg,0,0.8715226054191589,True,VALID
190343.jpg,0,0.8873863816261292,True,VALID
190343.jpg,1,0.8264118432998657,True,VALID
190343.jpg,2,0.6101948022842407,True,VALID
260413.jpg,0,0.8584992289543152,True,VALID
260413.jpg,1,,,
210102.jpg,0,0.7836071252822876,True,VALID
260501.jpg,0,0.8470498323440552,True,VALID
260501.jpg,1,0.8416411876678467,True,VALID
260501.jpg,2,0.6636055111885071,True,VALID
190769.jpg,0,0.8803860545158386,True,VALID
190769.jpg,1,0.8784707188606262,True,VALID
190769.jpg,2,0.877138614654541,True,VALID
190769.jpg,3,0.8662319183349609,True,VALID
260139.jpg,0,0.8293327689170837,True,VALID
260139.jpg,1,0.7325535416603088,True,VALID
260139.jpg,2,0.4693516194820404,True,VALID
260139.jpg,3,0.42495620250701904,True,VALID
200268.jpg,0,0.8627719283103943,True,VALID
190808.jpg,0,0.8610337972640991,True,VALID
240405.jpg,0,0.7134961485862732,True,VALID
210296.jpg,0,0.8086805939674377,True,VALID
210426.jpg,0,0.8373346924781799,True,VALID
240020.jpg,0,0.8396260142326355,True,VALID
260172.jpg,0,0.8439273834228516,True,VALID
260172.jpg,1,,,
240126.jpg,0,0.6704888343811035,True,VALID
240126.jpg,1,0.664813220500946,True,VALID
240126.jpg,2,0.469265878200531,True,VALID
240126.jpg,3,,,
210432.jpg,0,0.805176317691803,True,VALID
210432.jpg,1,0.7890107035636902,True,VALID
210432.jpg,2,,,
230057.jpg,0,0.8585273623466492,True,VALID
260325.jpg,0,0.8335410356521606,True,VALID
260325.jpg,1,0.8139200806617737,True,VALID
260325.jpg,2,0.808692216873169,True,VALID
260325.jpg,3,0.6415629982948303,True,VALID
260325.jpg,4,0.6272662878036499,True,VALID
190684.jpg,0,0.8649583458900452,True,VALID
190684.jpg,1,0.8504288196563721,True,VALID
220173.jpg,0,0.778190553188324,True,FALSE_POSITIVE
220173.jpg,1,0.7740841507911682,True,VALID
220173.jpg,2,0.7705393433570862,True,VALID
190807.jpg,0,0.8611456155776978,True,VALID
190807.jpg,1,0.8506972193717957,True,VALID
190421.jpg,0,0.864823579788208,True,VALID
190421.jpg,1,0.8634546399116516,True,VALID
190421.jpg,2,0.7624209523200989,True,FALSE_POSITIVE
200034.jpg,0,0.8276905417442322,True,VALID
200034.jpg,1,0.8162732720375061,True,VALID
220149.jpg,0,0.8455970883369446,True,VALID
220280.jpg,0,0.8161664009094238,True,VALID
230206.jpg,0,0.775126039981842,True,VALID
260525.jpg,0,0.800905704498291,True,VALID
240218.jpg,0,0.8462625741958618,True,VALID
240218.jpg,1,0.8055391311645508,True,VALID
240218.jpg,2,0.8042122721672058,True,VALID
240218.jpg,3,0.40914469957351685,True,UNCERTAIN
260135.jpg,0,0.8549637794494629,True,VALID
210142.jpg,0,0.8533787131309509,True,VALID
210142.jpg,1,0.8314160704612732,True,VALID
210142.jpg,2,0.825614869594574,True,VALID
210142.jpg,3,0.7316964268684387,True,VALID
230133.jpg,0,0.8532129526138306,True,VALID
230133.jpg,1,0.8430960178375244,True,VALID
230133.jpg,2,0.7997063994407654,True,VALID
230133.jpg,3,0.7248107194900513,True,VALID
260373.jpg,0,0.8587668538093567,True,VALID
260373.jpg,1,0.8395639061927795,True,VALID
260373.jpg,2,0.8260032534599304,True,VALID
260373.jpg,3,0.8198468089103699,False,VALID
260373.jpg,4,,,
190703.jpg,0,0.844740629196167,True,VALID
190703.jpg,1,0.8422582149505615,True,VALID
190617.jpg,0,0.8635857701301575,True,VALID
190617.jpg,1,0.7554731965065002,True,VALID
260024.jpg,0,0.8523464798927307,True,VALID
260024.jpg,1,0.8479758501052856,True,VALID
260024.jpg,2,0.844692051410675,True,VALID
260024.jpg,3,0.8194416761398315,True,VALID
260024.jpg,4,0.678439736366272,True,VALID
260024.jpg,5,0.311882883310318,True,FALSE_POSITIVE
260524.jpg,0,0.8685773611068726,True,VALID
260524.jpg,1,0.6390548348426819,True,VALID
210390.jpg,0,0.8484920263290405,True,VALID
210390.jpg,1,0.8456650972366333,True,VALID
190168.jpg,0,0.8230724334716797,True,VALID
210111.jpg,0,0.7904289364814758,True,VALID
210111.jpg,1,0.7644907832145691,True,VALID
210111.jpg,2,0.6718077659606934,True,VALID
210111.jpg,3,0.6611642241477966,True,VALID
210111.jpg,4,0.6058633923530579,True,VALID
260126.jpg,0,0.8382894396781921,True,VALID
260126.jpg,1,0.4484559893608093,True,VALID
260126.jpg,2,0.377498060464859,True,VALID
190450.jpg,0,0.8523048758506775,True,VALID
190319.jpg,0,0.8378201723098755,True,VALID
190319.jpg,1,0.6382682919502258,True,VALID
240407.jpg,0,0.8513752222061157,True,VALID
240407.jpg,1,0.6999568939208984,False,FALSE_POSITIVE
190011.jpg,0,0.8743093013763428,True,VALID
190011.jpg,1,0.4195663332939148,True,FALSE_POSITIVE
220064.jpg,0,0.8770749568939209,True,VALID
220064.jpg,1,0.8769603371620178,True,VALID
210043.jpg,0,0.7838917374610901,True,VALID
210043.jpg,1,0.7610014081001282,True,VALID
210043.jpg,2,0.7257710695266724,True,VALID
210043.jpg,3,0.6397175788879395,True,VALID
210043.jpg,4,0.48072218894958496,True,FALSE_POSITIVE
260131.jpg,0,0.8609980344772339,True,VALID
260131.jpg,1,0.8494378328323364,True,VALID
260131.jpg,2,0.6418455839157104,True,VALID
260131.jpg,3,0.5137891173362732,True,VALID
230457.jpg,0,0.7975347638130188,True,VALID
230457.jpg,1,,,
190740.jpg,0,0.8185392618179321,True,VALID
190740.jpg,1,0.8139972686767578,True,VALID
190740.jpg,2,0.8023765683174133,True,VALID
260425.jpg,0,0.8293135166168213,True,VALID
260425.jpg,1,0.7796198129653931,True,VALID
260425.jpg,2,0.7271872162818909,True,VALID
230023.jpg,0,0.8514689207077026,True,VALID
230023.jpg,1,0.8394126296043396,True,VALID
230168.jpg,0,0.8462706804275513,True,VALID
230168.jpg,1,0.8295401930809021,True,VALID
230168.jpg,2,0.7990124225616455,True,VALID
230221.jpg,0,0.8734310269355774,True,VALID
230221.jpg,1,0.7569740414619446,True,VALID
190222.jpg,0,0.8648166060447693,True,VALID
190222.jpg,1,0.8426944613456726,True,VALID
190222.jpg,2,0.31927040219306946,False,FALSE_POSITIVE
230302.jpg,0,0.8516393899917603,True,VALID
230302.jpg,1,0.3767346143722534,False,FALSE_POSITIVE
240086.jpg,0,0.7350470423698425,True,VALID
240086.jpg,1,0.5934473872184753,True,VALID
260355.jpg,0,0.7764226794242859,True,VALID
260355.jpg,1,0.7469156980514526,True,VALID
240388.jpg,0,0.815939724445343,True,VALID
240388.jpg,1,0.7801339626312256,True,VALID
240388.jpg,2,0.7372298240661621,True,VALID
240388.jpg,3,0.28724387288093567,False,VALID
240429.jpg,0,0.2928321361541748,True,FALSE_POSITIVE
